-- phpMyAdmin SQL Dump
-- version 3.5.4
-- http://www.phpmyadmin.net
--
-- Host: localhost
-- Generation Time: Mar 26, 2013 at 09:05 PM
-- Server version: 5.5.27
-- PHP Version: 5.4.7

SET SQL_MODE="NO_AUTO_VALUE_ON_ZERO";
SET time_zone = "+00:00";

--
-- Database: `board`
--

-- --------------------------------------------------------

--
-- Table structure for table `acl_groups`
--

CREATE TABLE IF NOT EXISTS `acl_groups` (
  `group_id` mediumint(8) unsigned NOT NULL DEFAULT '0',
  `forum_id` mediumint(8) unsigned NOT NULL DEFAULT '0',
  `auth_option_id` mediumint(8) unsigned NOT NULL DEFAULT '0',
  `auth_role_id` mediumint(8) unsigned NOT NULL DEFAULT '0',
  `auth_setting` tinyint(2) NOT NULL DEFAULT '0',
  KEY `group_id` (`group_id`),
  KEY `auth_opt_id` (`auth_option_id`),
  KEY `auth_role_id` (`auth_role_id`)
) ENGINE=MyISAM DEFAULT CHARSET=utf8 COLLATE=utf8_bin;

--
-- Dumping data for table `acl_groups`
--

INSERT INTO `acl_groups` (`group_id`, `forum_id`, `auth_option_id`, `auth_role_id`, `auth_setting`) VALUES
(5, 0, 51, 0, 1),
(3, 0, 0, 6, 0),
(4, 0, 33, 0, 1),
(7, 0, 96, 0, 0),
(5, 321, 2, 0, 1),
(5, 0, 201, 0, 1),
(4, 0, 89, 0, 1),
(4, 0, 158, 0, 1),
(5, 0, 73, 0, 1),
(5, 0, 108, 0, 1),
(4, 0, 145, 0, 1),
(5, 328, 1, 0, 1),
(5, 0, 198, 0, 1),
(5, 0, 195, 0, 1),
(5, 0, 170, 0, 1),
(5, 0, 107, 0, 1),
(1, 283, 20, 0, 1),
(5, 0, 262, 0, 1),
(5, 328, 30, 0, 1),
(5, 0, 202, 0, 1),
(5, 0, 148, 0, 1),
(5, 0, 145, 0, 1),
(5, 0, 196, 0, 1),
(4, 0, 196, 0, 1),
(4, 0, 87, 0, 1),
(7, 0, 97, 0, 0),
(5, 0, 268, 0, 1),
(5, 0, 33, 0, 1),
(5, 0, 81, 0, 1),
(4, 0, 116, 0, 1),
(5, 0, 63, 0, 1),
(5, 0, 58, 0, 1),
(5, 0, 78, 0, 1),
(5, 0, 72, 0, 1),
(5, 0, 47, 0, 1),
(5, 0, 169, 0, 1),
(5, 0, 118, 0, 1),
(5, 0, 83, 0, 1),
(5, 0, 75, 0, 1),
(5, 0, 70, 0, 1),
(5, 0, 50, 0, 1),
(5, 0, 80, 0, 1),
(5, 0, 60, 0, 1),
(5, 0, 151, 0, 1),
(5, 0, 153, 0, 1),
(5, 0, 171, 0, 1),
(5, 0, 77, 0, 1),
(5, 0, 84, 0, 1),
(5, 0, 68, 0, 1),
(5, 328, 29, 0, 1),
(5, 0, 39, 0, 1),
(5, 0, 56, 0, 1),
(4, 0, 92, 0, 1),
(4, 0, 195, 0, 1),
(4, 0, 200, 0, 1),
(4, 0, 197, 0, 1),
(4, 0, 201, 0, 1),
(2, 0, 85, 0, 1),
(2, 0, 148, 0, 1),
(2, 0, 146, 0, 0),
(2, 0, 143, 0, 1),
(2, 0, 147, 0, 0),
(2, 0, 145, 0, 1),
(2, 0, 144, 0, 0),
(2, 0, 114, 0, 1),
(2, 0, 109, 0, 1),
(2, 0, 106, 0, 1),
(2, 0, 105, 0, 1),
(2, 0, 103, 0, 1),
(2, 0, 102, 0, 1),
(2, 0, 101, 0, 1),
(2, 0, 100, 0, 1),
(2, 0, 99, 0, 1),
(2, 0, 98, 0, 0),
(2, 0, 96, 0, 1),
(2, 0, 113, 0, 1),
(2, 0, 112, 0, 1),
(2, 0, 111, 0, 1),
(2, 0, 120, 0, 1),
(2, 0, 119, 0, 1),
(2, 0, 94, 0, 1),
(5, 0, 36, 0, 1),
(5, 0, 92, 0, 1),
(5, 0, 106, 0, 1),
(5, 0, 105, 0, 1),
(5, 0, 100, 0, 1),
(5, 0, 89, 0, 1),
(5, 0, 87, 0, 1),
(5, 0, 120, 0, 1),
(5, 0, 203, 0, 1),
(5, 0, 199, 0, 1),
(5, 0, 112, 0, 1),
(5, 0, 94, 0, 1),
(5, 0, 141, 0, 1),
(5, 0, 140, 0, 1),
(5, 0, 97, 0, 1),
(5, 0, 85, 0, 1),
(5, 0, 99, 0, 1),
(5, 0, 260, 0, 1),
(4, 0, 170, 0, 1),
(5, 0, 104, 0, 1),
(5, 0, 160, 0, 1),
(5, 0, 152, 0, 1),
(5, 0, 113, 0, 1),
(4, 0, 109, 0, 1),
(4, 0, 263, 0, 1),
(4, 0, 160, 0, 1),
(4, 0, 105, 0, 1),
(4, 0, 143, 0, 1),
(4, 0, 198, 0, 1),
(4, 0, 103, 0, 1),
(4, 0, 98, 0, 1),
(4, 0, 199, 0, 0),
(4, 0, 119, 0, 1),
(4, 0, 97, 0, 1),
(4, 0, 262, 0, 1),
(5, 328, 16, 0, 1),
(4, 0, 161, 0, 1),
(5, 0, 95, 0, 1),
(4, 0, 260, 0, 1),
(4, 0, 117, 0, 1),
(4, 0, 86, 0, 1),
(4, 0, 115, 0, 1),
(4, 0, 113, 0, 1),
(5, 0, 261, 0, 1),
(5, 0, 109, 0, 1),
(5, 0, 88, 0, 1),
(5, 0, 143, 0, 1),
(5, 0, 265, 0, 1),
(5, 0, 114, 0, 1),
(5, 0, 103, 0, 1),
(5, 0, 57, 0, 1),
(2, 0, 117, 0, 1),
(2, 0, 92, 0, 1),
(2, 0, 91, 0, 0),
(2, 0, 167, 0, 1),
(2, 0, 90, 0, 1),
(2, 0, 89, 0, 1),
(5, 0, 139, 0, 1),
(5, 0, 266, 0, 1),
(5, 0, 166, 0, 1),
(5, 0, 82, 0, 1),
(5, 0, 96, 0, 1),
(5, 0, 263, 0, 1),
(5, 0, 101, 0, 1),
(5, 0, 115, 0, 1),
(2, 255, 0, 16, 0),
(5, 0, 194, 0, 1),
(2, 0, 87, 0, 1),
(4, 255, 2, 0, 1),
(5, 323, 30, 0, 1),
(5, 254, 1, 0, 1),
(4, 254, 0, 14, 0),
(2, 254, 0, 16, 0),
(5, 0, 46, 0, 1),
(5, 0, 48, 0, 1),
(5, 0, 53, 0, 1),
(5, 260, 16, 0, 1),
(5, 328, 23, 0, 1),
(5, 328, 168, 0, 1),
(1, 328, 1, 0, 1),
(1, 328, 122, 0, 1),
(1, 328, 27, 0, 1),
(1, 328, 19, 0, 1),
(1, 328, 7, 0, 1),
(1, 328, 21, 0, 1),
(1, 328, 20, 0, 1),
(1, 328, 17, 0, 0),
(4, 297, 9, 0, 1),
(4, 299, 8, 0, 1),
(5, 256, 16, 0, 1),
(4, 314, 27, 0, 1),
(4, 300, 27, 0, 1),
(4, 296, 9, 0, 1),
(4, 297, 8, 0, 1),
(5, 256, 29, 0, 1),
(4, 299, 27, 0, 1),
(4, 297, 27, 0, 1),
(4, 295, 9, 0, 1),
(4, 296, 8, 0, 1),
(5, 256, 30, 0, 1),
(4, 296, 27, 0, 1),
(4, 295, 27, 0, 1),
(4, 294, 27, 0, 1),
(4, 292, 27, 0, 1),
(5, 260, 23, 0, 1),
(5, 293, 16, 0, 1),
(4, 294, 9, 0, 1),
(4, 295, 8, 0, 1),
(5, 256, 1, 0, 1),
(5, 293, 29, 0, 1),
(4, 256, 11, 0, 1),
(5, 293, 30, 0, 1),
(2, 275, 0, 16, 0),
(4, 256, 14, 0, 1),
(5, 293, 1, 0, 1),
(2, 293, 1, 0, 1),
(4, 256, 17, 0, 1),
(2, 293, 23, 0, 1),
(2, 293, 18, 0, 1),
(2, 328, 1, 0, 1),
(4, 256, 20, 0, 1),
(4, 314, 28, 0, 1),
(2, 293, 15, 0, 1),
(2, 293, 122, 0, 1),
(2, 328, 15, 0, 1),
(4, 300, 28, 0, 1),
(4, 256, 21, 0, 1),
(4, 299, 28, 0, 1),
(4, 297, 28, 0, 1),
(4, 296, 28, 0, 1),
(4, 295, 28, 0, 1),
(4, 294, 28, 0, 1),
(4, 292, 28, 0, 1),
(4, 257, 1, 0, 1),
(2, 293, 121, 0, 1),
(2, 293, 27, 0, 1),
(2, 328, 122, 0, 1),
(4, 256, 26, 0, 1),
(4, 293, 1, 0, 1),
(2, 293, 22, 0, 1),
(2, 328, 22, 0, 1),
(4, 256, 3, 0, 1),
(4, 293, 30, 0, 0),
(2, 293, 9, 0, 1),
(2, 328, 8, 0, 1),
(4, 256, 4, 0, 1),
(4, 293, 23, 0, 1),
(2, 293, 8, 0, 1),
(2, 328, 25, 0, 1),
(4, 256, 7, 0, 1),
(2, 276, 0, 16, 0),
(4, 293, 18, 0, 1),
(2, 293, 25, 0, 1),
(2, 321, 0, 16, 0),
(4, 256, 13, 0, 1),
(2, 324, 0, 16, 0),
(2, 274, 0, 16, 0),
(2, 315, 0, 16, 0),
(2, 316, 0, 16, 0),
(2, 317, 0, 16, 0),
(4, 314, 12, 0, 1),
(4, 293, 168, 0, 1),
(2, 293, 24, 0, 1),
(4, 328, 1, 0, 1),
(4, 300, 12, 0, 1),
(4, 256, 24, 0, 1),
(4, 299, 12, 0, 1),
(4, 297, 12, 0, 1),
(4, 296, 12, 0, 1),
(4, 295, 12, 0, 1),
(4, 294, 12, 0, 1),
(4, 292, 12, 0, 1),
(4, 257, 30, 0, 0),
(4, 293, 15, 0, 1),
(4, 328, 29, 0, 1),
(4, 256, 25, 0, 1),
(4, 293, 122, 0, 1),
(4, 328, 23, 0, 1),
(4, 256, 6, 0, 1),
(4, 293, 121, 0, 1),
(4, 328, 168, 0, 1),
(4, 256, 8, 0, 1),
(5, 336, 0, 14, 1),
(5, 335, 0, 14, 1),
(5, 305, 0, 14, 1),
(5, 285, 0, 14, 1),
(4, 336, 1, 0, 1),
(4, 336, 17, 0, 1),
(4, 335, 1, 0, 1),
(4, 293, 12, 0, 1),
(4, 335, 17, 0, 1),
(4, 305, 1, 0, 1),
(4, 305, 17, 0, 1),
(4, 285, 1, 0, 1),
(4, 285, 17, 0, 1),
(4, 334, 1, 0, 1),
(4, 334, 17, 0, 1),
(4, 328, 15, 0, 1),
(4, 256, 9, 0, 1),
(5, 334, 0, 14, 1),
(4, 293, 28, 0, 1),
(4, 328, 122, 0, 1),
(4, 256, 22, 0, 1),
(4, 293, 27, 0, 1),
(4, 314, 121, 0, 1),
(4, 300, 121, 0, 1),
(4, 299, 121, 0, 1),
(4, 297, 121, 0, 1),
(4, 296, 121, 0, 1),
(4, 295, 121, 0, 1),
(4, 294, 121, 0, 1),
(4, 328, 12, 0, 1),
(4, 292, 121, 0, 1),
(4, 256, 27, 0, 1),
(4, 257, 23, 0, 1),
(4, 293, 22, 0, 1),
(4, 328, 28, 0, 1),
(4, 293, 9, 0, 1),
(4, 256, 28, 0, 1),
(4, 293, 8, 0, 1),
(4, 328, 27, 0, 1),
(4, 256, 12, 0, 1),
(4, 293, 6, 0, 1),
(4, 328, 22, 0, 1),
(4, 256, 121, 0, 1),
(4, 293, 25, 0, 1),
(4, 328, 8, 0, 1),
(4, 256, 122, 0, 1),
(4, 293, 24, 0, 1),
(4, 314, 122, 0, 1),
(4, 300, 122, 0, 1),
(4, 328, 6, 0, 1),
(4, 299, 122, 0, 1),
(4, 256, 15, 0, 1),
(4, 297, 122, 0, 1),
(4, 296, 122, 0, 1),
(4, 295, 122, 0, 1),
(4, 294, 122, 0, 1),
(4, 292, 122, 0, 1),
(4, 293, 13, 0, 1),
(4, 257, 18, 0, 1),
(4, 328, 25, 0, 1),
(4, 256, 168, 0, 1),
(4, 293, 7, 0, 1),
(4, 328, 24, 0, 1),
(2, 293, 13, 0, 1),
(4, 256, 18, 0, 1),
(4, 293, 4, 0, 1),
(4, 328, 26, 0, 1),
(2, 293, 7, 0, 1),
(4, 256, 23, 0, 1),
(4, 293, 3, 0, 1),
(4, 328, 21, 0, 1),
(2, 293, 4, 0, 1),
(4, 293, 26, 0, 1),
(4, 256, 16, 0, 1),
(4, 293, 21, 0, 1),
(4, 328, 20, 0, 1),
(2, 293, 3, 0, 1),
(4, 256, 29, 0, 1),
(4, 314, 15, 0, 1),
(4, 300, 15, 0, 1),
(4, 299, 15, 0, 1),
(4, 297, 15, 0, 1),
(4, 296, 15, 0, 1),
(4, 295, 15, 0, 1),
(4, 293, 20, 0, 1),
(4, 294, 15, 0, 1),
(4, 328, 17, 0, 1),
(2, 293, 21, 0, 1),
(4, 292, 15, 0, 1),
(4, 256, 30, 0, 0),
(4, 257, 168, 0, 1),
(4, 293, 14, 0, 1),
(4, 328, 14, 0, 1),
(2, 293, 20, 0, 1),
(4, 256, 1, 0, 1),
(4, 293, 11, 0, 1),
(1, 328, 14, 0, 1),
(1, 256, 0, 17, 0),
(1, 260, 0, 17, 0),
(1, 301, 0, 17, 0),
(1, 293, 0, 17, 0),
(1, 286, 0, 17, 0),
(2, 328, 24, 0, 1),
(2, 256, 0, 17, 0),
(2, 260, 1, 0, 1),
(2, 301, 0, 17, 0),
(2, 293, 14, 0, 1),
(2, 286, 0, 17, 0),
(2, 258, 29, 0, 1),
(2, 296, 1, 0, 1),
(4, 300, 7, 0, 1),
(2, 295, 1, 0, 1),
(4, 314, 168, 0, 1),
(4, 300, 168, 0, 1),
(4, 299, 168, 0, 1),
(4, 297, 168, 0, 1),
(4, 296, 168, 0, 1),
(4, 295, 168, 0, 1),
(4, 294, 168, 0, 1),
(4, 292, 168, 0, 1),
(4, 257, 15, 0, 1),
(4, 299, 7, 0, 1),
(2, 294, 1, 0, 1),
(4, 297, 7, 0, 1),
(5, 273, 1, 0, 1),
(5, 272, 23, 0, 1),
(5, 271, 23, 0, 1),
(5, 270, 23, 0, 1),
(5, 279, 23, 0, 1),
(5, 269, 23, 0, 1),
(4, 296, 7, 0, 1),
(2, 314, 1, 0, 1),
(2, 273, 0, 16, 0),
(5, 267, 23, 0, 1),
(5, 265, 23, 0, 1),
(5, 263, 23, 0, 1),
(5, 262, 23, 0, 1),
(5, 261, 23, 0, 1),
(2, 258, 23, 0, 1),
(5, 264, 23, 0, 1),
(5, 308, 23, 0, 1),
(5, 284, 23, 0, 1),
(5, 283, 23, 0, 1),
(5, 282, 23, 0, 1),
(5, 281, 23, 0, 1),
(5, 280, 23, 0, 1),
(5, 278, 23, 0, 1),
(5, 277, 23, 0, 1),
(4, 295, 7, 0, 1),
(2, 328, 21, 0, 1),
(4, 292, 9, 0, 1),
(4, 294, 8, 0, 1),
(2, 314, 23, 0, 1),
(5, 256, 11, 0, 1),
(5, 273, 30, 0, 1),
(5, 272, 18, 0, 1),
(5, 271, 18, 0, 1),
(5, 270, 18, 0, 1),
(5, 279, 18, 0, 1),
(5, 269, 18, 0, 1),
(5, 268, 1, 0, 1),
(5, 267, 18, 0, 1),
(5, 265, 18, 0, 1),
(5, 263, 18, 0, 1),
(5, 262, 18, 0, 1),
(2, 300, 1, 0, 1),
(5, 261, 18, 0, 1),
(5, 259, 1, 0, 1),
(2, 299, 1, 0, 1),
(2, 297, 1, 0, 1),
(2, 296, 23, 0, 1),
(2, 295, 23, 0, 1),
(5, 293, 11, 0, 1),
(2, 294, 23, 0, 1),
(2, 257, 1, 0, 1),
(5, 258, 29, 0, 1),
(5, 264, 18, 0, 1),
(5, 308, 18, 0, 1),
(5, 284, 18, 0, 1),
(5, 283, 18, 0, 1),
(5, 282, 18, 0, 1),
(5, 281, 18, 0, 1),
(2, 328, 20, 0, 1),
(5, 280, 18, 0, 1),
(4, 257, 122, 0, 1),
(4, 292, 8, 0, 1),
(5, 256, 14, 0, 1),
(5, 278, 18, 0, 1),
(5, 277, 18, 0, 1),
(5, 273, 29, 0, 1),
(5, 272, 168, 0, 1),
(5, 271, 168, 0, 1),
(5, 270, 168, 0, 1),
(5, 279, 168, 0, 1),
(5, 269, 168, 0, 1),
(5, 268, 30, 0, 1),
(5, 267, 168, 0, 1),
(5, 265, 168, 0, 1),
(5, 263, 168, 0, 1),
(5, 293, 14, 0, 1),
(5, 262, 168, 0, 1),
(5, 261, 168, 0, 1),
(5, 259, 30, 0, 1),
(5, 258, 16, 0, 1),
(5, 264, 168, 0, 1),
(5, 308, 168, 0, 1),
(5, 284, 168, 0, 1),
(2, 328, 17, 0, 1),
(5, 283, 168, 0, 1),
(4, 257, 12, 0, 1),
(4, 314, 18, 0, 1),
(5, 256, 17, 0, 1),
(5, 282, 168, 0, 1),
(5, 281, 168, 0, 1),
(5, 280, 168, 0, 1),
(5, 278, 168, 0, 1),
(5, 277, 168, 0, 1),
(5, 273, 16, 0, 1),
(5, 272, 15, 0, 1),
(5, 271, 15, 0, 1),
(5, 270, 15, 0, 1),
(5, 279, 15, 0, 1),
(5, 269, 15, 0, 1),
(4, 300, 18, 0, 1),
(5, 268, 29, 0, 1),
(5, 267, 15, 0, 1),
(4, 299, 18, 0, 1),
(4, 297, 18, 0, 1),
(4, 296, 18, 0, 1),
(4, 295, 18, 0, 1),
(5, 293, 17, 0, 1),
(4, 294, 18, 0, 1),
(4, 292, 18, 0, 1),
(4, 257, 28, 0, 1),
(5, 265, 15, 0, 1),
(5, 263, 15, 0, 1),
(5, 262, 15, 0, 1),
(5, 261, 15, 0, 1),
(5, 259, 29, 0, 1),
(5, 258, 23, 0, 1),
(2, 328, 14, 0, 1),
(5, 264, 15, 0, 1),
(5, 256, 20, 0, 1),
(5, 329, 0, 16, 1),
(5, 308, 15, 0, 1),
(5, 284, 15, 0, 1),
(5, 283, 15, 0, 1),
(5, 282, 15, 0, 1),
(5, 281, 15, 0, 1),
(5, 280, 15, 0, 1),
(5, 278, 15, 0, 1),
(5, 277, 15, 0, 1),
(5, 293, 20, 0, 1),
(2, 258, 18, 0, 1),
(5, 256, 21, 0, 1),
(5, 273, 23, 0, 1),
(5, 272, 122, 0, 1),
(5, 293, 21, 0, 1),
(5, 271, 122, 0, 1),
(5, 270, 122, 0, 1),
(5, 279, 122, 0, 1),
(5, 269, 122, 0, 1),
(5, 268, 16, 0, 1),
(5, 267, 122, 0, 1),
(5, 265, 122, 0, 1),
(2, 300, 23, 0, 1),
(5, 263, 122, 0, 1),
(5, 262, 122, 0, 1),
(5, 261, 122, 0, 1),
(5, 259, 16, 0, 1),
(5, 258, 18, 0, 1),
(5, 264, 122, 0, 1),
(5, 308, 122, 0, 1),
(5, 284, 122, 0, 1),
(5, 283, 122, 0, 1),
(5, 282, 122, 0, 1),
(5, 281, 122, 0, 1),
(5, 280, 122, 0, 1),
(5, 278, 122, 0, 1),
(5, 277, 122, 0, 1),
(4, 294, 7, 0, 1),
(5, 273, 18, 0, 1),
(5, 272, 121, 0, 1),
(5, 271, 121, 0, 1),
(5, 270, 121, 0, 1),
(5, 279, 121, 0, 1),
(5, 328, 15, 0, 1),
(5, 269, 121, 0, 1),
(2, 314, 18, 0, 1),
(5, 256, 26, 0, 1),
(5, 268, 23, 0, 1),
(5, 267, 121, 0, 1),
(5, 265, 121, 0, 1),
(5, 263, 121, 0, 1),
(5, 262, 121, 0, 1),
(5, 261, 121, 0, 1),
(5, 259, 23, 0, 1),
(5, 258, 168, 0, 1),
(5, 264, 121, 0, 1),
(5, 308, 121, 0, 1),
(5, 284, 121, 0, 1),
(5, 283, 121, 0, 1),
(2, 300, 18, 0, 1),
(5, 282, 121, 0, 1),
(5, 281, 121, 0, 1),
(2, 299, 23, 0, 1),
(2, 297, 23, 0, 1),
(2, 296, 18, 0, 1),
(2, 295, 18, 0, 1),
(5, 293, 26, 0, 1),
(2, 294, 18, 0, 1),
(2, 257, 23, 0, 1),
(5, 280, 121, 0, 1),
(5, 278, 121, 0, 1),
(5, 277, 121, 0, 1),
(4, 314, 6, 0, 1),
(5, 328, 122, 0, 1),
(5, 256, 3, 0, 1),
(5, 293, 3, 0, 1),
(4, 300, 6, 0, 1),
(4, 314, 23, 0, 1),
(5, 256, 2, 0, 1),
(4, 314, 25, 0, 1),
(4, 300, 23, 0, 1),
(4, 299, 23, 0, 1),
(4, 297, 23, 0, 1),
(4, 296, 23, 0, 1),
(4, 295, 23, 0, 1),
(5, 293, 2, 0, 1),
(4, 294, 23, 0, 1),
(4, 292, 23, 0, 1),
(4, 257, 27, 0, 1),
(4, 299, 6, 0, 1),
(6, 328, 0, 16, 0),
(6, 256, 0, 17, 0),
(5, 273, 168, 0, 1),
(5, 272, 28, 0, 1),
(5, 271, 28, 0, 1),
(5, 270, 28, 0, 1),
(5, 279, 28, 0, 1),
(5, 269, 28, 0, 1),
(6, 260, 0, 17, 0),
(5, 268, 168, 0, 1),
(5, 267, 28, 0, 1),
(5, 265, 28, 0, 1),
(6, 301, 0, 17, 0),
(6, 293, 0, 17, 0),
(6, 286, 0, 17, 0),
(5, 263, 28, 0, 1),
(5, 262, 28, 0, 1),
(5, 261, 28, 0, 1),
(5, 259, 168, 0, 1),
(5, 258, 15, 0, 1),
(5, 264, 28, 0, 1),
(5, 308, 28, 0, 1),
(4, 328, 2, 0, 1),
(5, 284, 28, 0, 1),
(4, 317, 0, 16, 0),
(4, 316, 0, 16, 0),
(4, 315, 0, 29, 0),
(4, 256, 2, 0, 1),
(4, 274, 0, 29, 0),
(5, 283, 28, 0, 1),
(5, 282, 28, 0, 1),
(5, 281, 28, 0, 1),
(5, 280, 28, 0, 1),
(5, 278, 28, 0, 1),
(5, 277, 28, 0, 1),
(5, 273, 15, 0, 1),
(5, 272, 27, 0, 1),
(5, 271, 27, 0, 1),
(5, 270, 27, 0, 1),
(5, 279, 27, 0, 1),
(4, 260, 0, 32, 0),
(5, 269, 27, 0, 1),
(5, 268, 15, 0, 1),
(5, 267, 27, 0, 1),
(4, 301, 0, 17, 0),
(4, 293, 2, 0, 1),
(4, 286, 0, 17, 0),
(5, 265, 27, 0, 1),
(5, 263, 27, 0, 1),
(5, 262, 27, 0, 1),
(5, 261, 27, 0, 1),
(5, 259, 15, 0, 1),
(5, 258, 122, 0, 1),
(5, 264, 27, 0, 1),
(4, 276, 0, 29, 0),
(4, 275, 11, 0, 1),
(5, 308, 27, 0, 1),
(5, 256, 4, 0, 1),
(4, 300, 25, 0, 1),
(5, 284, 27, 0, 1),
(5, 283, 27, 0, 1),
(5, 282, 27, 0, 1),
(5, 281, 27, 0, 1),
(5, 280, 27, 0, 1),
(5, 278, 27, 0, 1),
(5, 277, 27, 0, 1),
(5, 273, 122, 0, 1),
(5, 272, 22, 0, 1),
(5, 271, 22, 0, 1),
(5, 270, 22, 0, 1),
(5, 279, 22, 0, 1),
(5, 269, 22, 0, 1),
(5, 293, 4, 0, 1),
(5, 268, 122, 0, 1),
(5, 267, 22, 0, 1),
(5, 265, 22, 0, 1),
(5, 263, 22, 0, 1),
(5, 262, 22, 0, 1),
(5, 261, 22, 0, 1),
(4, 297, 6, 0, 1),
(5, 259, 122, 0, 1),
(5, 256, 7, 0, 1),
(4, 299, 25, 0, 1),
(5, 258, 121, 0, 1),
(5, 264, 22, 0, 1),
(5, 308, 22, 0, 1),
(5, 284, 22, 0, 1),
(5, 283, 22, 0, 1),
(5, 282, 22, 0, 1),
(5, 281, 22, 0, 1),
(5, 280, 22, 0, 1),
(5, 278, 22, 0, 1),
(5, 277, 22, 0, 1),
(5, 273, 121, 0, 1),
(5, 272, 9, 0, 1),
(5, 271, 9, 0, 1),
(5, 293, 7, 0, 1),
(5, 270, 9, 0, 1),
(5, 279, 9, 0, 1),
(5, 269, 9, 0, 1),
(5, 268, 121, 0, 1),
(5, 267, 9, 0, 1),
(5, 265, 9, 0, 1),
(4, 296, 6, 0, 1),
(5, 263, 9, 0, 1),
(2, 314, 15, 0, 1),
(5, 256, 13, 0, 1),
(4, 297, 25, 0, 1),
(5, 262, 9, 0, 1),
(5, 261, 9, 0, 1),
(5, 259, 121, 0, 1),
(5, 258, 12, 0, 1),
(5, 264, 9, 0, 1),
(5, 308, 9, 0, 1),
(5, 284, 9, 0, 1),
(5, 283, 9, 0, 1),
(5, 282, 9, 0, 1),
(5, 281, 9, 0, 1),
(5, 280, 9, 0, 1),
(5, 278, 9, 0, 1),
(5, 277, 9, 0, 1),
(2, 300, 15, 0, 1),
(2, 299, 18, 0, 1),
(2, 297, 18, 0, 1),
(2, 296, 15, 0, 1),
(2, 295, 15, 0, 1),
(5, 293, 13, 0, 1),
(2, 294, 15, 0, 1),
(2, 257, 18, 0, 1),
(5, 273, 28, 0, 1),
(5, 272, 8, 0, 1),
(5, 271, 8, 0, 1),
(5, 270, 8, 0, 1),
(5, 279, 8, 0, 1),
(5, 269, 8, 0, 1),
(5, 268, 28, 0, 1),
(4, 295, 6, 0, 1),
(4, 314, 22, 0, 1),
(5, 267, 8, 0, 1),
(5, 256, 24, 0, 1),
(4, 296, 25, 0, 1),
(5, 265, 8, 0, 1),
(5, 263, 8, 0, 1),
(5, 262, 8, 0, 1),
(5, 261, 8, 0, 1),
(5, 259, 28, 0, 1),
(5, 258, 28, 0, 1),
(5, 264, 8, 0, 1),
(5, 308, 8, 0, 1),
(5, 284, 8, 0, 1),
(5, 283, 8, 0, 1),
(5, 282, 8, 0, 1),
(5, 281, 8, 0, 1),
(5, 280, 8, 0, 1),
(5, 278, 8, 0, 1),
(5, 293, 24, 0, 1),
(2, 335, 0, 16, 0),
(5, 277, 8, 0, 1),
(4, 294, 6, 0, 1),
(4, 300, 22, 0, 1),
(4, 314, 30, 0, 0),
(5, 256, 25, 0, 1),
(4, 295, 25, 0, 1),
(4, 300, 30, 0, 0),
(4, 299, 30, 0, 0),
(4, 297, 30, 0, 0),
(4, 296, 30, 0, 0),
(4, 295, 30, 0, 0),
(5, 293, 25, 0, 1),
(4, 294, 30, 0, 0),
(4, 292, 30, 0, 0),
(4, 257, 22, 0, 1),
(4, 292, 6, 0, 1),
(4, 299, 22, 0, 1),
(5, 256, 6, 0, 1),
(4, 294, 25, 0, 1),
(5, 293, 6, 0, 1),
(4, 257, 9, 0, 1),
(4, 297, 22, 0, 1),
(2, 299, 15, 0, 1),
(4, 314, 3, 0, 1),
(2, 258, 15, 0, 1),
(4, 292, 7, 0, 1),
(2, 297, 15, 0, 1),
(4, 300, 3, 0, 1),
(5, 273, 27, 0, 1),
(5, 272, 6, 0, 1),
(5, 271, 6, 0, 1),
(5, 270, 6, 0, 1),
(5, 279, 6, 0, 1),
(5, 269, 6, 0, 1),
(5, 268, 27, 0, 1),
(2, 258, 122, 0, 1),
(5, 267, 6, 0, 1),
(5, 265, 6, 0, 1),
(5, 263, 6, 0, 1),
(5, 262, 6, 0, 1),
(5, 261, 6, 0, 1),
(5, 259, 27, 0, 1),
(5, 258, 27, 0, 1),
(5, 264, 6, 0, 1),
(5, 308, 6, 0, 1),
(5, 284, 6, 0, 1),
(4, 257, 8, 0, 1),
(5, 283, 6, 0, 1),
(5, 282, 6, 0, 1),
(5, 281, 6, 0, 1),
(5, 280, 6, 0, 1),
(5, 278, 6, 0, 1),
(5, 277, 6, 0, 1),
(5, 273, 22, 0, 1),
(5, 272, 25, 0, 1),
(5, 271, 25, 0, 1),
(5, 270, 25, 0, 1),
(5, 279, 25, 0, 1),
(5, 269, 25, 0, 1),
(5, 268, 22, 0, 1),
(5, 267, 25, 0, 1),
(5, 265, 25, 0, 1),
(5, 263, 25, 0, 1),
(5, 262, 25, 0, 1),
(5, 261, 25, 0, 1),
(5, 259, 22, 0, 1),
(5, 258, 22, 0, 1),
(5, 264, 25, 0, 1),
(5, 308, 25, 0, 1),
(5, 284, 25, 0, 1),
(2, 314, 122, 0, 1),
(5, 283, 25, 0, 1),
(5, 282, 25, 0, 1),
(5, 281, 25, 0, 1),
(5, 280, 25, 0, 1),
(5, 278, 25, 0, 1),
(5, 277, 25, 0, 1),
(5, 273, 9, 0, 1),
(5, 272, 24, 0, 1),
(5, 271, 24, 0, 1),
(5, 270, 24, 0, 1),
(5, 279, 24, 0, 1),
(5, 269, 24, 0, 1),
(5, 268, 9, 0, 1),
(2, 300, 122, 0, 1),
(5, 267, 24, 0, 1),
(2, 299, 122, 0, 1),
(2, 297, 122, 0, 1),
(2, 296, 122, 0, 1),
(2, 295, 122, 0, 1),
(2, 294, 122, 0, 1),
(2, 257, 15, 0, 1),
(5, 265, 24, 0, 1),
(5, 263, 24, 0, 1),
(5, 262, 24, 0, 1),
(5, 261, 24, 0, 1),
(5, 259, 9, 0, 1),
(5, 258, 9, 0, 1),
(5, 264, 24, 0, 1),
(5, 308, 24, 0, 1),
(5, 284, 24, 0, 1),
(5, 283, 24, 0, 1),
(5, 282, 24, 0, 1),
(5, 281, 24, 0, 1),
(5, 280, 24, 0, 1),
(5, 278, 24, 0, 1),
(5, 277, 24, 0, 1),
(5, 273, 8, 0, 1),
(5, 272, 13, 0, 1),
(5, 260, 18, 0, 1),
(5, 271, 13, 0, 1),
(5, 270, 13, 0, 1),
(5, 279, 13, 0, 1),
(5, 269, 13, 0, 1),
(2, 336, 0, 16, 0),
(5, 268, 8, 0, 1),
(5, 267, 13, 0, 1),
(5, 265, 13, 0, 1),
(5, 263, 13, 0, 1),
(5, 262, 13, 0, 1),
(5, 261, 13, 0, 1),
(5, 259, 8, 0, 1),
(4, 314, 1, 0, 1),
(5, 258, 8, 0, 1),
(5, 264, 13, 0, 1),
(5, 308, 13, 0, 1),
(5, 284, 13, 0, 1),
(5, 283, 13, 0, 1),
(5, 282, 13, 0, 1),
(5, 281, 13, 0, 1),
(5, 280, 13, 0, 1),
(5, 278, 13, 0, 1),
(5, 277, 13, 0, 1),
(5, 273, 6, 0, 1),
(4, 300, 1, 0, 1),
(5, 272, 7, 0, 1),
(5, 271, 7, 0, 1),
(4, 299, 1, 0, 1),
(4, 297, 1, 0, 1),
(4, 296, 1, 0, 1),
(4, 295, 1, 0, 1),
(4, 294, 1, 0, 1),
(4, 292, 1, 0, 1),
(4, 257, 6, 0, 1),
(5, 270, 7, 0, 1),
(5, 279, 7, 0, 1),
(5, 269, 7, 0, 1),
(5, 268, 6, 0, 1),
(5, 267, 7, 0, 1),
(5, 265, 7, 0, 1),
(5, 263, 7, 0, 1),
(5, 262, 7, 0, 1),
(5, 261, 7, 0, 1),
(5, 259, 6, 0, 1),
(5, 258, 6, 0, 1),
(5, 264, 7, 0, 1),
(5, 308, 7, 0, 1),
(5, 284, 7, 0, 1),
(5, 283, 7, 0, 1),
(5, 282, 7, 0, 1),
(5, 281, 7, 0, 1),
(5, 280, 7, 0, 1),
(5, 278, 7, 0, 1),
(5, 277, 7, 0, 1),
(5, 273, 25, 0, 1),
(5, 272, 4, 0, 1),
(5, 271, 4, 0, 1),
(5, 270, 4, 0, 1),
(5, 279, 4, 0, 1),
(5, 269, 4, 0, 1),
(5, 268, 25, 0, 1),
(5, 267, 4, 0, 1),
(5, 265, 4, 0, 1),
(5, 263, 4, 0, 1),
(5, 262, 4, 0, 1),
(5, 261, 4, 0, 1),
(5, 259, 25, 0, 1),
(5, 258, 25, 0, 1),
(5, 264, 4, 0, 1),
(5, 308, 4, 0, 1),
(5, 284, 4, 0, 1),
(5, 283, 4, 0, 1),
(5, 282, 4, 0, 1),
(5, 281, 4, 0, 1),
(5, 280, 4, 0, 1),
(5, 278, 4, 0, 1),
(5, 277, 4, 0, 1),
(4, 273, 2, 0, 1),
(4, 272, 2, 0, 1),
(4, 271, 2, 0, 1),
(4, 270, 2, 0, 1),
(4, 314, 13, 0, 1),
(4, 279, 2, 0, 1),
(4, 269, 2, 0, 1),
(4, 267, 2, 0, 1),
(4, 265, 2, 0, 1),
(4, 263, 2, 0, 1),
(4, 262, 2, 0, 1),
(4, 261, 2, 0, 1),
(2, 258, 121, 0, 1),
(4, 264, 2, 0, 1),
(4, 308, 2, 0, 1),
(4, 284, 2, 0, 1),
(4, 283, 2, 0, 1),
(4, 282, 2, 0, 1),
(4, 281, 2, 0, 1),
(4, 280, 2, 0, 1),
(4, 278, 2, 0, 1),
(4, 277, 2, 0, 1),
(4, 300, 13, 0, 1),
(6, 272, 0, 17, 0),
(6, 271, 0, 17, 0),
(6, 270, 0, 17, 0),
(6, 279, 0, 17, 0),
(6, 269, 0, 17, 0),
(6, 268, 0, 17, 0),
(6, 267, 0, 17, 0),
(6, 265, 0, 17, 0),
(6, 263, 0, 17, 0),
(6, 262, 0, 17, 0),
(6, 261, 0, 17, 0),
(6, 259, 0, 17, 0),
(6, 258, 0, 17, 0),
(6, 264, 0, 17, 0),
(6, 308, 0, 17, 0),
(6, 284, 0, 17, 0),
(6, 283, 0, 17, 0),
(6, 282, 0, 17, 0),
(6, 281, 0, 17, 0),
(6, 280, 0, 17, 0),
(6, 278, 0, 17, 0),
(6, 277, 0, 17, 0),
(4, 299, 13, 0, 1),
(2, 314, 121, 0, 1),
(5, 273, 24, 0, 1),
(5, 272, 2, 0, 1),
(5, 271, 2, 0, 1),
(5, 270, 2, 0, 1),
(5, 279, 2, 0, 1),
(5, 269, 2, 0, 1),
(5, 268, 24, 0, 1),
(5, 267, 2, 0, 1),
(5, 265, 2, 0, 1),
(5, 263, 2, 0, 1),
(5, 262, 2, 0, 1),
(2, 300, 121, 0, 1),
(5, 261, 2, 0, 1),
(5, 259, 24, 0, 1),
(2, 299, 121, 0, 1),
(2, 297, 121, 0, 1),
(2, 296, 121, 0, 1),
(2, 295, 121, 0, 1),
(2, 294, 121, 0, 1),
(2, 257, 122, 0, 1),
(5, 258, 24, 0, 1),
(5, 264, 2, 0, 1),
(5, 308, 2, 0, 1),
(5, 284, 2, 0, 1),
(5, 283, 2, 0, 1),
(5, 282, 2, 0, 1),
(5, 281, 2, 0, 1),
(4, 297, 13, 0, 1),
(5, 280, 2, 0, 1),
(4, 314, 24, 0, 1),
(5, 278, 2, 0, 1),
(5, 277, 2, 0, 1),
(5, 273, 13, 0, 1),
(5, 272, 3, 0, 1),
(5, 271, 3, 0, 1),
(5, 270, 3, 0, 1),
(5, 279, 3, 0, 1),
(5, 269, 3, 0, 1),
(5, 268, 13, 0, 1),
(5, 267, 3, 0, 1),
(5, 265, 3, 0, 1),
(5, 263, 3, 0, 1),
(2, 285, 0, 16, 0),
(5, 262, 3, 0, 1),
(5, 261, 3, 0, 1),
(5, 259, 13, 0, 1),
(5, 258, 13, 0, 1),
(5, 264, 3, 0, 1),
(5, 308, 3, 0, 1),
(5, 284, 3, 0, 1),
(4, 296, 13, 0, 1),
(5, 283, 3, 0, 1),
(4, 300, 24, 0, 1),
(2, 314, 27, 0, 1),
(5, 282, 3, 0, 1),
(5, 281, 3, 0, 1),
(5, 280, 3, 0, 1),
(5, 278, 3, 0, 1),
(5, 277, 3, 0, 1),
(5, 273, 7, 0, 1),
(5, 272, 26, 0, 1),
(5, 271, 26, 0, 1),
(5, 270, 26, 0, 1),
(5, 279, 26, 0, 1),
(5, 269, 26, 0, 1),
(2, 300, 27, 0, 1),
(5, 268, 7, 0, 1),
(5, 267, 26, 0, 1),
(2, 299, 27, 0, 1),
(2, 297, 27, 0, 1),
(2, 296, 27, 0, 1),
(2, 295, 27, 0, 1),
(2, 294, 27, 0, 1),
(2, 257, 27, 0, 1),
(5, 265, 26, 0, 1),
(5, 263, 26, 0, 1),
(5, 262, 26, 0, 1),
(5, 261, 26, 0, 1),
(5, 259, 7, 0, 1),
(5, 258, 7, 0, 1),
(4, 295, 13, 0, 1),
(5, 264, 26, 0, 1),
(4, 299, 24, 0, 1),
(5, 308, 26, 0, 1),
(5, 284, 26, 0, 1),
(5, 283, 26, 0, 1),
(5, 282, 26, 0, 1),
(5, 281, 26, 0, 1),
(5, 280, 26, 0, 1),
(5, 278, 26, 0, 1),
(5, 277, 26, 0, 1),
(4, 294, 13, 0, 1),
(4, 297, 24, 0, 1),
(5, 273, 4, 0, 1),
(5, 272, 21, 0, 1),
(5, 271, 21, 0, 1),
(5, 270, 21, 0, 1),
(5, 279, 21, 0, 1),
(5, 269, 21, 0, 1),
(5, 268, 4, 0, 1),
(5, 267, 21, 0, 1),
(5, 314, 23, 0, 1),
(5, 300, 23, 0, 1),
(5, 299, 23, 0, 1),
(5, 297, 23, 0, 1),
(5, 296, 23, 0, 1),
(5, 295, 23, 0, 1),
(5, 294, 23, 0, 1),
(5, 265, 21, 0, 1),
(5, 263, 21, 0, 1),
(5, 262, 21, 0, 1),
(5, 261, 21, 0, 1),
(5, 259, 4, 0, 1),
(5, 258, 4, 0, 1),
(4, 292, 13, 0, 1),
(5, 292, 23, 0, 1),
(2, 258, 27, 0, 1),
(5, 264, 21, 0, 1),
(4, 296, 24, 0, 1),
(5, 308, 21, 0, 1),
(5, 284, 21, 0, 1),
(5, 283, 21, 0, 1),
(5, 282, 21, 0, 1),
(5, 281, 21, 0, 1),
(5, 280, 21, 0, 1),
(5, 278, 21, 0, 1),
(5, 277, 21, 0, 1),
(5, 273, 3, 0, 1),
(5, 272, 20, 0, 1),
(5, 271, 20, 0, 1),
(5, 270, 20, 0, 1),
(5, 314, 18, 0, 1),
(5, 279, 20, 0, 1),
(5, 300, 18, 0, 1),
(5, 299, 18, 0, 1),
(5, 297, 18, 0, 1),
(5, 296, 18, 0, 1),
(5, 295, 18, 0, 1),
(5, 294, 18, 0, 1),
(5, 292, 18, 0, 1),
(5, 257, 1, 0, 1),
(5, 314, 168, 0, 1),
(5, 300, 168, 0, 1),
(5, 299, 168, 0, 1),
(5, 297, 168, 0, 1),
(5, 269, 20, 0, 1),
(5, 268, 3, 0, 1),
(5, 267, 20, 0, 1),
(5, 265, 20, 0, 1),
(5, 263, 20, 0, 1),
(5, 262, 20, 0, 1),
(4, 257, 25, 0, 1),
(5, 296, 168, 0, 1),
(5, 295, 168, 0, 1),
(5, 294, 168, 0, 1),
(5, 292, 168, 0, 1),
(5, 257, 30, 0, 1),
(5, 314, 15, 0, 1),
(5, 261, 20, 0, 1),
(4, 295, 24, 0, 1),
(5, 300, 15, 0, 1),
(2, 314, 22, 0, 1),
(5, 299, 15, 0, 1),
(5, 259, 3, 0, 1),
(5, 258, 3, 0, 1),
(5, 264, 20, 0, 1),
(5, 308, 20, 0, 1),
(5, 284, 20, 0, 1),
(5, 283, 20, 0, 1),
(5, 282, 20, 0, 1),
(5, 281, 20, 0, 1),
(5, 280, 20, 0, 1),
(5, 278, 20, 0, 1),
(5, 277, 20, 0, 1),
(2, 300, 22, 0, 1),
(5, 273, 26, 0, 1),
(5, 297, 15, 0, 1),
(5, 296, 15, 0, 1),
(5, 295, 15, 0, 1),
(5, 294, 15, 0, 1),
(5, 272, 17, 0, 1),
(5, 292, 15, 0, 1),
(5, 257, 29, 0, 1),
(2, 299, 22, 0, 1),
(2, 297, 22, 0, 1),
(2, 296, 22, 0, 1),
(2, 295, 22, 0, 1),
(2, 294, 22, 0, 1),
(2, 257, 22, 0, 1),
(5, 314, 122, 0, 1),
(5, 271, 17, 0, 1),
(5, 270, 17, 0, 1),
(5, 279, 17, 0, 1),
(5, 269, 17, 0, 1),
(5, 268, 26, 0, 1),
(5, 267, 17, 0, 1),
(5, 300, 122, 0, 1),
(5, 299, 122, 0, 1),
(5, 297, 122, 0, 1),
(5, 296, 122, 0, 1),
(5, 295, 122, 0, 1),
(5, 294, 122, 0, 1),
(5, 265, 17, 0, 1),
(4, 294, 24, 0, 1),
(5, 292, 122, 0, 1),
(5, 257, 16, 0, 1),
(5, 263, 17, 0, 1),
(5, 262, 17, 0, 1),
(5, 261, 17, 0, 1),
(5, 259, 26, 0, 1),
(5, 258, 26, 0, 1),
(5, 264, 17, 0, 1),
(5, 308, 17, 0, 1),
(5, 284, 17, 0, 1),
(5, 283, 17, 0, 1),
(5, 282, 17, 0, 1),
(5, 281, 17, 0, 1),
(5, 280, 17, 0, 1),
(5, 278, 17, 0, 1),
(5, 277, 17, 0, 1),
(5, 314, 121, 0, 1),
(5, 300, 121, 0, 1),
(2, 334, 0, 16, 0),
(5, 299, 121, 0, 1),
(5, 297, 121, 0, 1),
(5, 296, 121, 0, 1),
(5, 295, 121, 0, 1),
(5, 294, 121, 0, 1),
(5, 273, 21, 0, 1),
(5, 272, 14, 0, 1),
(5, 271, 14, 0, 1),
(5, 270, 14, 0, 1),
(5, 279, 14, 0, 1),
(5, 269, 14, 0, 1),
(5, 292, 121, 0, 1),
(5, 257, 23, 0, 1),
(5, 268, 21, 0, 1),
(4, 292, 24, 0, 1),
(2, 314, 9, 0, 1),
(5, 267, 14, 0, 1),
(5, 265, 14, 0, 1),
(5, 263, 14, 0, 1),
(5, 262, 14, 0, 1),
(5, 261, 14, 0, 1),
(5, 259, 21, 0, 1),
(5, 258, 21, 0, 1),
(5, 264, 14, 0, 1),
(5, 308, 14, 0, 1),
(5, 284, 14, 0, 1),
(5, 283, 14, 0, 1),
(5, 282, 14, 0, 1),
(2, 300, 9, 0, 1),
(5, 281, 14, 0, 1),
(5, 280, 14, 0, 1),
(2, 299, 9, 0, 1),
(2, 297, 9, 0, 1),
(2, 296, 9, 0, 1),
(2, 295, 9, 0, 1),
(2, 294, 9, 0, 1),
(2, 257, 9, 0, 1),
(5, 278, 14, 0, 1),
(5, 277, 14, 0, 1),
(5, 273, 20, 0, 1),
(5, 272, 11, 0, 1),
(5, 271, 11, 0, 1),
(5, 270, 11, 0, 1),
(4, 257, 24, 0, 1),
(5, 279, 11, 0, 1),
(5, 269, 11, 0, 1),
(5, 268, 20, 0, 1),
(5, 267, 11, 0, 1),
(5, 265, 11, 0, 1),
(5, 263, 11, 0, 1),
(5, 262, 11, 0, 1),
(5, 261, 11, 0, 1),
(5, 259, 20, 0, 1),
(5, 258, 20, 0, 1),
(5, 264, 11, 0, 1),
(5, 308, 11, 0, 1),
(5, 284, 11, 0, 1),
(5, 283, 11, 0, 1),
(5, 314, 28, 0, 1),
(5, 300, 28, 0, 1),
(5, 299, 28, 0, 1),
(5, 297, 28, 0, 1),
(5, 296, 28, 0, 1),
(5, 295, 28, 0, 1),
(5, 294, 28, 0, 1),
(5, 292, 28, 0, 1),
(5, 257, 18, 0, 1),
(5, 314, 27, 0, 1),
(5, 282, 11, 0, 1),
(5, 281, 11, 0, 1),
(5, 280, 11, 0, 1),
(5, 278, 11, 0, 1),
(5, 277, 11, 0, 1),
(5, 300, 27, 0, 1),
(5, 299, 27, 0, 1),
(5, 297, 27, 0, 1),
(5, 296, 27, 0, 1),
(5, 295, 27, 0, 1),
(5, 294, 27, 0, 1),
(5, 292, 27, 0, 1),
(5, 257, 168, 0, 1),
(5, 314, 22, 0, 1),
(5, 300, 22, 0, 1),
(5, 299, 22, 0, 1),
(5, 297, 22, 0, 1),
(5, 296, 22, 0, 1),
(5, 295, 22, 0, 1),
(5, 294, 22, 0, 1),
(5, 292, 22, 0, 1),
(5, 257, 15, 0, 1),
(5, 314, 9, 0, 1),
(5, 300, 9, 0, 1),
(5, 299, 9, 0, 1),
(5, 297, 9, 0, 1),
(5, 296, 9, 0, 1),
(5, 295, 9, 0, 1),
(5, 294, 9, 0, 1),
(5, 292, 9, 0, 1),
(5, 257, 122, 0, 1),
(2, 268, 1, 0, 1),
(2, 314, 8, 0, 1),
(2, 268, 29, 0, 1),
(2, 268, 16, 0, 1),
(2, 268, 23, 0, 1),
(2, 272, 0, 29, 0),
(2, 271, 0, 29, 0),
(2, 270, 0, 29, 0),
(2, 279, 0, 29, 0),
(2, 269, 0, 29, 0),
(2, 268, 15, 0, 1),
(2, 267, 0, 29, 0),
(2, 300, 8, 0, 1),
(2, 268, 122, 0, 1),
(2, 265, 0, 29, 0),
(2, 299, 8, 0, 1),
(2, 297, 8, 0, 1),
(2, 296, 8, 0, 1),
(2, 295, 8, 0, 1),
(2, 294, 8, 0, 1),
(2, 257, 8, 0, 1),
(2, 263, 0, 29, 0),
(2, 262, 0, 29, 0),
(2, 261, 0, 29, 0),
(2, 258, 22, 0, 1),
(2, 264, 0, 29, 0),
(2, 308, 0, 16, 0),
(2, 284, 0, 29, 0),
(2, 283, 0, 29, 0),
(2, 282, 0, 29, 0),
(2, 281, 0, 29, 0),
(2, 280, 0, 29, 0),
(2, 278, 0, 29, 0),
(2, 277, 0, 29, 0),
(2, 268, 121, 0, 1),
(2, 268, 27, 0, 1),
(2, 268, 22, 0, 1),
(1, 272, 0, 17, 0),
(1, 271, 0, 17, 0),
(1, 270, 0, 17, 0),
(1, 279, 0, 17, 0),
(1, 269, 0, 17, 0),
(1, 268, 0, 17, 0),
(2, 327, 0, 16, 0),
(1, 267, 0, 17, 0),
(2, 268, 9, 0, 1),
(1, 265, 0, 17, 0),
(1, 263, 0, 17, 0),
(1, 262, 0, 17, 0),
(1, 261, 0, 17, 0),
(1, 259, 0, 17, 0),
(5, 314, 8, 0, 1),
(5, 300, 8, 0, 1),
(5, 299, 8, 0, 1),
(5, 297, 8, 0, 1),
(1, 258, 0, 17, 0),
(5, 296, 8, 0, 1),
(2, 314, 25, 0, 1),
(5, 295, 8, 0, 1),
(1, 264, 0, 17, 0),
(1, 308, 0, 17, 0),
(1, 284, 14, 0, 1),
(1, 283, 14, 0, 1),
(1, 282, 0, 17, 0),
(1, 281, 0, 17, 0),
(1, 280, 0, 17, 0),
(1, 278, 0, 17, 0),
(1, 277, 0, 17, 0),
(2, 268, 8, 0, 1),
(4, 273, 1, 0, 1),
(4, 272, 1, 0, 1),
(2, 300, 25, 0, 1),
(4, 271, 1, 0, 1),
(5, 294, 8, 0, 1),
(5, 292, 8, 0, 1),
(5, 257, 28, 0, 1),
(4, 270, 1, 0, 1),
(2, 299, 25, 0, 1),
(2, 297, 25, 0, 1),
(2, 296, 25, 0, 1),
(2, 295, 25, 0, 1),
(2, 294, 25, 0, 1),
(2, 257, 25, 0, 1),
(4, 279, 1, 0, 1),
(4, 269, 1, 0, 1),
(4, 268, 1, 0, 1),
(4, 267, 1, 0, 1),
(4, 265, 1, 0, 1),
(4, 263, 1, 0, 1),
(4, 262, 1, 0, 1),
(4, 261, 1, 0, 1),
(4, 259, 1, 0, 1),
(4, 258, 30, 0, 0),
(4, 264, 1, 0, 1),
(4, 308, 1, 0, 1),
(4, 284, 1, 0, 1),
(4, 283, 1, 0, 1),
(4, 282, 1, 0, 1),
(4, 281, 1, 0, 1),
(4, 280, 1, 0, 1),
(4, 278, 1, 0, 1),
(4, 277, 1, 0, 1),
(2, 268, 25, 0, 1),
(4, 273, 30, 0, 0),
(4, 272, 30, 0, 0),
(4, 271, 30, 0, 0),
(4, 270, 30, 0, 0),
(4, 279, 30, 0, 0),
(4, 269, 30, 0, 0),
(4, 268, 30, 0, 0),
(4, 267, 30, 0, 0),
(4, 265, 30, 0, 0),
(4, 329, 0, 16, 0),
(4, 263, 30, 0, 0),
(4, 262, 30, 0, 0),
(4, 261, 30, 0, 0),
(4, 259, 30, 0, 0),
(4, 258, 29, 0, 1),
(4, 264, 30, 0, 0),
(4, 308, 30, 0, 0),
(4, 284, 30, 0, 0),
(4, 283, 30, 0, 0),
(4, 282, 30, 0, 0),
(4, 281, 30, 0, 0),
(4, 280, 30, 0, 0),
(4, 278, 30, 0, 0),
(4, 277, 30, 0, 0),
(2, 268, 24, 0, 1),
(2, 333, 0, 16, 0),
(4, 273, 29, 0, 1),
(4, 272, 29, 0, 1),
(4, 271, 29, 0, 1),
(4, 270, 29, 0, 1),
(4, 279, 29, 0, 1),
(4, 269, 29, 0, 1),
(4, 268, 29, 0, 1),
(4, 267, 29, 0, 1),
(4, 320, 0, 14, 0),
(4, 265, 29, 0, 1),
(4, 263, 29, 0, 1),
(4, 262, 29, 0, 1),
(4, 261, 29, 0, 1),
(4, 259, 29, 0, 1),
(4, 258, 16, 0, 1),
(4, 264, 29, 0, 1),
(4, 308, 29, 0, 1),
(4, 284, 29, 0, 1),
(4, 283, 29, 0, 1),
(4, 282, 29, 0, 1),
(4, 281, 29, 0, 1),
(4, 280, 29, 0, 1),
(4, 278, 29, 0, 1),
(4, 277, 29, 0, 1),
(2, 268, 13, 0, 1),
(4, 273, 16, 0, 1),
(4, 272, 16, 0, 1),
(4, 271, 16, 0, 1),
(4, 270, 16, 0, 1),
(4, 279, 16, 0, 1),
(4, 269, 16, 0, 1),
(2, 314, 24, 0, 1),
(4, 304, 0, 14, 0),
(4, 268, 16, 0, 1),
(4, 267, 16, 0, 1),
(4, 265, 16, 0, 1),
(4, 263, 16, 0, 1),
(4, 262, 16, 0, 1),
(4, 261, 16, 0, 1),
(4, 259, 16, 0, 1),
(4, 258, 23, 0, 1),
(4, 264, 16, 0, 1),
(4, 308, 16, 0, 1),
(4, 284, 16, 0, 1),
(4, 283, 16, 0, 1),
(4, 282, 16, 0, 1),
(2, 300, 24, 0, 1),
(4, 281, 16, 0, 1),
(4, 280, 16, 0, 1),
(2, 299, 24, 0, 1),
(2, 297, 24, 0, 1),
(2, 296, 24, 0, 1),
(2, 295, 24, 0, 1),
(2, 294, 24, 0, 1),
(2, 257, 24, 0, 1),
(4, 278, 16, 0, 1),
(4, 277, 16, 0, 1),
(2, 268, 7, 0, 1),
(4, 273, 23, 0, 1),
(4, 272, 23, 0, 1),
(4, 271, 23, 0, 1),
(4, 270, 23, 0, 1),
(4, 303, 0, 14, 0),
(4, 279, 23, 0, 1),
(4, 269, 23, 0, 1),
(4, 268, 23, 0, 1),
(4, 267, 23, 0, 1),
(4, 265, 23, 0, 1),
(4, 263, 23, 0, 1),
(4, 262, 23, 0, 1),
(4, 261, 23, 0, 1),
(4, 259, 23, 0, 1),
(4, 258, 18, 0, 1),
(4, 264, 23, 0, 1),
(4, 308, 23, 0, 1),
(4, 284, 23, 0, 1),
(4, 283, 23, 0, 1),
(4, 282, 23, 0, 1),
(2, 318, 0, 16, 0),
(4, 281, 23, 0, 1),
(4, 280, 23, 0, 1),
(4, 278, 23, 0, 1),
(4, 277, 23, 0, 1),
(2, 268, 4, 0, 1),
(4, 273, 18, 0, 1),
(4, 272, 18, 0, 1),
(2, 296, 13, 0, 1),
(5, 314, 1, 0, 1),
(4, 299, 3, 0, 1),
(4, 302, 0, 14, 0),
(4, 271, 18, 0, 1),
(4, 270, 18, 0, 1),
(4, 279, 18, 0, 1),
(4, 269, 18, 0, 1),
(4, 268, 168, 0, 1),
(4, 267, 18, 0, 1),
(4, 265, 18, 0, 1),
(4, 263, 18, 0, 1),
(4, 262, 18, 0, 1),
(4, 261, 18, 0, 1),
(2, 258, 9, 0, 1),
(4, 259, 168, 0, 1),
(4, 258, 168, 0, 1),
(5, 300, 1, 0, 1),
(4, 264, 18, 0, 1),
(4, 308, 18, 0, 1),
(5, 299, 1, 0, 1),
(5, 297, 1, 0, 1),
(5, 296, 1, 0, 1),
(5, 295, 1, 0, 1),
(5, 294, 1, 0, 1),
(5, 292, 1, 0, 1),
(5, 257, 27, 0, 1),
(4, 284, 18, 0, 1),
(4, 283, 18, 0, 1),
(4, 282, 18, 0, 1),
(4, 281, 18, 0, 1),
(4, 280, 18, 0, 1),
(4, 278, 18, 0, 1),
(4, 277, 18, 0, 1),
(2, 268, 3, 0, 1),
(2, 295, 13, 0, 1),
(4, 297, 3, 0, 1),
(6, 329, 0, 17, 0),
(4, 273, 168, 0, 1),
(4, 272, 168, 0, 1),
(4, 271, 168, 0, 1),
(4, 270, 168, 0, 1),
(4, 279, 168, 0, 1),
(4, 269, 168, 0, 1),
(4, 268, 15, 0, 1),
(4, 267, 168, 0, 1),
(4, 265, 168, 0, 1),
(2, 258, 8, 0, 1),
(4, 263, 168, 0, 1),
(4, 262, 168, 0, 1),
(4, 261, 168, 0, 1),
(4, 259, 15, 0, 1),
(4, 258, 15, 0, 1),
(4, 264, 168, 0, 1),
(4, 308, 168, 0, 1),
(4, 284, 168, 0, 1),
(4, 283, 168, 0, 1),
(4, 282, 168, 0, 1),
(4, 281, 168, 0, 1),
(4, 280, 168, 0, 1),
(2, 294, 13, 0, 1),
(4, 296, 3, 0, 1),
(6, 320, 0, 17, 0),
(4, 278, 168, 0, 1),
(4, 277, 168, 0, 1),
(2, 268, 21, 0, 1),
(4, 273, 15, 0, 1),
(4, 272, 15, 0, 1),
(4, 271, 15, 0, 1),
(4, 270, 15, 0, 1),
(4, 279, 15, 0, 1),
(4, 269, 15, 0, 1),
(4, 268, 122, 0, 1),
(2, 258, 25, 0, 1),
(4, 267, 15, 0, 1),
(4, 265, 15, 0, 1),
(4, 263, 15, 0, 1),
(4, 262, 15, 0, 1),
(4, 261, 15, 0, 1),
(4, 259, 122, 0, 1),
(4, 258, 122, 0, 1),
(4, 264, 15, 0, 1),
(4, 308, 15, 0, 1),
(4, 284, 15, 0, 1),
(4, 283, 15, 0, 1),
(4, 295, 3, 0, 1),
(6, 304, 0, 17, 0),
(4, 282, 15, 0, 1),
(4, 281, 15, 0, 1),
(4, 280, 15, 0, 1),
(4, 278, 15, 0, 1),
(4, 277, 15, 0, 1),
(2, 268, 20, 0, 1),
(4, 273, 122, 0, 1),
(4, 272, 122, 0, 1),
(4, 271, 122, 0, 1),
(4, 270, 122, 0, 1),
(2, 258, 24, 0, 1),
(4, 279, 122, 0, 1),
(4, 269, 122, 0, 1),
(4, 268, 121, 0, 1),
(4, 267, 122, 0, 1),
(4, 265, 122, 0, 1),
(4, 263, 122, 0, 1),
(4, 262, 122, 0, 1),
(4, 261, 122, 0, 1),
(4, 259, 121, 0, 1),
(4, 258, 121, 0, 1),
(4, 264, 122, 0, 1),
(2, 257, 13, 0, 1),
(2, 314, 13, 0, 1),
(4, 294, 3, 0, 1),
(6, 303, 0, 17, 0),
(4, 308, 122, 0, 1),
(4, 284, 122, 0, 1),
(4, 283, 122, 0, 1),
(4, 282, 122, 0, 1),
(4, 281, 122, 0, 1),
(4, 280, 122, 0, 1),
(4, 278, 122, 0, 1),
(4, 277, 122, 0, 1),
(2, 268, 17, 0, 1),
(4, 273, 121, 0, 1),
(2, 258, 13, 0, 1),
(4, 272, 121, 0, 1),
(4, 271, 121, 0, 1),
(2, 300, 13, 0, 1),
(4, 270, 121, 0, 1),
(4, 279, 121, 0, 1),
(2, 299, 13, 0, 1),
(2, 297, 13, 0, 1),
(2, 296, 7, 0, 1),
(2, 295, 7, 0, 1),
(2, 294, 7, 0, 1),
(2, 257, 7, 0, 1),
(4, 269, 121, 0, 1),
(4, 268, 12, 0, 1),
(4, 267, 121, 0, 1),
(4, 265, 121, 0, 1),
(4, 263, 121, 0, 1),
(4, 262, 121, 0, 1),
(4, 261, 121, 0, 1),
(5, 256, 8, 0, 1),
(4, 292, 25, 0, 1),
(6, 302, 0, 17, 0),
(4, 259, 12, 0, 1),
(4, 258, 12, 0, 1),
(4, 264, 121, 0, 1),
(4, 308, 121, 0, 1),
(4, 284, 121, 0, 1),
(4, 283, 121, 0, 1),
(4, 282, 121, 0, 1),
(4, 281, 121, 0, 1),
(4, 280, 121, 0, 1),
(4, 278, 121, 0, 1),
(4, 277, 121, 0, 1),
(2, 268, 14, 0, 1),
(4, 273, 12, 0, 1),
(4, 272, 12, 0, 1),
(2, 311, 0, 16, 0),
(5, 293, 8, 0, 1),
(4, 271, 12, 0, 1),
(4, 270, 12, 0, 1),
(4, 279, 12, 0, 1),
(4, 269, 12, 0, 1),
(4, 268, 28, 0, 1),
(4, 267, 12, 0, 1),
(4, 296, 22, 0, 1),
(4, 265, 12, 0, 1),
(5, 314, 30, 0, 1),
(4, 292, 3, 0, 1),
(4, 263, 12, 0, 1),
(4, 262, 12, 0, 1),
(4, 261, 12, 0, 1),
(4, 259, 28, 0, 1),
(4, 258, 28, 0, 1),
(4, 264, 12, 0, 1),
(4, 308, 12, 0, 1),
(4, 284, 12, 0, 1),
(4, 283, 12, 0, 1),
(4, 282, 12, 0, 1),
(4, 281, 12, 0, 1),
(2, 258, 7, 0, 1),
(4, 280, 12, 0, 1),
(4, 278, 12, 0, 1),
(5, 300, 30, 0, 1),
(4, 277, 12, 0, 1),
(2, 268, 11, 0, 1),
(5, 299, 30, 0, 1),
(5, 297, 30, 0, 1),
(5, 296, 30, 0, 1),
(5, 295, 30, 0, 1),
(5, 294, 30, 0, 1),
(5, 292, 30, 0, 1),
(5, 314, 6, 0, 1),
(5, 257, 22, 0, 1),
(5, 300, 6, 0, 1),
(5, 299, 6, 0, 1),
(5, 297, 6, 0, 1),
(5, 296, 6, 0, 1),
(5, 295, 6, 0, 1),
(4, 273, 28, 0, 1),
(4, 272, 28, 0, 1),
(4, 271, 28, 0, 1),
(4, 270, 28, 0, 1),
(4, 279, 28, 0, 1),
(4, 269, 28, 0, 1),
(5, 294, 6, 0, 1),
(5, 292, 6, 0, 1),
(5, 257, 9, 0, 1),
(5, 314, 25, 0, 1),
(5, 300, 25, 0, 1),
(5, 299, 25, 0, 1),
(4, 268, 27, 0, 1),
(4, 314, 4, 0, 1),
(5, 297, 25, 0, 1),
(5, 296, 25, 0, 1),
(4, 257, 13, 0, 1),
(4, 267, 28, 0, 1),
(4, 265, 28, 0, 1),
(4, 263, 28, 0, 1),
(4, 262, 28, 0, 1),
(4, 261, 28, 0, 1),
(4, 259, 27, 0, 1),
(4, 258, 27, 0, 1),
(4, 264, 28, 0, 1),
(4, 308, 28, 0, 1),
(4, 284, 28, 0, 1),
(2, 258, 4, 0, 1),
(4, 283, 28, 0, 1),
(4, 282, 28, 0, 1),
(4, 281, 28, 0, 1),
(5, 295, 25, 0, 1),
(5, 294, 25, 0, 1),
(5, 292, 25, 0, 1),
(5, 257, 8, 0, 1),
(4, 280, 28, 0, 1),
(5, 314, 24, 0, 1),
(5, 300, 24, 0, 1),
(5, 299, 24, 0, 1),
(5, 297, 24, 0, 1),
(5, 296, 24, 0, 1),
(5, 295, 24, 0, 1),
(5, 294, 24, 0, 1),
(5, 292, 24, 0, 1),
(5, 257, 6, 0, 1),
(5, 314, 13, 0, 1),
(5, 300, 13, 0, 1),
(5, 299, 13, 0, 1),
(4, 278, 28, 0, 1),
(4, 277, 28, 0, 1),
(2, 259, 1, 0, 1),
(4, 273, 27, 0, 1),
(4, 272, 27, 0, 1),
(4, 271, 27, 0, 1),
(5, 297, 13, 0, 1),
(5, 296, 13, 0, 1),
(5, 295, 13, 0, 1),
(5, 294, 13, 0, 1),
(5, 292, 13, 0, 1),
(5, 257, 25, 0, 1),
(4, 270, 27, 0, 1),
(4, 300, 4, 0, 1),
(5, 314, 7, 0, 1),
(5, 300, 7, 0, 1),
(4, 279, 27, 0, 1),
(4, 269, 27, 0, 1),
(4, 268, 22, 0, 1),
(4, 267, 27, 0, 1),
(4, 265, 27, 0, 1),
(4, 263, 27, 0, 1),
(4, 262, 27, 0, 1),
(4, 261, 27, 0, 1),
(4, 259, 22, 0, 1),
(4, 258, 22, 0, 1),
(2, 258, 3, 0, 1),
(4, 264, 27, 0, 1),
(4, 308, 27, 0, 1),
(4, 284, 27, 0, 1),
(5, 299, 7, 0, 1),
(5, 297, 7, 0, 1),
(5, 296, 7, 0, 1),
(5, 295, 7, 0, 1),
(4, 283, 27, 0, 1),
(5, 294, 7, 0, 1),
(5, 292, 7, 0, 1),
(5, 257, 24, 0, 1),
(5, 314, 4, 0, 1),
(5, 300, 4, 0, 1),
(5, 299, 4, 0, 1),
(5, 297, 4, 0, 1),
(5, 296, 4, 0, 1),
(5, 295, 4, 0, 1),
(5, 294, 4, 0, 1),
(5, 292, 4, 0, 1),
(5, 257, 13, 0, 1),
(4, 282, 27, 0, 1),
(4, 281, 27, 0, 1),
(4, 280, 27, 0, 1),
(4, 278, 27, 0, 1),
(4, 277, 27, 0, 1),
(2, 259, 29, 0, 1),
(4, 314, 2, 0, 1),
(4, 300, 2, 0, 1),
(4, 299, 2, 0, 1),
(4, 297, 2, 0, 1),
(4, 296, 2, 0, 1),
(4, 295, 2, 0, 1),
(4, 273, 22, 0, 1),
(4, 299, 4, 0, 1),
(4, 294, 2, 0, 1),
(4, 292, 2, 0, 1),
(4, 272, 22, 0, 1),
(4, 271, 22, 0, 1),
(4, 270, 22, 0, 1),
(4, 279, 22, 0, 1),
(4, 269, 22, 0, 1),
(4, 268, 9, 0, 1),
(4, 267, 22, 0, 1),
(4, 265, 22, 0, 1),
(4, 263, 22, 0, 1),
(4, 262, 22, 0, 1),
(2, 258, 21, 0, 1),
(4, 261, 22, 0, 1),
(4, 259, 9, 0, 1),
(4, 258, 9, 0, 1),
(4, 257, 7, 0, 1),
(6, 314, 0, 17, 0),
(6, 300, 0, 17, 0),
(6, 299, 0, 17, 0),
(4, 264, 22, 0, 1),
(6, 297, 0, 17, 0),
(6, 296, 0, 17, 0),
(6, 295, 0, 17, 0),
(6, 294, 0, 17, 0),
(6, 292, 0, 17, 0),
(6, 257, 0, 17, 0),
(5, 314, 2, 0, 1),
(5, 300, 2, 0, 1),
(5, 299, 2, 0, 1),
(5, 297, 2, 0, 1),
(5, 296, 2, 0, 1),
(5, 295, 2, 0, 1),
(4, 308, 22, 0, 1),
(4, 284, 22, 0, 1),
(4, 283, 22, 0, 1),
(4, 282, 22, 0, 1),
(4, 281, 22, 0, 1),
(4, 280, 22, 0, 1),
(4, 278, 22, 0, 1),
(5, 294, 2, 0, 1),
(5, 292, 2, 0, 1),
(5, 257, 7, 0, 1),
(5, 314, 3, 0, 1),
(5, 300, 3, 0, 1),
(5, 299, 3, 0, 1),
(4, 277, 22, 0, 1),
(4, 297, 4, 0, 1),
(5, 297, 3, 0, 1),
(5, 314, 29, 0, 1),
(5, 296, 3, 0, 1),
(2, 259, 16, 0, 1),
(4, 273, 9, 0, 1),
(4, 272, 9, 0, 1),
(4, 271, 9, 0, 1),
(4, 270, 9, 0, 1),
(4, 279, 9, 0, 1),
(4, 269, 9, 0, 1),
(4, 268, 8, 0, 1),
(4, 267, 9, 0, 1),
(2, 258, 20, 0, 1),
(4, 265, 9, 0, 1),
(4, 263, 9, 0, 1),
(5, 300, 29, 0, 1),
(4, 262, 9, 0, 1),
(5, 295, 3, 0, 1),
(5, 294, 3, 0, 1),
(5, 292, 3, 0, 1),
(5, 257, 4, 0, 1),
(4, 261, 9, 0, 1),
(5, 314, 26, 0, 1),
(5, 300, 26, 0, 1),
(5, 299, 26, 0, 1),
(5, 297, 26, 0, 1),
(5, 299, 29, 0, 1),
(5, 297, 29, 0, 1),
(5, 296, 29, 0, 1),
(5, 295, 29, 0, 1),
(5, 296, 26, 0, 1),
(5, 294, 29, 0, 1),
(5, 295, 26, 0, 1),
(5, 292, 29, 0, 1),
(5, 294, 26, 0, 1),
(5, 257, 3, 0, 1),
(5, 292, 26, 0, 1),
(5, 257, 26, 0, 1),
(4, 259, 8, 0, 1),
(4, 258, 8, 0, 1),
(4, 264, 9, 0, 1),
(4, 308, 9, 0, 1),
(4, 284, 9, 0, 1),
(4, 283, 9, 0, 1),
(4, 282, 9, 0, 1),
(4, 281, 9, 0, 1),
(4, 296, 4, 0, 1),
(5, 314, 16, 0, 1),
(4, 280, 9, 0, 1),
(4, 278, 9, 0, 1),
(4, 277, 9, 0, 1),
(2, 259, 23, 0, 1),
(4, 273, 8, 0, 1),
(4, 272, 8, 0, 1),
(4, 271, 8, 0, 1),
(4, 270, 8, 0, 1),
(4, 279, 8, 0, 1),
(4, 269, 8, 0, 1),
(2, 258, 17, 0, 1),
(4, 268, 6, 0, 1),
(4, 267, 8, 0, 1),
(5, 300, 16, 0, 1),
(4, 265, 8, 0, 1),
(5, 314, 21, 0, 1),
(5, 299, 16, 0, 1),
(5, 297, 16, 0, 1),
(5, 296, 16, 0, 1),
(5, 295, 16, 0, 1),
(5, 300, 21, 0, 1),
(5, 294, 16, 0, 1),
(5, 299, 21, 0, 1),
(5, 292, 16, 0, 1),
(5, 297, 21, 0, 1),
(5, 257, 21, 0, 1),
(5, 296, 21, 0, 1),
(5, 295, 21, 0, 1),
(5, 294, 21, 0, 1),
(5, 292, 21, 0, 1),
(5, 257, 20, 0, 1),
(4, 263, 8, 0, 1),
(4, 262, 8, 0, 1),
(4, 261, 8, 0, 1),
(4, 259, 6, 0, 1),
(4, 258, 6, 0, 1),
(4, 264, 8, 0, 1),
(4, 308, 8, 0, 1),
(5, 314, 20, 0, 1),
(5, 300, 20, 0, 1),
(5, 299, 20, 0, 1),
(5, 297, 20, 0, 1),
(5, 296, 20, 0, 1),
(5, 295, 20, 0, 1),
(4, 284, 8, 0, 1),
(4, 295, 4, 0, 1),
(5, 294, 20, 0, 1),
(5, 292, 20, 0, 1),
(4, 283, 8, 0, 1),
(4, 282, 8, 0, 1),
(4, 281, 8, 0, 1),
(4, 280, 8, 0, 1),
(4, 278, 8, 0, 1),
(4, 277, 8, 0, 1),
(2, 259, 15, 0, 1),
(4, 273, 6, 0, 1),
(4, 272, 6, 0, 1),
(4, 271, 6, 0, 1),
(2, 258, 14, 0, 1),
(4, 270, 6, 0, 1),
(4, 279, 6, 0, 1),
(4, 269, 6, 0, 1),
(5, 257, 17, 0, 1),
(5, 314, 17, 0, 1),
(5, 300, 17, 0, 1),
(5, 299, 17, 0, 1),
(4, 268, 25, 0, 1),
(5, 297, 17, 0, 1),
(5, 296, 17, 0, 1),
(5, 295, 17, 0, 1),
(5, 294, 17, 0, 1),
(5, 292, 17, 0, 1),
(5, 257, 14, 0, 1),
(5, 314, 14, 0, 1),
(5, 300, 14, 0, 1),
(5, 299, 14, 0, 1),
(5, 297, 14, 0, 1),
(5, 296, 14, 0, 1),
(5, 295, 14, 0, 1),
(4, 267, 6, 0, 1),
(4, 265, 6, 0, 1),
(4, 263, 6, 0, 1),
(4, 262, 6, 0, 1),
(4, 261, 6, 0, 1),
(4, 259, 25, 0, 1),
(2, 314, 7, 0, 1),
(5, 294, 14, 0, 1),
(5, 292, 14, 0, 1),
(5, 257, 11, 0, 1),
(5, 314, 11, 0, 1),
(5, 300, 11, 0, 1),
(5, 299, 11, 0, 1),
(4, 258, 25, 0, 1),
(4, 294, 4, 0, 1),
(5, 297, 11, 0, 1),
(5, 296, 11, 0, 1),
(4, 264, 6, 0, 1),
(4, 308, 6, 0, 1),
(4, 284, 6, 0, 1),
(4, 283, 6, 0, 1),
(4, 282, 6, 0, 1),
(4, 281, 6, 0, 1),
(4, 280, 6, 0, 1),
(4, 278, 6, 0, 1),
(4, 277, 6, 0, 1),
(2, 259, 122, 0, 1),
(4, 273, 25, 0, 1),
(4, 272, 25, 0, 1),
(4, 271, 25, 0, 1),
(5, 295, 11, 0, 1),
(5, 294, 11, 0, 1),
(5, 292, 11, 0, 1),
(5, 257, 2, 0, 1),
(4, 270, 25, 0, 1),
(4, 0, 102, 0, 1),
(4, 0, 108, 0, 1),
(4, 0, 162, 0, 1),
(5, 0, 98, 0, 1),
(4, 0, 110, 0, 1),
(4, 0, 93, 0, 1),
(4, 0, 203, 0, 1),
(4, 0, 107, 0, 1),
(4, 0, 94, 0, 1),
(4, 0, 96, 0, 1),
(2, 323, 0, 16, 0),
(4, 323, 2, 0, 1),
(5, 323, 29, 0, 1),
(5, 324, 2, 0, 1),
(5, 325, 2, 0, 1),
(4, 325, 2, 0, 1),
(2, 325, 0, 16, 0),
(2, 326, 0, 16, 0),
(4, 326, 2, 0, 1),
(5, 326, 2, 0, 1),
(4, 279, 25, 0, 1),
(4, 269, 25, 0, 1),
(4, 268, 24, 0, 1),
(4, 267, 25, 0, 1),
(4, 265, 25, 0, 1),
(4, 263, 25, 0, 1),
(2, 300, 7, 0, 1),
(4, 262, 25, 0, 1),
(5, 256, 9, 0, 1),
(4, 257, 4, 0, 1),
(4, 261, 25, 0, 1),
(4, 259, 24, 0, 1),
(4, 258, 24, 0, 1),
(4, 264, 25, 0, 1),
(4, 308, 25, 0, 1),
(4, 284, 25, 0, 1),
(4, 283, 25, 0, 1),
(4, 282, 25, 0, 1),
(4, 281, 25, 0, 1),
(4, 280, 25, 0, 1),
(4, 278, 25, 0, 1),
(4, 277, 25, 0, 1),
(2, 259, 121, 0, 1),
(4, 273, 24, 0, 1),
(5, 293, 9, 0, 1),
(4, 272, 24, 0, 1),
(4, 271, 24, 0, 1),
(4, 270, 24, 0, 1),
(4, 279, 24, 0, 1),
(4, 269, 24, 0, 1),
(4, 268, 13, 0, 1),
(4, 267, 24, 0, 1),
(4, 295, 22, 0, 1),
(5, 256, 22, 0, 1),
(4, 265, 24, 0, 1),
(4, 263, 24, 0, 1),
(4, 262, 24, 0, 1),
(4, 261, 24, 0, 1),
(4, 259, 13, 0, 1),
(4, 258, 13, 0, 1),
(4, 264, 24, 0, 1),
(4, 308, 24, 0, 1),
(4, 284, 24, 0, 1),
(4, 283, 24, 0, 1),
(4, 282, 24, 0, 1),
(4, 281, 24, 0, 1),
(4, 280, 24, 0, 1),
(4, 278, 24, 0, 1),
(2, 314, 4, 0, 1),
(2, 300, 4, 0, 1),
(2, 299, 7, 0, 1),
(2, 297, 7, 0, 1),
(4, 277, 24, 0, 1),
(2, 296, 4, 0, 1),
(2, 295, 4, 0, 1),
(2, 294, 4, 0, 1),
(2, 257, 4, 0, 1),
(5, 293, 22, 0, 1),
(1, 314, 0, 17, 0),
(2, 259, 27, 0, 1),
(4, 273, 13, 0, 1),
(4, 272, 13, 0, 1),
(4, 271, 13, 0, 1),
(4, 270, 13, 0, 1),
(4, 279, 13, 0, 1),
(4, 294, 22, 0, 1),
(1, 300, 0, 17, 0),
(1, 299, 0, 17, 0),
(1, 297, 0, 17, 0),
(1, 296, 0, 17, 0),
(1, 295, 0, 17, 0),
(1, 294, 0, 17, 0),
(4, 269, 13, 0, 1),
(1, 292, 0, 17, 0),
(5, 256, 27, 0, 1),
(4, 268, 7, 0, 1),
(4, 267, 13, 0, 1),
(4, 265, 13, 0, 1),
(4, 263, 13, 0, 1),
(4, 262, 13, 0, 1),
(4, 261, 13, 0, 1),
(4, 259, 7, 0, 1),
(4, 258, 7, 0, 1),
(4, 264, 13, 0, 1),
(4, 308, 13, 0, 1),
(4, 284, 13, 0, 1),
(4, 283, 13, 0, 1),
(4, 282, 13, 0, 1),
(4, 281, 13, 0, 1),
(5, 293, 27, 0, 1),
(4, 280, 13, 0, 1),
(4, 278, 13, 0, 1),
(4, 277, 13, 0, 1),
(2, 259, 22, 0, 1),
(4, 273, 7, 0, 1),
(4, 272, 7, 0, 1),
(4, 292, 22, 0, 1),
(4, 314, 11, 0, 1),
(4, 300, 11, 0, 1),
(4, 299, 11, 0, 1),
(4, 297, 11, 0, 1),
(4, 296, 11, 0, 1),
(4, 295, 11, 0, 1),
(4, 271, 7, 0, 1),
(4, 294, 11, 0, 1),
(5, 256, 28, 0, 1),
(4, 270, 7, 0, 1),
(4, 279, 7, 0, 1),
(4, 269, 7, 0, 1),
(4, 268, 4, 0, 1),
(4, 267, 7, 0, 1),
(4, 265, 7, 0, 1),
(4, 263, 7, 0, 1),
(4, 262, 7, 0, 1),
(4, 261, 7, 0, 1),
(4, 259, 4, 0, 1),
(4, 258, 4, 0, 1),
(4, 264, 7, 0, 1),
(4, 308, 7, 0, 1),
(4, 292, 11, 0, 1),
(4, 257, 3, 0, 1),
(4, 284, 7, 0, 1),
(5, 293, 28, 0, 1),
(2, 310, 0, 16, 0),
(4, 283, 7, 0, 1),
(4, 282, 7, 0, 1),
(4, 281, 7, 0, 1),
(4, 280, 7, 0, 1),
(4, 278, 7, 0, 1),
(4, 277, 7, 0, 1),
(2, 259, 9, 0, 1),
(4, 257, 26, 0, 1),
(4, 273, 4, 0, 1),
(4, 272, 4, 0, 1),
(4, 271, 4, 0, 1),
(4, 270, 4, 0, 1),
(4, 279, 4, 0, 1),
(4, 269, 4, 0, 1),
(4, 268, 3, 0, 1),
(4, 267, 4, 0, 1),
(4, 265, 4, 0, 1),
(4, 263, 4, 0, 1),
(4, 262, 4, 0, 1),
(4, 261, 4, 0, 1),
(4, 259, 3, 0, 1),
(4, 258, 3, 0, 1),
(4, 264, 4, 0, 1),
(4, 308, 4, 0, 1),
(2, 314, 3, 0, 1),
(2, 300, 3, 0, 1),
(2, 299, 4, 0, 1),
(2, 297, 4, 0, 1),
(2, 296, 3, 0, 1),
(4, 284, 4, 0, 1),
(4, 283, 4, 0, 1),
(4, 282, 4, 0, 1),
(4, 281, 4, 0, 1),
(4, 280, 4, 0, 1),
(4, 278, 4, 0, 1),
(4, 277, 4, 0, 1),
(2, 295, 3, 0, 1),
(2, 294, 3, 0, 1),
(2, 257, 3, 0, 1),
(2, 259, 8, 0, 1),
(4, 292, 4, 0, 1),
(4, 273, 3, 0, 1),
(4, 272, 3, 0, 1),
(4, 271, 3, 0, 1),
(4, 270, 3, 0, 1),
(4, 279, 3, 0, 1),
(4, 269, 3, 0, 1),
(4, 268, 26, 0, 1),
(4, 267, 3, 0, 1),
(4, 265, 3, 0, 1),
(4, 263, 3, 0, 1),
(4, 262, 3, 0, 1),
(4, 261, 3, 0, 1),
(4, 259, 26, 0, 1),
(4, 314, 14, 0, 1),
(4, 300, 14, 0, 1),
(4, 299, 14, 0, 1),
(4, 297, 14, 0, 1),
(4, 296, 14, 0, 1),
(4, 295, 14, 0, 1),
(4, 294, 14, 0, 1),
(4, 292, 14, 0, 1),
(4, 257, 21, 0, 1),
(4, 258, 26, 0, 1),
(4, 264, 3, 0, 1),
(4, 308, 3, 0, 1),
(4, 284, 3, 0, 1),
(4, 283, 3, 0, 1),
(4, 282, 3, 0, 1),
(4, 281, 3, 0, 1),
(2, 299, 3, 0, 1),
(2, 309, 0, 16, 0),
(4, 280, 3, 0, 1),
(4, 314, 7, 0, 1),
(4, 257, 20, 0, 1),
(2, 307, 0, 16, 0),
(4, 278, 3, 0, 1),
(4, 277, 3, 0, 1),
(2, 259, 25, 0, 1),
(4, 273, 26, 0, 1),
(4, 272, 26, 0, 1),
(4, 271, 26, 0, 1),
(4, 270, 26, 0, 1),
(4, 279, 26, 0, 1),
(4, 269, 26, 0, 1),
(4, 268, 21, 0, 1),
(4, 267, 26, 0, 1),
(4, 265, 26, 0, 1),
(4, 263, 26, 0, 1),
(4, 0, 157, 0, 1),
(4, 262, 26, 0, 1),
(4, 261, 26, 0, 1),
(4, 259, 21, 0, 1),
(4, 258, 21, 0, 1),
(4, 264, 26, 0, 1),
(4, 308, 26, 0, 1),
(4, 284, 26, 0, 1),
(2, 297, 3, 0, 1),
(2, 314, 21, 0, 1),
(2, 300, 21, 0, 1),
(2, 299, 21, 0, 1),
(2, 297, 21, 0, 1),
(2, 296, 21, 0, 1),
(4, 283, 26, 0, 1),
(2, 295, 21, 0, 1),
(2, 294, 21, 0, 1),
(4, 282, 26, 0, 1),
(2, 329, 0, 17, 0),
(4, 281, 26, 0, 1),
(4, 280, 26, 0, 1),
(4, 278, 26, 0, 1),
(4, 277, 26, 0, 1),
(2, 259, 24, 0, 1),
(4, 273, 21, 0, 1),
(4, 272, 21, 0, 1),
(4, 271, 21, 0, 1),
(4, 270, 21, 0, 1),
(4, 279, 21, 0, 1),
(4, 269, 21, 0, 1),
(4, 268, 20, 0, 1),
(4, 267, 21, 0, 1),
(2, 257, 21, 0, 1),
(4, 265, 21, 0, 1),
(4, 314, 20, 0, 1),
(4, 300, 20, 0, 1),
(4, 299, 20, 0, 1),
(4, 297, 20, 0, 1),
(4, 296, 20, 0, 1),
(4, 263, 21, 0, 1),
(4, 262, 21, 0, 1),
(4, 261, 21, 0, 1),
(4, 259, 20, 0, 1),
(4, 258, 20, 0, 1),
(4, 264, 21, 0, 1),
(4, 308, 21, 0, 1),
(4, 295, 20, 0, 1),
(4, 294, 20, 0, 1),
(4, 292, 20, 0, 1),
(4, 257, 14, 0, 1),
(4, 284, 21, 0, 1),
(5, 256, 121, 0, 1),
(2, 320, 0, 16, 0),
(4, 283, 21, 0, 1),
(4, 282, 21, 0, 1),
(4, 281, 21, 0, 1),
(4, 280, 21, 0, 1),
(4, 278, 21, 0, 1),
(4, 277, 21, 0, 1),
(2, 259, 13, 0, 1),
(4, 273, 20, 0, 1),
(4, 272, 20, 0, 1),
(4, 271, 20, 0, 1),
(4, 270, 20, 0, 1),
(4, 279, 20, 0, 1),
(4, 269, 20, 0, 1),
(4, 268, 17, 0, 1),
(2, 306, 0, 16, 0),
(5, 293, 121, 0, 1),
(4, 267, 20, 0, 1),
(4, 265, 20, 0, 1),
(4, 263, 20, 0, 1),
(4, 262, 20, 0, 1),
(4, 261, 20, 0, 1),
(4, 259, 17, 0, 1),
(4, 258, 17, 0, 1),
(4, 264, 20, 0, 1),
(2, 304, 0, 16, 0),
(4, 308, 20, 0, 1),
(4, 284, 20, 0, 1),
(4, 283, 20, 0, 1),
(4, 282, 20, 0, 1),
(4, 281, 20, 0, 1),
(4, 280, 20, 0, 1),
(4, 278, 20, 0, 1),
(4, 277, 20, 0, 1),
(2, 259, 7, 0, 1),
(4, 273, 17, 0, 1),
(4, 272, 17, 0, 1),
(4, 271, 17, 0, 1),
(4, 270, 17, 0, 1),
(4, 279, 17, 0, 1),
(4, 269, 17, 0, 1),
(2, 314, 20, 0, 1),
(2, 300, 20, 0, 1),
(2, 299, 20, 0, 1),
(2, 297, 20, 0, 1),
(2, 296, 20, 0, 1),
(2, 295, 20, 0, 1),
(2, 294, 20, 0, 1),
(2, 257, 20, 0, 1),
(4, 314, 21, 0, 1),
(4, 268, 14, 0, 1),
(4, 267, 17, 0, 1),
(4, 265, 17, 0, 1),
(4, 263, 17, 0, 1),
(4, 262, 17, 0, 1),
(4, 261, 17, 0, 1),
(4, 300, 21, 0, 1),
(4, 299, 21, 0, 1),
(4, 297, 21, 0, 1),
(4, 296, 21, 0, 1),
(4, 295, 21, 0, 1),
(4, 294, 21, 0, 1),
(4, 259, 14, 0, 1),
(4, 292, 21, 0, 1),
(5, 256, 122, 0, 1),
(2, 303, 0, 16, 0),
(4, 258, 14, 0, 1),
(4, 264, 17, 0, 1),
(4, 308, 17, 0, 1),
(4, 284, 17, 0, 1),
(4, 283, 17, 0, 1),
(4, 282, 17, 0, 1),
(4, 281, 17, 0, 1),
(4, 280, 17, 0, 1),
(4, 278, 17, 0, 1),
(4, 277, 17, 0, 1),
(2, 259, 4, 0, 1),
(4, 273, 14, 0, 1),
(4, 272, 14, 0, 1),
(4, 257, 11, 0, 1),
(4, 271, 14, 0, 1),
(5, 293, 122, 0, 1),
(4, 270, 14, 0, 1),
(4, 279, 14, 0, 1),
(4, 269, 14, 0, 1),
(4, 268, 11, 0, 1),
(4, 267, 14, 0, 1),
(4, 265, 14, 0, 1),
(4, 263, 14, 0, 1),
(4, 262, 14, 0, 1),
(2, 302, 0, 16, 0),
(4, 261, 14, 0, 1),
(4, 259, 11, 0, 1),
(4, 258, 11, 0, 1),
(4, 264, 14, 0, 1),
(4, 308, 14, 0, 1),
(4, 284, 14, 0, 1),
(4, 283, 14, 0, 1),
(6, 330, 0, 17, 0),
(4, 282, 14, 0, 1),
(4, 281, 14, 0, 1),
(4, 280, 14, 0, 1),
(4, 278, 14, 0, 1),
(4, 277, 14, 0, 1),
(2, 259, 3, 0, 1),
(4, 273, 11, 0, 1),
(4, 314, 26, 0, 1),
(4, 300, 26, 0, 1),
(4, 299, 26, 0, 1),
(4, 272, 11, 0, 1),
(4, 297, 26, 0, 1),
(4, 296, 26, 0, 1),
(4, 295, 26, 0, 1),
(4, 294, 26, 0, 1),
(4, 292, 26, 0, 1),
(4, 257, 2, 0, 1),
(4, 271, 11, 0, 1),
(4, 270, 11, 0, 1),
(4, 279, 11, 0, 1),
(4, 269, 11, 0, 1),
(4, 268, 2, 0, 1),
(4, 267, 11, 0, 1),
(4, 265, 11, 0, 1),
(4, 314, 9, 0, 1),
(5, 256, 15, 0, 1),
(1, 329, 0, 17, 0),
(4, 263, 11, 0, 1),
(4, 262, 11, 0, 1),
(4, 261, 11, 0, 1),
(4, 259, 2, 0, 1),
(4, 258, 2, 0, 1),
(4, 264, 11, 0, 1),
(4, 308, 11, 0, 1),
(4, 284, 11, 0, 1),
(4, 283, 11, 0, 1),
(4, 282, 11, 0, 1),
(4, 281, 11, 0, 1),
(4, 280, 11, 0, 1),
(4, 278, 11, 0, 1),
(4, 277, 11, 0, 1),
(2, 259, 21, 0, 1),
(2, 314, 14, 0, 1),
(2, 300, 14, 0, 1),
(2, 299, 14, 0, 1),
(2, 297, 14, 0, 1),
(5, 293, 15, 0, 1),
(2, 296, 14, 0, 1),
(5, 273, 17, 0, 1),
(5, 272, 1, 0, 1),
(5, 271, 1, 0, 1),
(5, 270, 1, 0, 1),
(5, 279, 1, 0, 1),
(5, 269, 1, 0, 1),
(2, 295, 14, 0, 1),
(2, 294, 14, 0, 1),
(2, 292, 0, 17, 0),
(2, 257, 14, 0, 1),
(5, 268, 17, 0, 1),
(4, 300, 9, 0, 1),
(4, 314, 8, 0, 1),
(5, 256, 168, 0, 1),
(1, 320, 0, 16, 0),
(5, 267, 1, 0, 1),
(5, 265, 1, 0, 1),
(5, 263, 1, 0, 1),
(5, 262, 1, 0, 1),
(5, 261, 1, 0, 1),
(5, 259, 17, 0, 1),
(5, 258, 17, 0, 1),
(5, 264, 1, 0, 1),
(5, 308, 1, 0, 1),
(5, 284, 1, 0, 1),
(5, 283, 1, 0, 1),
(5, 282, 1, 0, 1),
(5, 281, 1, 0, 1),
(5, 280, 1, 0, 1),
(5, 293, 168, 0, 1),
(4, 312, 0, 16, 0),
(5, 278, 1, 0, 1),
(5, 277, 1, 0, 1),
(2, 259, 20, 0, 1),
(5, 273, 14, 0, 1),
(5, 272, 30, 0, 1),
(5, 271, 30, 0, 1),
(5, 270, 30, 0, 1),
(4, 299, 9, 0, 1),
(4, 300, 8, 0, 1),
(4, 313, 0, 16, 0),
(5, 256, 18, 0, 1),
(1, 304, 0, 16, 0),
(5, 279, 30, 0, 1),
(5, 269, 30, 0, 1),
(5, 268, 14, 0, 1),
(5, 267, 30, 0, 1),
(5, 265, 30, 0, 1),
(5, 263, 30, 0, 1),
(5, 262, 30, 0, 1),
(5, 261, 30, 0, 1),
(5, 259, 14, 0, 1),
(5, 258, 14, 0, 1),
(5, 264, 30, 0, 1),
(5, 308, 30, 0, 1),
(5, 284, 30, 0, 1),
(5, 283, 30, 0, 1),
(5, 255, 30, 0, 1),
(5, 255, 29, 0, 1),
(5, 255, 16, 0, 1),
(5, 255, 23, 0, 1),
(5, 255, 18, 0, 1),
(5, 255, 15, 0, 1),
(5, 255, 122, 0, 1),
(5, 255, 121, 0, 1),
(5, 255, 12, 0, 1),
(5, 255, 28, 0, 1),
(5, 255, 27, 0, 1),
(5, 255, 22, 0, 1),
(5, 255, 19, 0, 1),
(5, 255, 9, 0, 1),
(5, 255, 8, 0, 1),
(5, 255, 6, 0, 1),
(5, 255, 5, 0, 1),
(4, 291, 0, 16, 0),
(4, 290, 0, 14, 0),
(4, 289, 0, 14, 0),
(5, 293, 18, 0, 1),
(4, 288, 0, 14, 0),
(5, 255, 25, 0, 1),
(5, 282, 30, 0, 1),
(5, 281, 30, 0, 1),
(5, 280, 30, 0, 1),
(5, 278, 30, 0, 1),
(5, 277, 30, 0, 1),
(2, 259, 17, 0, 1),
(5, 255, 24, 0, 1),
(5, 273, 11, 0, 1),
(5, 272, 29, 0, 1),
(1, 303, 0, 16, 0),
(5, 271, 29, 0, 1),
(5, 270, 29, 0, 1),
(5, 279, 29, 0, 1),
(5, 269, 29, 0, 1),
(5, 268, 11, 0, 1),
(5, 267, 29, 0, 1),
(2, 330, 0, 17, 0),
(5, 265, 29, 0, 1),
(5, 255, 13, 0, 1),
(5, 263, 29, 0, 1),
(5, 262, 29, 0, 1),
(5, 261, 29, 0, 1),
(5, 259, 11, 0, 1),
(5, 258, 11, 0, 1),
(5, 264, 29, 0, 1),
(5, 308, 29, 0, 1),
(5, 284, 29, 0, 1),
(5, 255, 10, 0, 1),
(5, 255, 7, 0, 1),
(5, 255, 4, 0, 1),
(5, 255, 3, 0, 1),
(5, 255, 26, 0, 1),
(5, 255, 21, 0, 1),
(5, 255, 20, 0, 1),
(5, 255, 17, 0, 1),
(4, 287, 0, 14, 0),
(5, 283, 29, 0, 1),
(5, 282, 29, 0, 1),
(5, 281, 29, 0, 1),
(5, 280, 29, 0, 1),
(5, 278, 29, 0, 1),
(5, 277, 29, 0, 1),
(2, 259, 14, 0, 1),
(5, 255, 14, 0, 1),
(5, 328, 121, 0, 1),
(5, 0, 269, 0, 1),
(4, 0, 149, 0, 1),
(5, 315, 2, 0, 1),
(5, 256, 23, 0, 1),
(5, 274, 2, 0, 1),
(5, 273, 2, 0, 1),
(1, 302, 0, 16, 0),
(5, 272, 16, 0, 1),
(5, 271, 16, 0, 1),
(5, 270, 16, 0, 1),
(5, 279, 16, 0, 1),
(5, 269, 16, 0, 1),
(5, 268, 2, 0, 1),
(5, 255, 11, 0, 1),
(5, 255, 2, 0, 1),
(5, 267, 16, 0, 1),
(1, 330, 0, 17, 0),
(5, 265, 16, 0, 1),
(5, 263, 16, 0, 1),
(5, 262, 16, 0, 1),
(5, 261, 16, 0, 1),
(5, 260, 15, 0, 1),
(5, 259, 2, 0, 1),
(5, 258, 2, 0, 1),
(5, 264, 16, 0, 1),
(5, 323, 16, 0, 1),
(5, 323, 23, 0, 1),
(5, 323, 18, 0, 1),
(5, 323, 15, 0, 1),
(5, 323, 122, 0, 1),
(5, 323, 121, 0, 1),
(5, 323, 12, 0, 1),
(5, 323, 28, 0, 1),
(5, 323, 27, 0, 1),
(5, 323, 22, 0, 1),
(5, 323, 19, 0, 1),
(5, 323, 9, 0, 1),
(5, 323, 8, 0, 1),
(5, 323, 6, 0, 1),
(5, 323, 5, 0, 1),
(5, 323, 25, 0, 1),
(5, 323, 24, 0, 1),
(5, 323, 13, 0, 1),
(5, 323, 10, 0, 1),
(5, 323, 7, 0, 1),
(5, 323, 4, 0, 1),
(5, 323, 3, 0, 1),
(5, 323, 26, 0, 1),
(5, 323, 21, 0, 1),
(5, 323, 20, 0, 1),
(5, 323, 17, 0, 1),
(5, 323, 14, 0, 1),
(5, 323, 11, 0, 1),
(5, 323, 2, 0, 1),
(5, 326, 11, 0, 1),
(5, 326, 14, 0, 1),
(5, 326, 17, 0, 1),
(5, 326, 20, 0, 1),
(5, 326, 21, 0, 1),
(5, 326, 26, 0, 1),
(5, 326, 3, 0, 1),
(5, 326, 4, 0, 1),
(5, 326, 7, 0, 1),
(5, 326, 10, 0, 1),
(5, 326, 13, 0, 1),
(5, 326, 24, 0, 1),
(5, 326, 25, 0, 1),
(5, 326, 5, 0, 1),
(5, 326, 6, 0, 1),
(5, 326, 8, 0, 1),
(5, 326, 9, 0, 1),
(5, 326, 19, 0, 1),
(5, 326, 22, 0, 1),
(5, 326, 27, 0, 1),
(5, 326, 28, 0, 1),
(5, 326, 12, 0, 1),
(5, 326, 121, 0, 1),
(5, 326, 122, 0, 1),
(5, 326, 15, 0, 1),
(5, 326, 23, 0, 1),
(5, 326, 16, 0, 1),
(5, 326, 29, 0, 1),
(5, 326, 30, 0, 1),
(5, 326, 1, 0, 1),
(5, 321, 11, 0, 1),
(5, 321, 14, 0, 1),
(5, 321, 17, 0, 1),
(5, 321, 20, 0, 1),
(5, 321, 21, 0, 1),
(5, 321, 26, 0, 1),
(5, 321, 3, 0, 1),
(5, 321, 4, 0, 1),
(5, 321, 7, 0, 1),
(5, 321, 10, 0, 1),
(5, 321, 13, 0, 1),
(5, 321, 24, 0, 1),
(5, 321, 25, 0, 1),
(5, 321, 5, 0, 1),
(5, 321, 6, 0, 1),
(5, 321, 8, 0, 1),
(5, 321, 9, 0, 1),
(5, 321, 19, 0, 1),
(5, 321, 22, 0, 1),
(5, 321, 27, 0, 1),
(5, 321, 28, 0, 1),
(5, 321, 12, 0, 1),
(5, 321, 121, 0, 1),
(5, 321, 122, 0, 1),
(5, 321, 15, 0, 1),
(5, 321, 23, 0, 1),
(5, 321, 16, 0, 1),
(5, 321, 29, 0, 1),
(5, 321, 30, 0, 1),
(5, 321, 1, 0, 1),
(5, 324, 11, 0, 1),
(5, 324, 14, 0, 1),
(5, 324, 17, 0, 1),
(5, 324, 20, 0, 1),
(5, 324, 21, 0, 1),
(5, 324, 26, 0, 1),
(5, 324, 3, 0, 1),
(5, 324, 4, 0, 1),
(5, 324, 7, 0, 1),
(5, 324, 10, 0, 1),
(5, 324, 13, 0, 1),
(5, 324, 24, 0, 1),
(5, 324, 25, 0, 1),
(5, 324, 5, 0, 1),
(5, 324, 6, 0, 1),
(5, 324, 8, 0, 1),
(5, 324, 9, 0, 1),
(5, 324, 19, 0, 1),
(5, 324, 22, 0, 1),
(5, 324, 27, 0, 1),
(5, 324, 28, 0, 1),
(5, 324, 12, 0, 1),
(5, 324, 121, 0, 1),
(5, 324, 122, 0, 1),
(5, 324, 15, 0, 1),
(5, 324, 23, 0, 1),
(5, 324, 16, 0, 1),
(5, 324, 29, 0, 1),
(5, 324, 30, 0, 1),
(5, 324, 1, 0, 1),
(5, 325, 11, 0, 1),
(5, 325, 14, 0, 1),
(5, 325, 17, 0, 1),
(5, 325, 20, 0, 1),
(5, 325, 21, 0, 1),
(5, 325, 26, 0, 1),
(5, 325, 3, 0, 1),
(5, 325, 4, 0, 1),
(5, 325, 7, 0, 1),
(5, 325, 10, 0, 1),
(5, 325, 13, 0, 1),
(5, 325, 24, 0, 1),
(5, 325, 25, 0, 1),
(5, 325, 5, 0, 1),
(5, 325, 6, 0, 1),
(5, 325, 8, 0, 1),
(5, 325, 9, 0, 1),
(5, 325, 19, 0, 1),
(5, 325, 22, 0, 1),
(5, 325, 27, 0, 1),
(5, 325, 28, 0, 1),
(5, 325, 12, 0, 1),
(5, 325, 121, 0, 1),
(5, 325, 122, 0, 1),
(5, 325, 15, 0, 1),
(5, 325, 23, 0, 1),
(5, 325, 16, 0, 1),
(5, 325, 29, 0, 1),
(5, 325, 30, 0, 1),
(5, 325, 1, 0, 1),
(4, 255, 11, 0, 1),
(4, 255, 14, 0, 1),
(4, 255, 17, 0, 1),
(4, 255, 20, 0, 1),
(4, 255, 21, 0, 1),
(4, 255, 26, 0, 1),
(4, 255, 3, 0, 1),
(4, 255, 4, 0, 1),
(4, 255, 7, 0, 1),
(4, 255, 10, 0, 1),
(4, 255, 13, 0, 1),
(4, 255, 24, 0, 1),
(4, 255, 25, 0, 1),
(4, 255, 5, 0, 1),
(4, 255, 6, 0, 1),
(4, 255, 8, 0, 1),
(4, 255, 9, 0, 1),
(4, 255, 19, 0, 1),
(4, 255, 22, 0, 1),
(4, 255, 27, 0, 1),
(4, 255, 28, 0, 1),
(4, 255, 12, 0, 1),
(4, 255, 121, 0, 1),
(4, 255, 122, 0, 1),
(4, 255, 15, 0, 1),
(4, 255, 23, 0, 1),
(4, 255, 16, 0, 1),
(4, 255, 29, 0, 1),
(4, 255, 30, 0, 1),
(4, 255, 1, 0, 1),
(4, 323, 11, 0, 1),
(4, 323, 14, 0, 1),
(4, 323, 17, 0, 1);
INSERT INTO `acl_groups` (`group_id`, `forum_id`, `auth_option_id`, `auth_role_id`, `auth_setting`) VALUES
(4, 323, 20, 0, 1),
(4, 323, 21, 0, 1),
(4, 323, 26, 0, 1),
(4, 323, 3, 0, 1),
(4, 323, 4, 0, 1),
(4, 323, 7, 0, 1),
(4, 323, 10, 0, 1),
(4, 323, 13, 0, 1),
(4, 323, 24, 0, 1),
(4, 323, 25, 0, 1),
(4, 323, 5, 0, 1),
(4, 323, 6, 0, 1),
(4, 323, 8, 0, 1),
(4, 323, 9, 0, 1),
(4, 323, 19, 0, 1),
(4, 323, 22, 0, 1),
(4, 323, 27, 0, 1),
(4, 323, 28, 0, 1),
(4, 323, 12, 0, 1),
(4, 323, 121, 0, 1),
(4, 323, 122, 0, 1),
(4, 323, 15, 0, 1),
(4, 323, 23, 0, 1),
(4, 323, 16, 0, 1),
(4, 323, 29, 0, 1),
(4, 323, 30, 0, 1),
(4, 323, 1, 0, 1),
(4, 326, 11, 0, 1),
(4, 326, 14, 0, 1),
(4, 326, 17, 0, 1),
(4, 326, 20, 0, 1),
(4, 326, 21, 0, 1),
(4, 326, 26, 0, 1),
(4, 326, 3, 0, 1),
(4, 326, 4, 0, 1),
(4, 326, 7, 0, 1),
(4, 326, 10, 0, 1),
(4, 326, 13, 0, 1),
(4, 326, 24, 0, 1),
(4, 326, 25, 0, 1),
(4, 326, 5, 0, 1),
(4, 326, 6, 0, 1),
(4, 326, 8, 0, 1),
(4, 326, 9, 0, 1),
(4, 326, 19, 0, 1),
(4, 326, 22, 0, 1),
(4, 326, 27, 0, 1),
(4, 326, 28, 0, 1),
(4, 326, 12, 0, 1),
(4, 326, 121, 0, 1),
(4, 326, 122, 0, 1),
(4, 326, 15, 0, 1),
(4, 326, 23, 0, 1),
(4, 326, 16, 0, 1),
(4, 326, 29, 0, 1),
(4, 326, 30, 0, 1),
(4, 326, 1, 0, 1),
(4, 325, 11, 0, 1),
(4, 325, 14, 0, 1),
(4, 325, 17, 0, 1),
(4, 325, 20, 0, 1),
(4, 325, 21, 0, 1),
(4, 325, 26, 0, 1),
(4, 325, 3, 0, 1),
(4, 325, 4, 0, 1),
(4, 325, 7, 0, 1),
(4, 325, 10, 0, 1),
(4, 325, 13, 0, 1),
(4, 325, 24, 0, 1),
(4, 325, 25, 0, 1),
(4, 325, 5, 0, 1),
(4, 325, 6, 0, 1),
(4, 325, 8, 0, 1),
(4, 325, 9, 0, 1),
(4, 325, 19, 0, 1),
(4, 325, 22, 0, 1),
(4, 325, 27, 0, 1),
(4, 325, 28, 0, 1),
(4, 325, 12, 0, 1),
(4, 325, 121, 0, 1),
(4, 325, 122, 0, 1),
(4, 325, 15, 0, 1),
(4, 325, 23, 0, 1),
(4, 325, 16, 0, 1),
(4, 325, 29, 0, 1),
(4, 325, 30, 0, 1),
(4, 325, 1, 0, 1),
(5, 255, 1, 0, 1),
(5, 323, 1, 0, 1),
(5, 0, 110, 0, 1),
(5, 254, 30, 0, 1),
(5, 254, 29, 0, 1),
(5, 254, 16, 0, 1),
(5, 254, 23, 0, 1),
(5, 254, 18, 0, 1),
(5, 254, 15, 0, 1),
(5, 254, 122, 0, 1),
(5, 254, 121, 0, 1),
(5, 254, 12, 0, 1),
(5, 254, 28, 0, 1),
(5, 254, 27, 0, 1),
(5, 254, 22, 0, 1),
(5, 254, 19, 0, 1),
(5, 254, 9, 0, 1),
(5, 254, 8, 0, 1),
(5, 254, 6, 0, 1),
(5, 254, 5, 0, 1),
(5, 254, 25, 0, 1),
(5, 254, 24, 0, 1),
(5, 254, 13, 0, 1),
(5, 254, 10, 0, 1),
(5, 254, 7, 0, 1),
(5, 254, 4, 0, 1),
(5, 254, 3, 0, 1),
(5, 254, 26, 0, 1),
(5, 254, 21, 0, 1),
(5, 254, 20, 0, 1),
(5, 254, 17, 0, 1),
(5, 254, 14, 0, 1),
(5, 254, 11, 0, 1),
(5, 254, 2, 0, 1),
(2, 0, 115, 0, 1),
(5, 308, 16, 0, 1),
(5, 312, 0, 16, 1),
(5, 313, 0, 16, 1),
(5, 301, 0, 17, 1),
(5, 291, 0, 16, 1),
(5, 290, 0, 14, 1),
(5, 289, 0, 14, 1),
(5, 293, 23, 0, 1),
(5, 288, 0, 14, 1),
(5, 287, 0, 14, 1),
(5, 286, 0, 17, 1),
(5, 284, 16, 0, 1),
(5, 283, 16, 0, 1),
(5, 282, 16, 0, 1),
(5, 281, 16, 0, 1),
(5, 280, 16, 0, 1),
(5, 278, 16, 0, 1),
(5, 277, 16, 0, 1),
(5, 276, 2, 0, 1),
(5, 275, 16, 0, 1),
(5, 328, 12, 0, 1),
(5, 0, 162, 0, 1),
(4, 0, 100, 0, 1),
(5, 0, 200, 0, 1),
(5, 0, 93, 0, 1),
(5, 0, 197, 0, 1),
(5, 0, 204, 0, 1),
(5, 0, 116, 0, 1),
(5, 328, 28, 0, 1),
(2, 0, 110, 0, 1),
(5, 328, 27, 0, 1),
(4, 0, 88, 0, 1),
(4, 0, 106, 0, 1),
(5, 0, 119, 0, 1),
(5, 0, 267, 0, 1),
(5, 0, 42, 0, 1),
(4, 0, 167, 0, 1),
(4, 0, 101, 0, 1),
(5, 0, 157, 0, 1),
(4, 0, 95, 0, 1),
(5, 274, 11, 0, 1),
(5, 0, 32, 0, 1),
(5, 0, 149, 0, 1),
(4, 0, 264, 0, 1),
(5, 0, 264, 0, 1),
(5, 0, 43, 0, 1),
(5, 0, 38, 0, 1),
(4, 0, 85, 0, 1),
(5, 0, 37, 0, 1),
(4, 0, 37, 0, 1),
(4, 0, 39, 0, 1),
(5, 0, 150, 0, 1),
(5, 0, 35, 0, 1),
(5, 0, 161, 0, 1),
(2, 0, 93, 0, 1),
(5, 0, 102, 0, 1),
(5, 0, 44, 0, 1),
(1, 257, 1, 0, 1),
(1, 257, 23, 0, 1),
(1, 257, 122, 0, 1),
(1, 257, 27, 0, 1),
(1, 257, 19, 0, 1),
(1, 257, 7, 0, 1),
(1, 257, 20, 0, 1),
(1, 257, 14, 0, 1),
(4, 0, 261, 0, 1),
(5, 275, 23, 0, 1),
(5, 275, 18, 0, 1),
(5, 275, 15, 0, 1),
(5, 275, 122, 0, 1),
(5, 275, 121, 0, 1),
(5, 275, 27, 0, 1),
(5, 275, 22, 0, 1),
(5, 275, 9, 0, 1),
(5, 275, 8, 0, 1),
(5, 275, 25, 0, 1),
(5, 275, 24, 0, 1),
(5, 275, 13, 0, 1),
(5, 275, 10, 0, 1),
(5, 275, 7, 0, 1),
(5, 275, 4, 0, 1),
(5, 275, 3, 0, 1),
(5, 275, 26, 0, 1),
(5, 275, 21, 0, 1),
(5, 275, 20, 0, 1),
(5, 275, 17, 0, 1),
(5, 275, 14, 0, 1),
(5, 275, 11, 0, 1),
(5, 275, 2, 0, 1),
(4, 275, 14, 0, 1),
(4, 275, 20, 0, 1),
(4, 275, 21, 0, 1),
(4, 275, 3, 0, 1),
(4, 275, 4, 0, 1),
(4, 275, 7, 0, 1),
(4, 275, 13, 0, 1),
(4, 275, 24, 0, 1),
(4, 275, 25, 0, 1),
(4, 275, 8, 0, 1),
(4, 275, 9, 0, 1),
(4, 275, 22, 0, 1),
(4, 275, 27, 0, 1),
(4, 275, 121, 0, 1),
(4, 275, 122, 0, 1),
(4, 275, 15, 0, 1),
(4, 275, 18, 0, 1),
(4, 275, 23, 0, 1),
(4, 275, 16, 0, 1),
(4, 275, 29, 0, 1),
(4, 275, 1, 0, 1),
(6, 305, 0, 19, 0),
(1, 305, 0, 17, 0),
(2, 305, 0, 29, 0),
(4, 0, 169, 0, 0),
(2, 0, 88, 0, 1),
(4, 0, 202, 0, 1),
(5, 328, 22, 0, 1),
(5, 0, 86, 0, 1),
(5, 0, 158, 0, 1),
(5, 0, 117, 0, 1),
(5, 0, 91, 0, 1),
(5, 0, 167, 0, 1),
(4, 0, 40, 0, 1),
(4, 0, 99, 0, 1),
(4, 0, 111, 0, 1),
(4, 0, 265, 0, 1),
(4, 0, 267, 0, 1),
(4, 0, 43, 0, 1),
(4, 0, 31, 0, 1),
(4, 0, 36, 0, 1),
(4, 0, 38, 0, 1),
(5, 0, 40, 0, 1),
(4, 0, 112, 0, 1),
(4, 0, 34, 0, 1),
(4, 0, 32, 0, 1),
(4, 0, 148, 0, 1),
(4, 0, 114, 0, 1),
(5, 328, 19, 0, 1),
(5, 328, 9, 0, 1),
(5, 328, 8, 0, 1),
(5, 328, 6, 0, 1),
(5, 328, 5, 0, 1),
(5, 328, 25, 0, 1),
(5, 328, 24, 0, 1),
(5, 328, 13, 0, 1),
(5, 328, 10, 0, 1),
(5, 328, 7, 0, 1),
(5, 328, 4, 0, 1),
(5, 328, 3, 0, 1),
(5, 328, 26, 0, 1),
(5, 328, 21, 0, 1),
(5, 328, 20, 0, 1),
(5, 328, 17, 0, 1),
(5, 328, 14, 0, 1),
(5, 328, 2, 0, 1),
(5, 260, 122, 0, 1),
(5, 260, 27, 0, 1),
(5, 260, 19, 0, 1),
(5, 260, 8, 0, 1),
(5, 260, 25, 0, 1),
(5, 260, 24, 0, 1),
(5, 260, 13, 0, 1),
(5, 260, 7, 0, 1),
(5, 260, 4, 0, 1),
(5, 260, 26, 0, 1),
(5, 260, 21, 0, 1),
(5, 260, 20, 0, 1),
(5, 260, 17, 0, 1),
(5, 260, 14, 0, 1),
(5, 260, 11, 0, 1),
(5, 260, 2, 0, 1),
(2, 260, 29, 0, 1),
(2, 260, 23, 0, 1),
(2, 260, 18, 0, 1),
(2, 260, 15, 0, 1),
(2, 260, 122, 0, 1),
(2, 260, 27, 0, 1),
(2, 260, 19, 0, 1),
(2, 260, 8, 0, 1),
(2, 260, 25, 0, 1),
(2, 260, 24, 0, 1),
(2, 260, 13, 0, 1),
(2, 260, 7, 0, 1),
(2, 260, 4, 0, 1),
(2, 260, 21, 0, 1),
(2, 260, 20, 0, 1),
(2, 260, 14, 0, 1),
(5, 260, 1, 0, 1),
(5, 274, 14, 0, 1),
(5, 274, 17, 0, 1),
(5, 274, 20, 0, 1),
(5, 274, 21, 0, 1),
(5, 274, 26, 0, 1),
(5, 274, 3, 0, 1),
(5, 274, 4, 0, 1),
(5, 274, 7, 0, 1),
(5, 274, 13, 0, 1),
(5, 274, 24, 0, 1),
(5, 274, 25, 0, 1),
(5, 274, 8, 0, 1),
(5, 274, 9, 0, 1),
(5, 274, 22, 0, 1),
(5, 274, 27, 0, 1),
(5, 274, 121, 0, 1),
(5, 274, 122, 0, 1),
(5, 274, 15, 0, 1),
(5, 274, 18, 0, 1),
(5, 274, 23, 0, 1),
(5, 274, 16, 0, 1),
(5, 274, 29, 0, 1),
(5, 274, 1, 0, 1),
(5, 276, 11, 0, 1),
(5, 276, 14, 0, 1),
(5, 276, 17, 0, 1),
(5, 276, 20, 0, 1),
(5, 276, 21, 0, 1),
(5, 276, 26, 0, 1),
(5, 276, 3, 0, 1),
(5, 276, 4, 0, 1),
(5, 276, 7, 0, 1),
(5, 276, 13, 0, 1),
(5, 276, 24, 0, 1),
(5, 276, 25, 0, 1),
(5, 276, 8, 0, 1),
(5, 276, 9, 0, 1),
(5, 276, 22, 0, 1),
(5, 276, 27, 0, 1),
(5, 276, 121, 0, 1),
(5, 276, 122, 0, 1),
(5, 276, 15, 0, 1),
(5, 276, 18, 0, 1),
(5, 276, 23, 0, 1),
(5, 276, 16, 0, 1),
(5, 276, 29, 0, 1),
(5, 276, 1, 0, 1),
(5, 315, 11, 0, 1),
(5, 315, 14, 0, 1),
(5, 315, 17, 0, 1),
(5, 315, 20, 0, 1),
(5, 315, 21, 0, 1),
(5, 315, 26, 0, 1),
(5, 315, 3, 0, 1),
(5, 315, 4, 0, 1),
(5, 315, 7, 0, 1),
(5, 315, 13, 0, 1),
(5, 315, 24, 0, 1),
(5, 315, 25, 0, 1),
(5, 315, 8, 0, 1),
(5, 315, 9, 0, 1),
(5, 315, 22, 0, 1),
(5, 315, 27, 0, 1),
(5, 315, 121, 0, 1),
(5, 315, 122, 0, 1),
(5, 315, 15, 0, 1),
(5, 315, 18, 0, 1),
(5, 315, 23, 0, 1),
(5, 315, 16, 0, 1),
(5, 315, 29, 0, 1),
(5, 315, 1, 0, 1),
(5, 316, 0, 16, 1),
(4, 0, 194, 0, 1),
(5, 317, 0, 16, 1),
(5, 275, 29, 0, 1),
(5, 275, 1, 0, 1),
(5, 302, 0, 14, 1),
(5, 320, 0, 14, 1),
(5, 303, 0, 14, 1),
(5, 304, 0, 14, 1),
(1, 283, 122, 0, 1),
(1, 283, 23, 0, 1),
(1, 283, 1, 0, 1),
(1, 284, 20, 0, 1),
(1, 284, 122, 0, 1),
(1, 284, 23, 0, 1),
(1, 284, 1, 0, 1),
(4, 0, 42, 0, 1),
(5, 0, 111, 0, 1),
(2, 0, 86, 0, 0),
(1, 0, 85, 0, 1),
(4, 0, 41, 0, 1),
(5, 0, 34, 0, 1),
(5, 0, 154, 0, 1),
(4, 0, 266, 0, 1),
(4, 0, 120, 0, 1),
(5, 0, 90, 0, 1),
(2, 0, 165, 0, 0),
(4, 0, 35, 0, 1),
(4, 0, 91, 0, 0),
(5, 258, 30, 0, 1),
(5, 258, 1, 0, 1),
(4, 258, 1, 0, 1),
(2, 258, 1, 0, 1),
(5, 0, 41, 0, 1),
(5, 0, 31, 0, 1),
(6, 0, 85, 0, 1),
(6, 0, 260, 0, 1),
(6, 0, 261, 0, 1),
(6, 0, 262, 0, 0),
(6, 0, 263, 0, 0),
(1, 0, 260, 0, 1),
(1, 0, 261, 0, 1),
(1, 0, 111, 0, 1),
(1, 0, 93, 0, 1);

-- --------------------------------------------------------

--
-- Table structure for table `acl_options`
--

CREATE TABLE IF NOT EXISTS `acl_options` (
  `auth_option_id` mediumint(8) unsigned NOT NULL AUTO_INCREMENT,
  `auth_option` varchar(50) COLLATE utf8_bin NOT NULL DEFAULT '',
  `is_global` tinyint(1) unsigned NOT NULL DEFAULT '0',
  `is_local` tinyint(1) unsigned NOT NULL DEFAULT '0',
  `founder_only` tinyint(1) unsigned NOT NULL DEFAULT '0',
  PRIMARY KEY (`auth_option_id`),
  UNIQUE KEY `auth_option` (`auth_option`)
) ENGINE=MyISAM  DEFAULT CHARSET=utf8 COLLATE=utf8_bin AUTO_INCREMENT=317 ;

--
-- Dumping data for table `acl_options`
--

INSERT INTO `acl_options` (`auth_option_id`, `auth_option`, `is_global`, `is_local`, `founder_only`) VALUES
(1, 'f_', 0, 1, 0),
(2, 'f_announce', 0, 1, 0),
(3, 'f_attach', 0, 1, 0),
(4, 'f_bbcode', 0, 1, 0),
(5, 'f_bump', 0, 1, 0),
(6, 'f_delete', 0, 1, 0),
(7, 'f_download', 0, 1, 0),
(8, 'f_edit', 0, 1, 0),
(9, 'f_email', 0, 1, 0),
(10, 'f_flash', 0, 1, 0),
(11, 'f_icons', 0, 1, 0),
(12, 'f_ignoreflood', 0, 1, 0),
(13, 'f_img', 0, 1, 0),
(14, 'f_list', 0, 1, 0),
(15, 'f_noapprove', 0, 1, 0),
(16, 'f_poll', 0, 1, 0),
(17, 'f_post', 0, 1, 0),
(18, 'f_postcount', 0, 1, 0),
(19, 'f_print', 0, 1, 0),
(20, 'f_read', 0, 1, 0),
(21, 'f_reply', 0, 1, 0),
(22, 'f_report', 0, 1, 0),
(23, 'f_search', 0, 1, 0),
(24, 'f_sigs', 0, 1, 0),
(25, 'f_smilies', 0, 1, 0),
(26, 'f_sticky', 0, 1, 0),
(27, 'f_subscribe', 0, 1, 0),
(28, 'f_user_lock', 0, 1, 0),
(29, 'f_vote', 0, 1, 0),
(30, 'f_votechg', 0, 1, 0),
(31, 'm_', 1, 1, 0),
(32, 'm_approve', 1, 1, 0),
(33, 'm_chgposter', 1, 1, 0),
(34, 'm_delete', 1, 1, 0),
(35, 'm_edit', 1, 1, 0),
(36, 'm_info', 1, 1, 0),
(37, 'm_lock', 1, 1, 0),
(38, 'm_merge', 1, 1, 0),
(39, 'm_move', 1, 1, 0),
(40, 'm_report', 1, 1, 0),
(41, 'm_split', 1, 1, 0),
(42, 'm_ban', 1, 0, 0),
(43, 'm_warn', 1, 0, 0),
(44, 'a_', 1, 0, 0),
(45, 'a_aauth', 1, 0, 0),
(46, 'a_attach', 1, 0, 0),
(47, 'a_authgroups', 1, 0, 0),
(48, 'a_authusers', 1, 0, 0),
(49, 'a_backup', 1, 0, 0),
(50, 'a_ban', 1, 0, 0),
(51, 'a_bbcode', 1, 0, 0),
(52, 'a_board', 1, 0, 0),
(53, 'a_bots', 1, 0, 0),
(54, 'a_clearlogs', 1, 0, 0),
(55, 'a_email', 1, 0, 0),
(56, 'a_fauth', 1, 0, 0),
(57, 'a_forum', 1, 0, 0),
(58, 'a_forumadd', 1, 0, 0),
(59, 'a_forumdel', 1, 0, 0),
(60, 'a_group', 1, 0, 0),
(61, 'a_groupadd', 1, 0, 0),
(62, 'a_groupdel', 1, 0, 0),
(63, 'a_icons', 1, 0, 0),
(64, 'a_jabber', 1, 0, 0),
(65, 'a_language', 1, 0, 0),
(66, 'a_mauth', 1, 0, 0),
(67, 'a_modules', 1, 0, 0),
(68, 'a_names', 1, 0, 0),
(69, 'a_phpinfo', 1, 0, 0),
(70, 'a_profile', 1, 0, 0),
(71, 'a_prune', 1, 0, 0),
(72, 'a_ranks', 1, 0, 0),
(73, 'a_reasons', 1, 0, 0),
(74, 'a_roles', 1, 0, 0),
(75, 'a_search', 1, 0, 0),
(76, 'a_server', 1, 0, 0),
(77, 'a_styles', 1, 0, 0),
(78, 'a_switchperm', 1, 0, 0),
(79, 'a_uauth', 1, 0, 0),
(80, 'a_user', 1, 0, 0),
(81, 'a_userdel', 1, 0, 0),
(82, 'a_viewauth', 1, 0, 0),
(83, 'a_viewlogs', 1, 0, 0),
(84, 'a_words', 1, 0, 0),
(85, 'u_', 1, 0, 0),
(86, 'u_attach', 1, 0, 0),
(87, 'u_chgavatar', 1, 0, 0),
(88, 'u_chgcensors', 1, 0, 0),
(89, 'u_chgemail', 1, 0, 0),
(90, 'u_chggrp', 1, 0, 0),
(91, 'u_chgname', 1, 0, 0),
(92, 'u_chgpasswd', 1, 0, 0),
(93, 'u_download', 1, 0, 0),
(94, 'u_hideonline', 1, 0, 0),
(95, 'u_ignoreflood', 1, 0, 0),
(96, 'u_masspm', 1, 0, 0),
(97, 'u_masspm_group', 1, 0, 0),
(98, 'u_pm_attach', 1, 0, 0),
(99, 'u_pm_bbcode', 1, 0, 0),
(100, 'u_pm_delete', 1, 0, 0),
(101, 'u_pm_download', 1, 0, 0),
(102, 'u_pm_edit', 1, 0, 0),
(103, 'u_pm_emailpm', 1, 0, 0),
(104, 'u_pm_flash', 1, 0, 0),
(105, 'u_pm_forward', 1, 0, 0),
(106, 'u_pm_img', 1, 0, 0),
(107, 'u_pm_printpm', 1, 0, 0),
(108, 'u_pm_smilies', 1, 0, 0),
(109, 'u_readpm', 1, 0, 0),
(110, 'u_savedrafts', 1, 0, 0),
(111, 'u_search', 1, 0, 0),
(112, 'u_sendemail', 1, 0, 0),
(113, 'u_sendim', 1, 0, 0),
(114, 'u_sendpm', 1, 0, 0),
(115, 'u_sig', 1, 0, 0),
(116, 'u_viewonline', 1, 0, 0),
(117, 'u_viewprofile', 1, 0, 0);

-- --------------------------------------------------------

--
-- Table structure for table `acl_roles`
--

CREATE TABLE IF NOT EXISTS `acl_roles` (
  `role_id` mediumint(8) unsigned NOT NULL AUTO_INCREMENT,
  `role_name` varchar(255) COLLATE utf8_bin NOT NULL DEFAULT '',
  `role_description` text COLLATE utf8_bin NOT NULL,
  `role_type` varchar(10) COLLATE utf8_bin NOT NULL DEFAULT '',
  `role_order` smallint(4) unsigned NOT NULL DEFAULT '0',
  PRIMARY KEY (`role_id`),
  KEY `role_type` (`role_type`),
  KEY `role_order` (`role_order`)
) ENGINE=MyISAM  DEFAULT CHARSET=utf8 COLLATE=utf8_bin AUTO_INCREMENT=33 ;

--
-- Dumping data for table `acl_roles`
--

INSERT INTO `acl_roles` (`role_id`, `role_name`, `role_description`, `role_type`, `role_order`) VALUES
(1, 'ROLE_ADMIN_STANDARD', 'ROLE_DESCRIPTION_ADMIN_STANDARD', 'a_', 1),
(2, 'ROLE_ADMIN_FORUM', 'ROLE_DESCRIPTION_ADMIN_FORUM', 'a_', 3),
(3, 'ROLE_ADMIN_USERGROUP', 'ROLE_DESCRIPTION_ADMIN_USERGROUP', 'a_', 4),
(4, 'ROLE_ADMIN_FULL', 'ROLE_DESCRIPTION_ADMIN_FULL', 'a_', 2),
(5, 'ROLE_USER_FULL', 'ROLE_DESCRIPTION_USER_FULL', 'u_', 3),
(6, 'ROLE_USER_STANDARD', 'ROLE_DESCRIPTION_USER_STANDARD', 'u_', 1),
(7, 'ROLE_USER_LIMITED', 'ROLE_DESCRIPTION_USER_LIMITED', 'u_', 2),
(8, 'ROLE_USER_NOPM', 'ROLE_DESCRIPTION_USER_NOPM', 'u_', 4),
(9, 'ROLE_USER_NOAVATAR', 'ROLE_DESCRIPTION_USER_NOAVATAR', 'u_', 5),
(10, 'ROLE_MOD_FULL', 'ROLE_DESCRIPTION_MOD_FULL', 'm_', 3),
(11, 'ROLE_MOD_STANDARD', 'ROLE_DESCRIPTION_MOD_STANDARD', 'm_', 1),
(12, 'ROLE_MOD_SIMPLE', 'ROLE_DESCRIPTION_MOD_SIMPLE', 'm_', 2),
(13, 'ROLE_MOD_QUEUE', 'ROLE_DESCRIPTION_MOD_QUEUE', 'm_', 4),
(14, 'ROLE_FORUM_FULL', 'ROLE_DESCRIPTION_FORUM_FULL', 'f_', 7),
(15, 'ROLE_FORUM_STANDARD', 'ROLE_DESCRIPTION_FORUM_STANDARD', 'f_', 5),
(16, 'ROLE_FORUM_NOACCESS', 'ROLE_DESCRIPTION_FORUM_NOACCESS', 'f_', 1),
(17, 'ROLE_FORUM_READONLY', 'ROLE_DESCRIPTION_FORUM_READONLY', 'f_', 2),
(18, 'ROLE_FORUM_LIMITED', 'ROLE_DESCRIPTION_FORUM_LIMITED', 'f_', 3),
(19, 'ROLE_FORUM_BOT', 'ROLE_DESCRIPTION_FORUM_BOT', 'f_', 9),
(20, 'ROLE_FORUM_ONQUEUE', 'ROLE_DESCRIPTION_FORUM_ONQUEUE', 'f_', 8),
(21, 'ROLE_FORUM_POLLS', 'ROLE_DESCRIPTION_FORUM_POLLS', 'f_', 6),
(22, 'ROLE_FORUM_LIMITED_POLLS', 'ROLE_DESCRIPTION_FORUM_LIMITED_POLLS', 'f_', 4),
(23, 'ROLE_USER_NEW_MEMBER', 'ROLE_DESCRIPTION_USER_NEW_MEMBER', 'u_', 6),
(24, 'ROLE_FORUM_NEW_MEMBER', 'ROLE_DESCRIPTION_FORUM_NEW_MEMBER', 'f_', 10),
(27, 'Local Mod', 'The given power for a local mod to moderate his forum.', 'f_', 11);

-- --------------------------------------------------------

--
-- Table structure for table `acl_roles_data`
--

CREATE TABLE IF NOT EXISTS `acl_roles_data` (
  `role_id` mediumint(8) unsigned NOT NULL DEFAULT '0',
  `auth_option_id` mediumint(8) unsigned NOT NULL DEFAULT '0',
  `auth_setting` tinyint(2) NOT NULL DEFAULT '0',
  PRIMARY KEY (`role_id`,`auth_option_id`),
  KEY `ath_op_id` (`auth_option_id`)
) ENGINE=MyISAM DEFAULT CHARSET=utf8 COLLATE=utf8_bin;

--
-- Dumping data for table `acl_roles_data`
--

INSERT INTO `acl_roles_data` (`role_id`, `auth_option_id`, `auth_setting`) VALUES
(24, 15, 0),
(23, 114, 0),
(23, 97, 0),
(23, 96, 0),
(22, 29, 1),
(22, 27, 1),
(22, 25, 1),
(22, 24, 1),
(22, 23, 1),
(22, 22, 1),
(22, 21, 1),
(22, 20, 1),
(22, 19, 1),
(22, 18, 1),
(22, 17, 1),
(22, 16, 1),
(22, 15, 1),
(22, 14, 1),
(22, 13, 1),
(22, 9, 1),
(22, 8, 1),
(22, 7, 1),
(22, 4, 1),
(22, 1, 1),
(21, 30, 1),
(21, 29, 1),
(21, 27, 1),
(21, 25, 1),
(21, 24, 1),
(21, 23, 1),
(21, 22, 1),
(21, 21, 1),
(21, 20, 1),
(21, 19, 1),
(21, 18, 1),
(21, 17, 1),
(21, 16, 1),
(21, 15, 1),
(21, 14, 1),
(21, 13, 1),
(21, 11, 1),
(21, 9, 1),
(21, 8, 1),
(21, 7, 1),
(21, 6, 1),
(21, 5, 1),
(21, 4, 1),
(21, 3, 1),
(21, 1, 1),
(20, 15, 0),
(20, 29, 1),
(20, 27, 1),
(20, 25, 1),
(20, 24, 1),
(20, 23, 1),
(20, 22, 1),
(20, 21, 1),
(20, 20, 1),
(20, 19, 1),
(20, 18, 1),
(20, 17, 1),
(20, 14, 1),
(20, 13, 1),
(20, 9, 1),
(20, 8, 1),
(20, 7, 1),
(20, 4, 1),
(20, 3, 1),
(20, 1, 1),
(19, 20, 1),
(19, 19, 1),
(19, 14, 1),
(19, 7, 1),
(19, 1, 1),
(18, 29, 1),
(18, 27, 1),
(18, 25, 1),
(18, 24, 1),
(18, 23, 1),
(18, 22, 1),
(18, 21, 1),
(18, 20, 1),
(18, 19, 1),
(18, 18, 1),
(18, 17, 1),
(18, 15, 1),
(18, 14, 1),
(18, 13, 1),
(18, 9, 1),
(18, 8, 1),
(18, 7, 1),
(18, 4, 1),
(18, 1, 1),
(17, 27, 1),
(17, 23, 1),
(17, 20, 1),
(17, 19, 1),
(17, 14, 1),
(17, 7, 1),
(17, 1, 1),
(16, 30, 0),
(16, 29, 0),
(16, 28, 0),
(16, 27, 0),
(16, 26, 0),
(16, 25, 0),
(16, 24, 0),
(16, 23, 0),
(16, 22, 0),
(16, 21, 0),
(16, 20, 0),
(16, 19, 0),
(16, 18, 0),
(16, 17, 0),
(16, 16, 0),
(16, 15, 0),
(16, 14, 0),
(16, 13, 0),
(16, 12, 0),
(16, 11, 0),
(16, 10, 0),
(16, 9, 0),
(16, 8, 0),
(16, 7, 0),
(16, 6, 0),
(16, 5, 0),
(16, 4, 0),
(16, 3, 0),
(16, 2, 0),
(16, 1, 0),
(15, 30, 1),
(15, 29, 1),
(15, 27, 1),
(15, 25, 1),
(15, 24, 1),
(15, 23, 1),
(15, 22, 1),
(15, 21, 1),
(15, 20, 1),
(15, 19, 1),
(15, 18, 1),
(15, 17, 1),
(15, 15, 1),
(15, 14, 1),
(15, 13, 1),
(15, 11, 1),
(15, 9, 1),
(15, 8, 1),
(15, 7, 1),
(15, 6, 1),
(15, 5, 1),
(15, 4, 1),
(15, 3, 1),
(15, 1, 1),
(14, 30, 1),
(14, 29, 1),
(14, 28, 1),
(14, 27, 1),
(14, 26, 1),
(14, 25, 1),
(14, 24, 1),
(14, 23, 1),
(14, 22, 1),
(14, 21, 1),
(14, 20, 1),
(14, 19, 1),
(14, 18, 1),
(14, 17, 1),
(14, 16, 1),
(14, 15, 1),
(14, 14, 1),
(14, 13, 1),
(14, 12, 1),
(14, 11, 1),
(14, 10, 1),
(14, 9, 1),
(14, 8, 1),
(14, 7, 1),
(14, 6, 1),
(14, 5, 1),
(14, 4, 1),
(14, 3, 1),
(14, 2, 1),
(14, 1, 1),
(13, 35, 1),
(13, 32, 1),
(13, 31, 1),
(12, 40, 1),
(12, 36, 1),
(12, 35, 1),
(12, 34, 1),
(12, 31, 1),
(11, 43, 1),
(11, 41, 1),
(11, 40, 1),
(11, 39, 1),
(11, 38, 1),
(11, 37, 1),
(11, 36, 1),
(11, 35, 1),
(11, 34, 1),
(11, 32, 1),
(11, 31, 1),
(10, 43, 1),
(10, 41, 1),
(10, 40, 1),
(10, 39, 1),
(10, 38, 1),
(10, 37, 1),
(10, 36, 1),
(10, 35, 1),
(10, 34, 1),
(10, 33, 1),
(10, 42, 1),
(10, 32, 1),
(10, 31, 1),
(9, 97, 0),
(9, 96, 0),
(9, 87, 0),
(9, 117, 1),
(9, 115, 1),
(9, 114, 1),
(9, 109, 1),
(9, 108, 1),
(9, 107, 1),
(9, 106, 1),
(9, 105, 1),
(9, 102, 1),
(9, 101, 1),
(9, 100, 1),
(9, 99, 1),
(9, 94, 1),
(9, 93, 1),
(9, 92, 1),
(9, 89, 1),
(9, 88, 1),
(9, 85, 1),
(8, 114, 0),
(8, 109, 0),
(8, 97, 0),
(8, 96, 0),
(8, 117, 1),
(8, 115, 1),
(8, 94, 1),
(8, 93, 1),
(8, 92, 1),
(8, 89, 1),
(8, 88, 1),
(8, 87, 1),
(8, 85, 1),
(7, 117, 1),
(7, 115, 1),
(7, 114, 1),
(7, 109, 1),
(7, 108, 1),
(7, 107, 1),
(7, 106, 1),
(7, 105, 1),
(7, 102, 1),
(7, 101, 1),
(7, 100, 1),
(7, 99, 1),
(7, 94, 1),
(7, 93, 1),
(7, 92, 1),
(7, 89, 1),
(7, 88, 1),
(7, 87, 1),
(7, 85, 1),
(6, 117, 1),
(6, 115, 1),
(6, 114, 1),
(6, 113, 1),
(6, 112, 1),
(6, 111, 1),
(6, 110, 1),
(6, 109, 1),
(6, 108, 1),
(6, 107, 1),
(6, 106, 1),
(6, 103, 1),
(6, 102, 1),
(6, 101, 1),
(6, 100, 1),
(6, 99, 1),
(6, 98, 1),
(6, 97, 1),
(6, 96, 1),
(6, 94, 1),
(6, 93, 1),
(6, 92, 1),
(6, 89, 1),
(6, 88, 1),
(6, 87, 1),
(6, 86, 1),
(6, 85, 1),
(5, 117, 1),
(5, 116, 1),
(5, 115, 1),
(5, 114, 1),
(5, 113, 1),
(5, 112, 1),
(5, 111, 1),
(5, 110, 1),
(5, 109, 1),
(5, 108, 1),
(5, 107, 1),
(5, 106, 1),
(5, 105, 1),
(5, 104, 1),
(5, 103, 1),
(5, 102, 1),
(5, 101, 1),
(5, 100, 1),
(5, 99, 1),
(5, 98, 1),
(5, 97, 1),
(5, 96, 1),
(5, 95, 1),
(5, 94, 1),
(5, 93, 1),
(5, 92, 1),
(5, 91, 1),
(5, 90, 1),
(5, 89, 1),
(5, 88, 1),
(5, 87, 1),
(5, 86, 1),
(5, 85, 1),
(4, 84, 1),
(4, 83, 1),
(4, 82, 1),
(4, 81, 1),
(4, 80, 1),
(4, 79, 1),
(4, 78, 1),
(4, 77, 1),
(4, 76, 1),
(4, 75, 1),
(4, 74, 1),
(4, 73, 1),
(4, 72, 1),
(4, 71, 1),
(4, 70, 1),
(4, 69, 1),
(4, 68, 1),
(4, 67, 1),
(4, 66, 1),
(4, 65, 1),
(4, 64, 1),
(4, 63, 1),
(4, 62, 1),
(4, 61, 1),
(4, 60, 1),
(4, 59, 1),
(4, 58, 1),
(4, 57, 1),
(4, 56, 1),
(4, 55, 1),
(4, 54, 1),
(4, 53, 1),
(4, 52, 1),
(4, 51, 1),
(4, 50, 1),
(4, 49, 1),
(4, 48, 1),
(4, 47, 1),
(4, 46, 1),
(4, 45, 1),
(4, 44, 1),
(3, 83, 1),
(3, 82, 1),
(3, 80, 1),
(3, 79, 1),
(3, 72, 1),
(3, 62, 1),
(3, 61, 1),
(3, 60, 1),
(3, 50, 1),
(3, 48, 1),
(3, 47, 1),
(3, 44, 1),
(2, 83, 1),
(2, 82, 1),
(2, 79, 1),
(2, 71, 1),
(2, 66, 1),
(2, 59, 1),
(2, 58, 1),
(2, 57, 1),
(2, 56, 1),
(2, 48, 1),
(2, 47, 1),
(2, 44, 1),
(1, 84, 1),
(1, 83, 1),
(1, 82, 1),
(1, 81, 1),
(1, 80, 1),
(1, 79, 1),
(1, 73, 1),
(1, 72, 1),
(1, 71, 1),
(1, 70, 1),
(1, 68, 1),
(1, 66, 1),
(1, 63, 1),
(1, 62, 1),
(1, 61, 1),
(1, 60, 1),
(1, 59, 1),
(1, 58, 1),
(1, 57, 1),
(1, 56, 1),
(27, 13, 1),
(27, 23, 1),
(27, 7, 1),
(27, 15, 1),
(27, 26, 1),
(27, 29, 1),
(27, 6, 1),
(27, 121, 1),
(27, 25, 1),
(27, 24, 1),
(27, 22, 1),
(27, 20, 1),
(27, 17, 1),
(27, 28, 1),
(27, 18, 1),
(27, 30, 1),
(27, 27, 1),
(27, 16, 1),
(27, 14, 1),
(27, 4, 1),
(27, 3, 1),
(27, 21, 1),
(27, 1, 1),
(27, 11, 1),
(27, 8, 1),
(27, 5, 1),
(27, 9, 1),
(27, 122, 1),
(27, 10, 1),
(27, 19, 1),
(1, 52, 1),
(1, 51, 1),
(1, 50, 1),
(1, 48, 1),
(1, 47, 1),
(1, 46, 1),
(1, 44, 1);

-- --------------------------------------------------------

--
-- Table structure for table `acl_users`
--

CREATE TABLE IF NOT EXISTS `acl_users` (
  `user_id` mediumint(8) unsigned NOT NULL DEFAULT '0',
  `forum_id` mediumint(8) unsigned NOT NULL DEFAULT '0',
  `auth_option_id` mediumint(8) unsigned NOT NULL DEFAULT '0',
  `auth_role_id` mediumint(8) unsigned NOT NULL DEFAULT '0',
  `auth_setting` tinyint(2) NOT NULL DEFAULT '0',
  KEY `user_id` (`user_id`),
  KEY `auth_option_id` (`auth_option_id`),
  KEY `auth_role_id` (`auth_role_id`)
) ENGINE=MyISAM DEFAULT CHARSET=utf8 COLLATE=utf8_bin;

-- --------------------------------------------------------

--
-- Table structure for table `attachments`
--

CREATE TABLE IF NOT EXISTS `attachments` (
  `attach_id` mediumint(8) unsigned NOT NULL AUTO_INCREMENT,
  `post_msg_id` mediumint(8) unsigned NOT NULL DEFAULT '0',
  `topic_id` mediumint(8) unsigned NOT NULL DEFAULT '0',
  `in_message` tinyint(1) unsigned NOT NULL DEFAULT '0',
  `poster_id` mediumint(8) unsigned NOT NULL DEFAULT '0',
  `is_orphan` tinyint(1) unsigned NOT NULL DEFAULT '1',
  `physical_filename` varchar(255) COLLATE utf8_bin NOT NULL DEFAULT '',
  `real_filename` varchar(255) COLLATE utf8_bin NOT NULL DEFAULT '',
  `download_count` mediumint(8) unsigned NOT NULL DEFAULT '0',
  `attach_comment` text COLLATE utf8_bin NOT NULL,
  `extension` varchar(100) COLLATE utf8_bin NOT NULL DEFAULT '',
  `mimetype` varchar(100) COLLATE utf8_bin NOT NULL DEFAULT '',
  `filesize` int(20) unsigned NOT NULL DEFAULT '0',
  `filetime` int(11) unsigned NOT NULL DEFAULT '0',
  `thumbnail` tinyint(1) unsigned NOT NULL DEFAULT '0',
  PRIMARY KEY (`attach_id`),
  KEY `filetime` (`filetime`),
  KEY `post_msg_id` (`post_msg_id`),
  KEY `topic_id` (`topic_id`),
  KEY `poster_id` (`poster_id`),
  KEY `is_orphan` (`is_orphan`)
) ENGINE=MyISAM DEFAULT CHARSET=utf8 COLLATE=utf8_bin AUTO_INCREMENT=1 ;

-- --------------------------------------------------------

--
-- Table structure for table `banlist`
--

CREATE TABLE IF NOT EXISTS `banlist` (
  `ban_id` mediumint(8) unsigned NOT NULL AUTO_INCREMENT,
  `ban_userid` mediumint(8) unsigned NOT NULL DEFAULT '0',
  `ban_ip` varchar(40) COLLATE utf8_bin NOT NULL DEFAULT '',
  `ban_email` varchar(100) COLLATE utf8_bin NOT NULL DEFAULT '',
  `ban_start` int(11) unsigned NOT NULL DEFAULT '0',
  `ban_end` int(11) unsigned NOT NULL DEFAULT '0',
  `ban_exclude` tinyint(1) unsigned NOT NULL DEFAULT '0',
  `ban_reason` varchar(255) COLLATE utf8_bin NOT NULL DEFAULT '',
  `ban_give_reason` varchar(255) COLLATE utf8_bin NOT NULL DEFAULT '',
  PRIMARY KEY (`ban_id`),
  KEY `ban_end` (`ban_end`),
  KEY `ban_user` (`ban_userid`,`ban_exclude`),
  KEY `ban_ip` (`ban_ip`,`ban_exclude`),
  KEY `ban_email` (`ban_email`,`ban_exclude`)
) ENGINE=MyISAM DEFAULT CHARSET=utf8 COLLATE=utf8_bin AUTO_INCREMENT=1 ;

-- --------------------------------------------------------

--
-- Table structure for table `bbcodes`
--

CREATE TABLE IF NOT EXISTS `bbcodes` (
  `bbcode_id` int(4) NOT NULL DEFAULT '0',
  `bbcode_tag` varchar(16) COLLATE utf8_bin NOT NULL DEFAULT '',
  `bbcode_helpline` varchar(255) COLLATE utf8_bin NOT NULL DEFAULT '',
  `display_on_posting` tinyint(1) unsigned NOT NULL DEFAULT '0',
  `bbcode_match` text COLLATE utf8_bin NOT NULL,
  `bbcode_tpl` mediumtext COLLATE utf8_bin NOT NULL,
  `first_pass_match` mediumtext COLLATE utf8_bin NOT NULL,
  `first_pass_replace` mediumtext COLLATE utf8_bin NOT NULL,
  `second_pass_match` mediumtext COLLATE utf8_bin NOT NULL,
  `second_pass_replace` mediumtext COLLATE utf8_bin NOT NULL,
  PRIMARY KEY (`bbcode_id`),
  KEY `display_on_post` (`display_on_posting`)
) ENGINE=MyISAM DEFAULT CHARSET=utf8 COLLATE=utf8_bin;

--
-- Dumping data for table `bbcodes`
--

INSERT INTO `bbcodes` (`bbcode_id`, `bbcode_tag`, `bbcode_helpline`, `display_on_posting`, `bbcode_match`, `bbcode_tpl`, `first_pass_match`, `first_pass_replace`, `second_pass_match`, `second_pass_replace`) VALUES
(13, 'space2', '', 0, '[space2]{TEXT}[/space2]', '<div style="margin:20px; margin-top:5px"><div class="quotetitle"><input class="button2 btnlite" type="button" value="Show" style="text-align:center;width:100px;margin:0px;padding:0px;" onclick="if (this.parentNode.parentNode.getElementsByTagName(''div'')[1].getElementsByTagName(''div'')[0].style.display != '''') { this.parentNode.parentNode.getElementsByTagName(''div'')[1].getElementsByTagName(''div'')[0].style.display = '''';      this.innerText = ''''; this.value = ''Hide''; } else { this.parentNode.parentNode.getElementsByTagName(''div'')[1].getElementsByTagName(''div'')[0].style.display = ''none''; this.innerText = ''''; this.value = ''Show''; }" /></div><div class="quotecontent"><div style="display: none;">{TEXT}</div></div></div>', '!\\[space2\\](.*?)\\[/space2\\]!ies', '''[space2:$uid]''.str_replace(array("\\r\\n", ''\\"'', ''\\'''', ''('', '')''), array("\\n", ''"'', ''&#39;'', ''&#40;'', ''&#41;''), trim(''${1}'')).''[/space2:$uid]''', '!\\[space2:$uid\\](.*?)\\[/space2:$uid\\]!s', '<div style="margin:20px; margin-top:5px"><div class="quotetitle"><input class="button2 btnlite" type="button" value="Show" style="text-align:center;width:100px;margin:0px;padding:0px;" onclick="if (this.parentNode.parentNode.getElementsByTagName(''div'')[1].getElementsByTagName(''div'')[0].style.display != '''') { this.parentNode.parentNode.getElementsByTagName(''div'')[1].getElementsByTagName(''div'')[0].style.display = '''';      this.innerText = ''''; this.value = ''Hide''; } else { this.parentNode.parentNode.getElementsByTagName(''div'')[1].getElementsByTagName(''div'')[0].style.display = ''none''; this.innerText = ''''; this.value = ''Show''; }" /></div><div class="quotecontent"><div style="display: none;">${1}</div></div></div>'),
(126, 'column', 'Column: [column]collumn1|collumn2[/column]', 1, '[column]{TEXT1}|{TEXT2}[/column]', '<table width="100%"><tr><td style="vertical-align: top; width:50%; padding-right:10px;">{TEXT1}</td><td style="vertical-align: top; width:50%; padding-left:10px;">{TEXT2}</td></tr></table>', '!\\[column\\](.*?)\\|(.*?)\\[/column\\]!ies', '''[column:$uid]''.str_replace(array("\\r\\n", ''\\"'', ''\\'''', ''('', '')''), array("\\n", ''"'', ''&#39;'', ''&#40;'', ''&#41;''), trim(''${1}'')).''|''.str_replace(array("\\r\\n", ''\\"'', ''\\'''', ''('', '')''), array("\\n", ''"'', ''&#39;'', ''&#40;'', ''&#41;''), trim(''${2}'')).''[/column:$uid]''', '!\\[column:$uid\\](.*?)\\|(.*?)\\[/column:$uid\\]!s', '<table width="100%"><tr><td style="vertical-align: top; width:50%; padding-right:10px;">${1}</td><td style="vertical-align: top; width:50%; padding-left:10px;">${2}</td></tr></table>'),
(22, 'center', '[center]Move your text to the center of a post[/center]', 1, '[center]{TEXT}[/center]', '<div style="text-align:center">{TEXT}</div>', '!\\[center\\](.*?)\\[/center\\]!ies', '''[center:$uid]''.str_replace(array("\\r\\n", ''\\"'', ''\\'''', ''('', '')''), array("\\n", ''"'', ''&#39;'', ''&#40;'', ''&#41;''), trim(''${1}'')).''[/center:$uid]''', '!\\[center:$uid\\](.*?)\\[/center:$uid\\]!s', '<div style="text-align:center">${1}</div>'),
(23, 'right', '[right]Move your text to the right of a post[/right]', 1, '[right]{TEXT}[/right]', '<div style="text-align:right">{TEXT}</div>', '!\\[right\\](.*?)\\[/right\\]!ies', '''[right:$uid]''.str_replace(array("\\r\\n", ''\\"'', ''\\'''', ''('', '')''), array("\\n", ''"'', ''&#39;'', ''&#40;'', ''&#41;''), trim(''${1}'')).''[/right:$uid]''', '!\\[right:$uid\\](.*?)\\[/right:$uid\\]!s', '<div style="text-align:right">${1}</div>'),
(24, 'left', '[left]Move your text to the left of a post[/left]', 1, '[left]{TEXT}[/left]', '<div style="text-align:left">{TEXT}</div>', '!\\[left\\](.*?)\\[/left\\]!ies', '''[left:$uid]''.str_replace(array("\\r\\n", ''\\"'', ''\\'''', ''('', '')''), array("\\n", ''"'', ''&#39;'', ''&#40;'', ''&#41;''), trim(''${1}'')).''[/left:$uid]''', '!\\[left:$uid\\](.*?)\\[/left:$uid\\]!s', '<div style="text-align:left">${1}</div>'),
(120, 'exchange', 'Link exchange code: [exchange]Your link exchange code[/exchange]', 0, '[exchange]{TEXT}[/exchange]', '<textarea name="textarea" onclick="select()" cols="40" rows="4">{TEXT}</textarea>', '!\\[exchange\\](.*?)\\[/exchange\\]!ies', '''[exchange:$uid]''.str_replace(array("\\r\\n", ''\\"'', ''\\'''', ''('', '')''), array("\\n", ''"'', ''&#39;'', ''&#40;'', ''&#41;''), trim(''${1}'')).''[/exchange:$uid]''', '!\\[exchange:$uid\\](.*?)\\[/exchange:$uid\\]!s', '<textarea name="textarea" onclick="select()" cols="40" rows="4">${1}</textarea>'),
(121, 'think', 'Watcha thinking?: [think]add it here[/think]', 0, '[think]{TEXT}[/think]', '<table border="0" cellpadding="0" cellspacing="0"><tr><td style="margin: 0;padding: 0;border: 0;"><div style=" background-color: #FFEBD5;color: #000000; -moz-border-radius: 16px; -webkit-border-radius: 16px; border: 1px solid #FFFFFF; padding: 4px;font-size: 1em;" >&nbsp; {TEXT} &nbsp;</div><img src="./images/think.gif" alt="" /></td></tr></table>', '!\\[think\\](.*?)\\[/think\\]!ies', '''[think:$uid]''.str_replace(array("\\r\\n", ''\\"'', ''\\'''', ''('', '')''), array("\\n", ''"'', ''&#39;'', ''&#40;'', ''&#41;''), trim(''${1}'')).''[/think:$uid]''', '!\\[think:$uid\\](.*?)\\[/think:$uid\\]!s', '<table border="0" cellpadding="0" cellspacing="0"><tr><td style="margin: 0;padding: 0;border: 0;"><div style=" background-color: #FFEBD5;color: #000000; -moz-border-radius: 16px; -webkit-border-radius: 16px; border: 1px solid #FFFFFF; padding: 4px;font-size: 1em;" >&nbsp; ${1} &nbsp;</div><img src="./images/think.gif" alt="" /></td></tr></table>'),
(124, 'spoiler', 'Spoiler: [spoiler]Hidden text here[/spoiler]', 0, '[spoiler]{TEXT}[/spoiler]', '<div style="margin:20px; margin-top:5px"><div class="quotetitle"><b>Spoiler</b>:\n<input class="button2 btnlite" type="button" value="Show" style="text-align:center;width:100px;margin:0px;padding:0px;" onclick="if (this.parentNode.parentNode.getElementsByTagName(''div'')[1].getElementsByTagName(''div'')[0].style.display != '''') { this.parentNode.parentNode.getElementsByTagName(''div'')[1].getElementsByTagName(''div'')[0].style.display = '''';      this.innerText = ''''; this.value = ''Hide''; } else { this.parentNode.parentNode.getElementsByTagName(''div'')[1].getElementsByTagName(''div'')[0].style.display = ''none''; this.innerText = ''''; this.value = ''Show''; }" /></div><div class="quotecontent"><div style="display: none;">{TEXT}</div></div></div>', '!\\[spoiler\\](.*?)\\[/spoiler\\]!ies', '''[spoiler:$uid]''.str_replace(array("\\r\\n", ''\\"'', ''\\'''', ''('', '')''), array("\\n", ''"'', ''&#39;'', ''&#40;'', ''&#41;''), trim(''${1}'')).''[/spoiler:$uid]''', '@\\[spoiler(?::$uid)?\\](?!.*\\[spoiler(?::$uid)?\\.*)(.*?)\\[/spoiler(?::$uid)?\\]@s', '<div style="margin:20px; margin-top:5px"><div class="quotetitle"><b>Spoiler</b>:\n<input class="button2 btnlite" type="button" value="Show" style="text-align:center;width:100px;margin:0px;padding:0px;" onclick="if (this.parentNode.parentNode.getElementsByTagName(''div'')[1].getElementsByTagName(''div'')[0].style.display != '''') { this.parentNode.parentNode.getElementsByTagName(''div'')[1].getElementsByTagName(''div'')[0].style.display = '''';      this.innerText = ''''; this.value = ''Hide''; } else { this.parentNode.parentNode.getElementsByTagName(''div'')[1].getElementsByTagName(''div'')[0].style.display = ''none''; this.innerText = ''''; this.value = ''Show''; }" /></div><div class="quotecontent"><div style="display: none;">${1}</div></div></div>'),
(117, 'imagealt=', 'Add a image with alternative text. Good for SEO.', 0, '[imagealt={URL}]{SIMPLETEXT}[/imagealt]', '<img style="max-width:600px; max-height; 600px;" src="{URL}" alt="{SIMPLETEXT}"/>', '!\\[imagealt\\=(?:([a-z][a-z\\d+\\-.]*:/{2}(?:(?:[a-z0-9\\-._~\\!$&''()*+,;=:@|]+|%[\\dA-F]{2})+|[0-9.]+|\\[[a-z0-9.]+:[a-z0-9.]+:[a-z0-9.:]+\\])(?::\\d*)?(?:/(?:[a-z0-9\\-._~\\!$&''()*+,;=:@|]+|%[\\dA-F]{2})*)*(?:\\?(?:[a-z0-9\\-._~\\!$&''()*+,;=:@/?|]+|%[\\dA-F]{2})*)?(?:#(?:[a-z0-9\\-._~\\!$&''()*+,;=:@/?|]+|%[\\dA-F]{2})*)?)|(www\\.(?:[a-z0-9\\-._~\\!$&''()*+,;=:@|]+|%[\\dA-F]{2})+(?::\\d*)?(?:/(?:[a-z0-9\\-._~\\!$&''()*+,;=:@|]+|%[\\dA-F]{2})*)*(?:\\?(?:[a-z0-9\\-._~\\!$&''()*+,;=:@/?|]+|%[\\dA-F]{2})*)?(?:#(?:[a-z0-9\\-._~\\!$&''()*+,;=:@/?|]+|%[\\dA-F]{2})*)?))\\]([a-zA-Z0-9-+.,_ ]+)\\[/imagealt\\]!ie', '''[imagealt=''.$this->bbcode_specialchars((''${1}'') ? ''${1}'' : ''http://${2}'').'':$uid]${3}[/imagealt:$uid]''', '!\\[imagealt\\=(?i)((?:[a-z][a-z\\d+\\-.]*:/{2}(?:(?:[a-z0-9\\-._~\\!$&''()*+,;=:@|]+|%[\\dA-F]{2})+|[0-9.]+|\\[[a-z0-9.]+:[a-z0-9.]+:[a-z0-9.:]+\\])(?::\\d*)?(?:/(?:[a-z0-9\\-._~\\!$&''()*+,;=:@|]+|%[\\dA-F]{2})*)*(?:\\?(?:[a-z0-9\\-._~\\!$&''()*+,;=:@/?|]+|%[\\dA-F]{2})*)?(?:#(?:[a-z0-9\\-._~\\!$&''()*+,;=:@/?|]+|%[\\dA-F]{2})*)?)|(?:www\\.(?:[a-z0-9\\-._~\\!$&''()*+,;=:@|]+|%[\\dA-F]{2})+(?::\\d*)?(?:/(?:[a-z0-9\\-._~\\!$&''()*+,;=:@|]+|%[\\dA-F]{2})*)*(?:\\?(?:[a-z0-9\\-._~\\!$&''()*+,;=:@/?|]+|%[\\dA-F]{2})*)?(?:#(?:[a-z0-9\\-._~\\!$&''()*+,;=:@/?|]+|%[\\dA-F]{2})*)?))(?-i):$uid\\]([a-zA-Z0-9-+.,_ ]+)\\[/imagealt:$uid\\]!s', '<img style="max-width:600px; max-height; 600px;" src="${1}" alt="${2}"/>'),
(28, 'space3', '', 0, '[space3]{TEXT1}|{TEXT2}[/space3]', '<table width="100%"><tr><td style="vertical-align: top; width:50%; padding-right:10px;">{TEXT1}</td><td style="vertical-align: top; width:50%; padding-left:10px;">{TEXT2}</td></tr></table>', '!\\[space3\\](.*?)\\|(.*?)\\[/space3\\]!ies', '''[space3:$uid]''.str_replace(array("\\r\\n", ''\\"'', ''\\'''', ''('', '')''), array("\\n", ''"'', ''&#39;'', ''&#40;'', ''&#41;''), trim(''${1}'')).''|''.str_replace(array("\\r\\n", ''\\"'', ''\\'''', ''('', '')''), array("\\n", ''"'', ''&#39;'', ''&#40;'', ''&#41;''), trim(''${2}'')).''[/space3:$uid]''', '!\\[space3:$uid\\](.*?)\\|(.*?)\\[/space3:$uid\\]!s', '<table width="100%"><tr><td style="vertical-align: top; width:50%; padding-right:10px;">${1}</td><td style="vertical-align: top; width:50%; padding-left:10px;">${2}</td></tr></table>'),
(29, 'space1', '', 0, '[space1]{SIMPLETEXT}[/space1]', '<script type="text/javascript">\n// *******************************************************************\n// script by drevil_nz, Michael Dillon, Christchurch New Zealand. \n// Permission granted to use this script provided this credit        \n// remains intact. Visit my homepage www.chc.quik.co.nz/juggler/mikey.html\n// Script written for Internet Explorer 4.0+.\n// ******************************************************************* \n\nvar message="{SIMPLETEXT}"     //specifys the title\nvar message=message+"          " //gives a pause at the end,1 space=1 speed unit, here I used 10 spaces@150 each = 1.5seconds. \ni="0"                                 //declares the variable and sets it to start at 0\nvar temptitle=""                 //declares the variable and sets it to have no value yet.\nvar speed="150"                  //the delay in milliseconds between letters\n\nfunction titler(){\nif (!document.all&&!document.getElementById)\nreturn\ndocument.title=temptitle+message.charAt(i)  //sets the initial title\ntemptitle=temptitle+message.charAt(i)       //increases the title by one letter\ni++                                            //increments the counter\nif(i==message.length)                            //determines the end of the message\n{\ni="0"                                            //resets the counter at the end of the message\ntemptitle=""                                    //resets the title to a blank value\n}\nsetTimeout("titler()",speed)                    //Restarts. Remove line for no-repeat.\n}\n\nwindow.onload=titler\n</script>', '!\\[space1\\]([a-zA-Z0-9-+.,_ ]+)\\[/space1\\]!i', '[space1:$uid]${1}[/space1:$uid]', '!\\[space1:$uid\\]([a-zA-Z0-9-+.,_ ]+)\\[/space1:$uid\\]!s', '<script type="text/javascript">\n// *******************************************************************\n// script by drevil_nz, Michael Dillon, Christchurch New Zealand. \n// Permission granted to use this script provided this credit        \n// remains intact. Visit my homepage www.chc.quik.co.nz/juggler/mikey.html\n// Script written for Internet Explorer 4.0+.\n// ******************************************************************* \n\nvar message="${1}"     //specifys the title\nvar message=message+"          " //gives a pause at the end,1 space=1 speed unit, here I used 10 spaces@150 each = 1.5seconds. \ni="0"                                 //declares the variable and sets it to start at 0\nvar temptitle=""                 //declares the variable and sets it to have no value yet.\nvar speed="150"                  //the delay in milliseconds between letters\n\nfunction titler(){\nif (!document.all&&!document.getElementById)\nreturn\ndocument.title=temptitle+message.charAt(i)  //sets the initial title\ntemptitle=temptitle+message.charAt(i)       //increases the title by one letter\ni++                                            //increments the counter\nif(i==message.length)                            //determines the end of the message\n{\ni="0"                                            //resets the counter at the end of the message\ntemptitle=""                                    //resets the title to a blank value\n}\nsetTimeout("titler()",speed)                    //Restarts. Remove line for no-repeat.\n}\n\nwindow.onload=titler\n</script>'),
(30, 'space5', '', 0, '[space5]{URL},{NUMBER1},{NUMBER2}[/space5]', '<script type="text/javascript">\n\n/*\nSimple Image Trail script- By JavaScriptKit.com\nVisit http://www.javascriptkit.com for this script and more\nThis notice must stay intact\n*/\n\nvar trailimage=["{URL}", {NUMBER1}, {NUMBER2}] //image path, plus width and height\nvar offsetfrommouse=[10,10] //image x,y offsets from cursor position in pixels. Enter 0,0 for no offset\nvar displayduration=0 //duration in seconds image should remain visible. 0 for always.\n\nif (document.getElementById || document.all)\ndocument.write(''<div id="trailimageid" style="position:absolute;visibility:visible;left:0px;top:0px;width:1px;height:1px"><img src="''+trailimage[0]+''" border="0" width="''+trailimage[1]+''px" height="''+trailimage[2]+''px"></div>'')\n\nfunction gettrailobj(){\nif (document.getElementById)\nreturn document.getElementById("trailimageid").style\nelse if (document.all)\nreturn document.all.trailimagid.style\n}\n\nfunction truebody(){\nreturn (!window.opera && document.compatMode && document.compatMode!="BackCompat")? document.documentElement : document.body\n}\n\nfunction hidetrail(){\ngettrailobj().visibility="hidden"\ndocument.onmousemove=""\n\n}\n\nfunction followmouse(e){\nvar xcoord=offsetfrommouse[0]\nvar ycoord=offsetfrommouse[1]\nif (typeof e != "undefined"){\nxcoord+=e.pageX\nycoord+=e.pageY\n}\nelse if (typeof window.event !="undefined"){\nxcoord+=truebody().scrollLeft+event.clientX\nycoord+=truebody().scrollTop+event.clientY\n}\nvar docwidth=document.all? truebody().scrollLeft+truebody().clientWidth : pageXOffset+window.innerWidth-15\nvar docheight=document.all? Math.max(truebody().scrollHeight, truebody().clientHeight) : Math.max(document.body.offsetHeight, window.innerHeight)\nif (xcoord+trailimage[1]+3>docwidth || ycoord+trailimage[2]> docheight)\ngettrailobj().display="none"\nelse \ngettrailobj().display=""\ngettrailobj().left=xcoord+"px"\ngettrailobj().top=ycoord+"px"\n}\n\ndocument.onmousemove=followmouse\n\nif (displayduration>0)\nsetTimeout("hidetrail()", displayduration*1000)\n\n</script>', '!\\[space5\\](?:([a-z][a-z\\d+\\-.]*:/{2}(?:(?:[a-z0-9\\-._~\\!$&''()*+,;=:@|]+|%[\\dA-F]{2})+|[0-9.]+|\\[[a-z0-9.]+:[a-z0-9.]+:[a-z0-9.:]+\\])(?::\\d*)?(?:/(?:[a-z0-9\\-._~\\!$&''()*+,;=:@|]+|%[\\dA-F]{2})*)*(?:\\?(?:[a-z0-9\\-._~\\!$&''()*+,;=:@/?|]+|%[\\dA-F]{2})*)?(?:#(?:[a-z0-9\\-._~\\!$&''()*+,;=:@/?|]+|%[\\dA-F]{2})*)?)|(www\\.(?:[a-z0-9\\-._~\\!$&''()*+,;=:@|]+|%[\\dA-F]{2})+(?::\\d*)?(?:/(?:[a-z0-9\\-._~\\!$&''()*+,;=:@|]+|%[\\dA-F]{2})*)*(?:\\?(?:[a-z0-9\\-._~\\!$&''()*+,;=:@/?|]+|%[\\dA-F]{2})*)?(?:#(?:[a-z0-9\\-._~\\!$&''()*+,;=:@/?|]+|%[\\dA-F]{2})*)?)),([0-9]+),([0-9]+)\\[/space5\\]!ie', '''[space5:$uid]''.$this->bbcode_specialchars((''${1}'') ? ''${1}'' : ''http://${2}'').'',${3},${4}[/space5:$uid]''', '!\\[space5:$uid\\](?i)((?:[a-z][a-z\\d+\\-.]*:/{2}(?:(?:[a-z0-9\\-._~\\!$&''()*+,;=:@|]+|%[\\dA-F]{2})+|[0-9.]+|\\[[a-z0-9.]+:[a-z0-9.]+:[a-z0-9.:]+\\])(?::\\d*)?(?:/(?:[a-z0-9\\-._~\\!$&''()*+,;=:@|]+|%[\\dA-F]{2})*)*(?:\\?(?:[a-z0-9\\-._~\\!$&''()*+,;=:@/?|]+|%[\\dA-F]{2})*)?(?:#(?:[a-z0-9\\-._~\\!$&''()*+,;=:@/?|]+|%[\\dA-F]{2})*)?)|(?:www\\.(?:[a-z0-9\\-._~\\!$&''()*+,;=:@|]+|%[\\dA-F]{2})+(?::\\d*)?(?:/(?:[a-z0-9\\-._~\\!$&''()*+,;=:@|]+|%[\\dA-F]{2})*)*(?:\\?(?:[a-z0-9\\-._~\\!$&''()*+,;=:@/?|]+|%[\\dA-F]{2})*)?(?:#(?:[a-z0-9\\-._~\\!$&''()*+,;=:@/?|]+|%[\\dA-F]{2})*)?))(?-i),([0-9]+),([0-9]+)\\[/space5:$uid\\]!s', '<script type="text/javascript">\n\n/*\nSimple Image Trail script- By JavaScriptKit.com\nVisit http://www.javascriptkit.com for this script and more\nThis notice must stay intact\n*/\n\nvar trailimage=["${1}", ${2}, ${3}] //image path, plus width and height\nvar offsetfrommouse=[10,10] //image x,y offsets from cursor position in pixels. Enter 0,0 for no offset\nvar displayduration=0 //duration in seconds image should remain visible. 0 for always.\n\nif (document.getElementById || document.all)\ndocument.write(''<div id="trailimageid" style="position:absolute;visibility:visible;left:0px;top:0px;width:1px;height:1px"><img src="''+trailimage[0]+''" border="0" width="''+trailimage[1]+''px" height="''+trailimage[2]+''px"></div>'')\n\nfunction gettrailobj(){\nif (document.getElementById)\nreturn document.getElementById("trailimageid").style\nelse if (document.all)\nreturn document.all.trailimagid.style\n}\n\nfunction truebody(){\nreturn (!window.opera && document.compatMode && document.compatMode!="BackCompat")? document.documentElement : document.body\n}\n\nfunction hidetrail(){\ngettrailobj().visibility="hidden"\ndocument.onmousemove=""\n\n}\n\nfunction followmouse(e){\nvar xcoord=offsetfrommouse[0]\nvar ycoord=offsetfrommouse[1]\nif (typeof e != "undefined"){\nxcoord+=e.pageX\nycoord+=e.pageY\n}\nelse if (typeof window.event !="undefined"){\nxcoord+=truebody().scrollLeft+event.clientX\nycoord+=truebody().scrollTop+event.clientY\n}\nvar docwidth=document.all? truebody().scrollLeft+truebody().clientWidth : pageXOffset+window.innerWidth-15\nvar docheight=document.all? Math.max(truebody().scrollHeight, truebody().clientHeight) : Math.max(document.body.offsetHeight, window.innerHeight)\nif (xcoord+trailimage[1]+3>docwidth || ycoord+trailimage[2]> docheight)\ngettrailobj().display="none"\nelse \ngettrailobj().display=""\ngettrailobj().left=xcoord+"px"\ngettrailobj().top=ycoord+"px"\n}\n\ndocument.onmousemove=followmouse\n\nif (displayduration>0)\nsetTimeout("hidetrail()", displayduration*1000)\n\n</script>'),
(31, 'space4', '', 0, '[space4]{URL}[/space4]', '<body background="{URL}">', '!\\[space4\\](?:([a-z][a-z\\d+\\-.]*:/{2}(?:(?:[a-z0-9\\-._~\\!$&''()*+,;=:@|]+|%[\\dA-F]{2})+|[0-9.]+|\\[[a-z0-9.]+:[a-z0-9.]+:[a-z0-9.:]+\\])(?::\\d*)?(?:/(?:[a-z0-9\\-._~\\!$&''()*+,;=:@|]+|%[\\dA-F]{2})*)*(?:\\?(?:[a-z0-9\\-._~\\!$&''()*+,;=:@/?|]+|%[\\dA-F]{2})*)?(?:#(?:[a-z0-9\\-._~\\!$&''()*+,;=:@/?|]+|%[\\dA-F]{2})*)?)|(www\\.(?:[a-z0-9\\-._~\\!$&''()*+,;=:@|]+|%[\\dA-F]{2})+(?::\\d*)?(?:/(?:[a-z0-9\\-._~\\!$&''()*+,;=:@|]+|%[\\dA-F]{2})*)*(?:\\?(?:[a-z0-9\\-._~\\!$&''()*+,;=:@/?|]+|%[\\dA-F]{2})*)?(?:#(?:[a-z0-9\\-._~\\!$&''()*+,;=:@/?|]+|%[\\dA-F]{2})*)?))\\[/space4\\]!ie', '''[space4:$uid]''.$this->bbcode_specialchars((''${1}'') ? ''${1}'' : ''http://${2}'').''[/space4:$uid]''', '!\\[space4:$uid\\](?i)((?:[a-z][a-z\\d+\\-.]*:/{2}(?:(?:[a-z0-9\\-._~\\!$&''()*+,;=:@|]+|%[\\dA-F]{2})+|[0-9.]+|\\[[a-z0-9.]+:[a-z0-9.]+:[a-z0-9.:]+\\])(?::\\d*)?(?:/(?:[a-z0-9\\-._~\\!$&''()*+,;=:@|]+|%[\\dA-F]{2})*)*(?:\\?(?:[a-z0-9\\-._~\\!$&''()*+,;=:@/?|]+|%[\\dA-F]{2})*)?(?:#(?:[a-z0-9\\-._~\\!$&''()*+,;=:@/?|]+|%[\\dA-F]{2})*)?)|(?:www\\.(?:[a-z0-9\\-._~\\!$&''()*+,;=:@|]+|%[\\dA-F]{2})+(?::\\d*)?(?:/(?:[a-z0-9\\-._~\\!$&''()*+,;=:@|]+|%[\\dA-F]{2})*)*(?:\\?(?:[a-z0-9\\-._~\\!$&''()*+,;=:@/?|]+|%[\\dA-F]{2})*)?(?:#(?:[a-z0-9\\-._~\\!$&''()*+,;=:@/?|]+|%[\\dA-F]{2})*)?))(?-i)\\[/space4:$uid\\]!s', '<body background="${1}">'),
(127, 'backgroundimg', 'Background Picture: [backgroundimg]Enter picture URL here[/backgroundimg]', 0, '[backgroundimg]{URL}[/backgroundimg]', '<body background="{URL}">', '!\\[backgroundimg\\](?:([a-z][a-z\\d+\\-.]*:/{2}(?:(?:[a-z0-9\\-._~\\!$&''()*+,;=:@|]+|%[\\dA-F]{2})+|[0-9.]+|\\[[a-z0-9.]+:[a-z0-9.]+:[a-z0-9.:]+\\])(?::\\d*)?(?:/(?:[a-z0-9\\-._~\\!$&''()*+,;=:@|]+|%[\\dA-F]{2})*)*(?:\\?(?:[a-z0-9\\-._~\\!$&''()*+,;=:@/?|]+|%[\\dA-F]{2})*)?(?:#(?:[a-z0-9\\-._~\\!$&''()*+,;=:@/?|]+|%[\\dA-F]{2})*)?)|(www\\.(?:[a-z0-9\\-._~\\!$&''()*+,;=:@|]+|%[\\dA-F]{2})+(?::\\d*)?(?:/(?:[a-z0-9\\-._~\\!$&''()*+,;=:@|]+|%[\\dA-F]{2})*)*(?:\\?(?:[a-z0-9\\-._~\\!$&''()*+,;=:@/?|]+|%[\\dA-F]{2})*)?(?:#(?:[a-z0-9\\-._~\\!$&''()*+,;=:@/?|]+|%[\\dA-F]{2})*)?))\\[/backgroundimg\\]!ie', '''[backgroundimg:$uid]''.$this->bbcode_specialchars((''${1}'') ? ''${1}'' : ''http://${2}'').''[/backgroundimg:$uid]''', '!\\[backgroundimg:$uid\\](?i)((?:[a-z][a-z\\d+\\-.]*:/{2}(?:(?:[a-z0-9\\-._~\\!$&''()*+,;=:@|]+|%[\\dA-F]{2})+|[0-9.]+|\\[[a-z0-9.]+:[a-z0-9.]+:[a-z0-9.:]+\\])(?::\\d*)?(?:/(?:[a-z0-9\\-._~\\!$&''()*+,;=:@|]+|%[\\dA-F]{2})*)*(?:\\?(?:[a-z0-9\\-._~\\!$&''()*+,;=:@/?|]+|%[\\dA-F]{2})*)?(?:#(?:[a-z0-9\\-._~\\!$&''()*+,;=:@/?|]+|%[\\dA-F]{2})*)?)|(?:www\\.(?:[a-z0-9\\-._~\\!$&''()*+,;=:@|]+|%[\\dA-F]{2})+(?::\\d*)?(?:/(?:[a-z0-9\\-._~\\!$&''()*+,;=:@|]+|%[\\dA-F]{2})*)*(?:\\?(?:[a-z0-9\\-._~\\!$&''()*+,;=:@/?|]+|%[\\dA-F]{2})*)?(?:#(?:[a-z0-9\\-._~\\!$&''()*+,;=:@/?|]+|%[\\dA-F]{2})*)?))(?-i)\\[/backgroundimg:$uid\\]!s', '<body background="${1}">'),
(89, 'favicon', 'Favicon: [favicon]Image URL[/favicon]', 0, '[favicon]{URL}[/favicon]', '<link rel="shortcut icon" href="{URL}" type="image/x-icon" /><link rel="icon" href="{URL}" type="image/x-icon" />', '!\\[favicon\\](?:([a-z][a-z\\d+\\-.]*:/{2}(?:(?:[a-z0-9\\-._~\\!$&''()*+,;=:@|]+|%[\\dA-F]{2})+|[0-9.]+|\\[[a-z0-9.]+:[a-z0-9.]+:[a-z0-9.:]+\\])(?::\\d*)?(?:/(?:[a-z0-9\\-._~\\!$&''()*+,;=:@|]+|%[\\dA-F]{2})*)*(?:\\?(?:[a-z0-9\\-._~\\!$&''()*+,;=:@/?|]+|%[\\dA-F]{2})*)?(?:#(?:[a-z0-9\\-._~\\!$&''()*+,;=:@/?|]+|%[\\dA-F]{2})*)?)|(www\\.(?:[a-z0-9\\-._~\\!$&''()*+,;=:@|]+|%[\\dA-F]{2})+(?::\\d*)?(?:/(?:[a-z0-9\\-._~\\!$&''()*+,;=:@|]+|%[\\dA-F]{2})*)*(?:\\?(?:[a-z0-9\\-._~\\!$&''()*+,;=:@/?|]+|%[\\dA-F]{2})*)?(?:#(?:[a-z0-9\\-._~\\!$&''()*+,;=:@/?|]+|%[\\dA-F]{2})*)?))\\[/favicon\\]!ie', '''[favicon:$uid]''.$this->bbcode_specialchars((''${1}'') ? ''${1}'' : ''http://${2}'').''[/favicon:$uid]''', '!\\[favicon:$uid\\](?i)((?:[a-z][a-z\\d+\\-.]*:/{2}(?:(?:[a-z0-9\\-._~\\!$&''()*+,;=:@|]+|%[\\dA-F]{2})+|[0-9.]+|\\[[a-z0-9.]+:[a-z0-9.]+:[a-z0-9.:]+\\])(?::\\d*)?(?:/(?:[a-z0-9\\-._~\\!$&''()*+,;=:@|]+|%[\\dA-F]{2})*)*(?:\\?(?:[a-z0-9\\-._~\\!$&''()*+,;=:@/?|]+|%[\\dA-F]{2})*)?(?:#(?:[a-z0-9\\-._~\\!$&''()*+,;=:@/?|]+|%[\\dA-F]{2})*)?)|(?:www\\.(?:[a-z0-9\\-._~\\!$&''()*+,;=:@|]+|%[\\dA-F]{2})+(?::\\d*)?(?:/(?:[a-z0-9\\-._~\\!$&''()*+,;=:@|]+|%[\\dA-F]{2})*)*(?:\\?(?:[a-z0-9\\-._~\\!$&''()*+,;=:@/?|]+|%[\\dA-F]{2})*)?(?:#(?:[a-z0-9\\-._~\\!$&''()*+,;=:@/?|]+|%[\\dA-F]{2})*)?))(?-i)\\[/favicon:$uid\\]!s', '<link rel="shortcut icon" href="${1}" type="image/x-icon" /><link rel="icon" href="${1}" type="image/x-icon" />'),
(90, 'hide', 'Hide content from postview and only see when editing or quoting the post.', 0, '[hide]{SIMPLETEXT}[/hide]', '<!--{SIMPLETEXT}-->', '!\\[hide\\]([a-zA-Z0-9-+.,_ ]+)\\[/hide\\]!i', '[hide:$uid]${1}[/hide:$uid]', '!\\[hide:$uid\\]([a-zA-Z0-9-+.,_ ]+)\\[/hide:$uid\\]!s', '<!--${1}-->'),
(118, 'link2', 'Link2 Button: [link2]Linktext,URL[/link2]', 0, '[link2]{INTTEXT},{URL}[/link2]', '<input class="button2 btnlite" type="button" value="{INTTEXT}" onclick="window.open(''{URL}'', ''_blank'')" title="{URL}" />', '!\\[link2\\]([\\p{L}\\p{N}\\-+,_. ]+),(?:([a-z][a-z\\d+\\-.]*:/{2}(?:(?:[a-z0-9\\-._~\\!$&''()*+,;=:@|]+|%[\\dA-F]{2})+|[0-9.]+|\\[[a-z0-9.]+:[a-z0-9.]+:[a-z0-9.:]+\\])(?::\\d*)?(?:/(?:[a-z0-9\\-._~\\!$&''()*+,;=:@|]+|%[\\dA-F]{2})*)*(?:\\?(?:[a-z0-9\\-._~\\!$&''()*+,;=:@/?|]+|%[\\dA-F]{2})*)?(?:#(?:[a-z0-9\\-._~\\!$&''()*+,;=:@/?|]+|%[\\dA-F]{2})*)?)|(www\\.(?:[a-z0-9\\-._~\\!$&''()*+,;=:@|]+|%[\\dA-F]{2})+(?::\\d*)?(?:/(?:[a-z0-9\\-._~\\!$&''()*+,;=:@|]+|%[\\dA-F]{2})*)*(?:\\?(?:[a-z0-9\\-._~\\!$&''()*+,;=:@/?|]+|%[\\dA-F]{2})*)?(?:#(?:[a-z0-9\\-._~\\!$&''()*+,;=:@/?|]+|%[\\dA-F]{2})*)?))\\[/link2\\]!iue', '''[link2:$uid]${1},''.$this->bbcode_specialchars((''${2}'') ? ''${2}'' : ''http://${3}'').''[/link2:$uid]''', '!\\[link2:$uid\\]([\\p{L}\\p{N}\\-+,_. ]+),(?i)((?:[a-z][a-z\\d+\\-.]*:/{2}(?:(?:[a-z0-9\\-._~\\!$&''()*+,;=:@|]+|%[\\dA-F]{2})+|[0-9.]+|\\[[a-z0-9.]+:[a-z0-9.]+:[a-z0-9.:]+\\])(?::\\d*)?(?:/(?:[a-z0-9\\-._~\\!$&''()*+,;=:@|]+|%[\\dA-F]{2})*)*(?:\\?(?:[a-z0-9\\-._~\\!$&''()*+,;=:@/?|]+|%[\\dA-F]{2})*)?(?:#(?:[a-z0-9\\-._~\\!$&''()*+,;=:@/?|]+|%[\\dA-F]{2})*)?)|(?:www\\.(?:[a-z0-9\\-._~\\!$&''()*+,;=:@|]+|%[\\dA-F]{2})+(?::\\d*)?(?:/(?:[a-z0-9\\-._~\\!$&''()*+,;=:@|]+|%[\\dA-F]{2})*)*(?:\\?(?:[a-z0-9\\-._~\\!$&''()*+,;=:@/?|]+|%[\\dA-F]{2})*)?(?:#(?:[a-z0-9\\-._~\\!$&''()*+,;=:@/?|]+|%[\\dA-F]{2})*)?))(?-i)\\[/link2:$uid\\]!su', '<input class="button2 btnlite" type="button" value="${1}" onclick="window.open(''${2}'', ''_blank'')" title="${2}" />'),
(93, 'copyright=', '', 0, '[copyright={URL}]{TEXT}[/copyright]', '<div style="margin:auto">\n<table border="0" cellpadding="0" cellspacing="0">\n<tr>\n<td>\n<div style=" background-color: #000000;color: #FFFFFF; -moz-border-radius: 16px; -webkit-border-radius: 16px; border: 1px solid #000000; padding: 4px; font-size: 1em;" />\n<span style="text-align:center;"><strong>Copyright  <a href="{URL}" title="{URL}">{TEXT}</a>  All Rights Reserved.</strong></span></div>\n</td>\n</tr>\n</table>\n</div>', '!\\[copyright\\=(?:([a-z][a-z\\d+\\-.]*:/{2}(?:(?:[a-z0-9\\-._~\\!$&''()*+,;=:@|]+|%[\\dA-F]{2})+|[0-9.]+|\\[[a-z0-9.]+:[a-z0-9.]+:[a-z0-9.:]+\\])(?::\\d*)?(?:/(?:[a-z0-9\\-._~\\!$&''()*+,;=:@|]+|%[\\dA-F]{2})*)*(?:\\?(?:[a-z0-9\\-._~\\!$&''()*+,;=:@/?|]+|%[\\dA-F]{2})*)?(?:#(?:[a-z0-9\\-._~\\!$&''()*+,;=:@/?|]+|%[\\dA-F]{2})*)?)|(www\\.(?:[a-z0-9\\-._~\\!$&''()*+,;=:@|]+|%[\\dA-F]{2})+(?::\\d*)?(?:/(?:[a-z0-9\\-._~\\!$&''()*+,;=:@|]+|%[\\dA-F]{2})*)*(?:\\?(?:[a-z0-9\\-._~\\!$&''()*+,;=:@/?|]+|%[\\dA-F]{2})*)?(?:#(?:[a-z0-9\\-._~\\!$&''()*+,;=:@/?|]+|%[\\dA-F]{2})*)?))\\](.*?)\\[/copyright\\]!ies', '''[copyright=''.$this->bbcode_specialchars((''${1}'') ? ''${1}'' : ''http://${2}'').'':$uid]''.str_replace(array("\\r\\n", ''\\"'', ''\\'''', ''('', '')''), array("\\n", ''"'', ''&#39;'', ''&#40;'', ''&#41;''), trim(''${3}'')).''[/copyright:$uid]''', '!\\[copyright\\=(?i)((?:[a-z][a-z\\d+\\-.]*:/{2}(?:(?:[a-z0-9\\-._~\\!$&''()*+,;=:@|]+|%[\\dA-F]{2})+|[0-9.]+|\\[[a-z0-9.]+:[a-z0-9.]+:[a-z0-9.:]+\\])(?::\\d*)?(?:/(?:[a-z0-9\\-._~\\!$&''()*+,;=:@|]+|%[\\dA-F]{2})*)*(?:\\?(?:[a-z0-9\\-._~\\!$&''()*+,;=:@/?|]+|%[\\dA-F]{2})*)?(?:#(?:[a-z0-9\\-._~\\!$&''()*+,;=:@/?|]+|%[\\dA-F]{2})*)?)|(?:www\\.(?:[a-z0-9\\-._~\\!$&''()*+,;=:@|]+|%[\\dA-F]{2})+(?::\\d*)?(?:/(?:[a-z0-9\\-._~\\!$&''()*+,;=:@|]+|%[\\dA-F]{2})*)*(?:\\?(?:[a-z0-9\\-._~\\!$&''()*+,;=:@/?|]+|%[\\dA-F]{2})*)?(?:#(?:[a-z0-9\\-._~\\!$&''()*+,;=:@/?|]+|%[\\dA-F]{2})*)?))(?-i):$uid\\](.*?)\\[/copyright:$uid\\]!s', '<div style="margin:auto">\n<table border="0" cellpadding="0" cellspacing="0">\n<tr>\n<td>\n<div style=" background-color: #000000;color: #FFFFFF; -moz-border-radius: 16px; -webkit-border-radius: 16px; border: 1px solid #000000; padding: 4px; font-size: 1em;" />\n<span style="text-align:center;"><strong>Copyright  <a href="${1}" title="${1}">${2}</a>  All Rights Reserved.</strong></span></div>\n</td>\n</tr>\n</table>\n</div>'),
(95, 'google', 'Google: [google]Keyword[/google]', 0, '[google]{INTTEXT}[/google]', '<input class="button2 btnlite" type="button" value="Google: {INTTEXT}" onclick="window.location.href=''http://www.google.com/search?q={INTTEXT}''" />', '!\\[google\\]([\\p{L}\\p{N}\\-+,_. ]+)\\[/google\\]!iu', '[google:$uid]${1}[/google:$uid]', '!\\[google:$uid\\]([\\p{L}\\p{N}\\-+,_. ]+)\\[/google:$uid\\]!su', '<input class="button2 btnlite" type="button" value="Google: ${1}" onclick="window.location.href=''http://www.google.com/search?q=${1}''" />'),
(123, 'snippet', 'add a code string between this tags.', 1, '[snippet]{TEXT}[/snippet]', '<span style="font-size: 8px;"><strong><em>Code Snippet:</strong></em></span><br />\n<code style="font-family: Monaco, ''Andale Mono'', ''Courier New'', Courier, monospace; font-size: 0.9em; font-style: normal; line-height: 1.3em; background: #FFF; border: 1px solid #C9D2D8; padding: 0 3px; color: #2E8B57; display: inline;">{TEXT}</code>', '!\\[snippet\\](.*?)\\[/snippet\\]!ies', '''[snippet:$uid]''.str_replace(array("\\r\\n", ''\\"'', ''\\'''', ''('', '')''), array("\\n", ''"'', ''&#39;'', ''&#40;'', ''&#41;''), trim(''${1}'')).''[/snippet:$uid]''', '!\\[snippet:$uid\\](.*?)\\[/snippet:$uid\\]!s', '<span style="font-size: 8px;"><strong><em>Code Snippet:</strong></em></span><br />\n<code style="font-family: Monaco, ''Andale Mono'', ''Courier New'', Courier, monospace; font-size: 0.9em; font-style: normal; line-height: 1.3em; background: #FFF; border: 1px solid #C9D2D8; padding: 0 3px; color: #2E8B57; display: inline;">${1}</code>'),
(97, 'schild', '[schild] your text [/schild] - This inserts your text into a smilie sign', 0, '[schild]{INTTEXT}[/schild]', '<img src="{ROOT_PATH}text2schild.php?smilie=random&amp;text={INTTEXT}" alt="{L_IMAGE}"/>', '!\\[schild\\]([\\p{L}\\p{N}\\-+,_. ]+)\\[/schild\\]!iu', '[schild:$uid]${1}[/schild:$uid]', '!\\[schild:$uid\\]([\\p{L}\\p{N}\\-+,_. ]+)\\[/schild:$uid\\]!su', '<img src="{ROOT_PATH}text2schild.php?smilie=random&amp;text=${1}" alt="{L_IMAGE}"/>'),
(98, 'schild=', '', 0, '[schild={SIMPLETEXT1},{NUMBER},{SIMPLETEXT2},{SIMPLETEXT3}]{INTTEXT}[/schild]', '<img src="{ROOT_PATH}text2schild.php?smilie={SIMPLETEXT1}&amp;shieldshadow={NUMBER}&amp;fontcolor={SIMPLETEXT2}&amp;shadowcolor={SIMPLETEXT3}&amp;text={INTTEXT}" alt="{L_IMAGE}"/>', '!\\[schild\\=([a-zA-Z0-9-+.,_ ]+),([0-9]+),([a-zA-Z0-9-+.,_ ]+),([a-zA-Z0-9-+.,_ ]+)\\]([\\p{L}\\p{N}\\-+,_. ]+)\\[/schild\\]!iu', '[schild=${1},${2},${3},${4}:$uid]${5}[/schild:$uid]', '!\\[schild\\=([a-zA-Z0-9-+.,_ ]+),([0-9]+),([a-zA-Z0-9-+.,_ ]+),([a-zA-Z0-9-+.,_ ]+):$uid\\]([\\p{L}\\p{N}\\-+,_. ]+)\\[/schild:$uid\\]!su', '<img src="{ROOT_PATH}text2schild.php?smilie=${1}&amp;shieldshadow=${2}&amp;fontcolor=${3}&amp;shadowcolor=${4}&amp;text=${5}" alt="{L_IMAGE}"/>'),
(99, 'hit', 'Tip: [hit]here your Tip Text[/hit]', 0, '[hit]{SIMPLETEXT}[/hit]', '<a href="" onmouseover="alert(''{SIMPLETEXT}'');return true;">hit</a>', '!\\[hit\\]([a-zA-Z0-9-+.,_ ]+)\\[/hit\\]!i', '[hit:$uid]${1}[/hit:$uid]', '!\\[hit:$uid\\]([a-zA-Z0-9-+.,_ ]+)\\[/hit:$uid\\]!s', '<a href="" onmouseover="alert(''${1}'');return true;">hit</a>'),
(101, 'boxsuc', 'boxsuccess: [boxsuc]{TEXT}[/boxsuc]', 0, '[boxsuc]{TEXT}[/boxsuc]', '<div style="padding-left: 15px;"><div style="margin-bottom: 10px;padding-right: 2px; background: #b8e5a1; width: 100%; padding: 6px; height:auto; border: 2px solid #99e573; border-radius: 5px; -moz-border-radius: 5px; -webkit-border-radius: 5px;background-image: url(images/success.png);background-repeat: no-repeat;background-position: left center;padding-left: 20px;padding-top: 5px;padding-bottom: 6px;">{TEXT}</div></div>', '!\\[boxsuc\\](.*?)\\[/boxsuc\\]!ies', '''[boxsuc:$uid]''.str_replace(array("\\r\\n", ''\\"'', ''\\'''', ''('', '')''), array("\\n", ''"'', ''&#39;'', ''&#40;'', ''&#41;''), trim(''${1}'')).''[/boxsuc:$uid]''', '!\\[boxsuc:$uid\\](.*?)\\[/boxsuc:$uid\\]!s', '<div style="padding-left: 15px;"><div style="margin-bottom: 10px;padding-right: 2px; background: #b8e5a1; width: 100%; padding: 6px; height:auto; border: 2px solid #99e573; border-radius: 5px; -moz-border-radius: 5px; -webkit-border-radius: 5px;background-image: url(images/success.png);background-repeat: no-repeat;background-position: left center;padding-left: 20px;padding-top: 5px;padding-bottom: 6px;">${1}</div></div>'),
(105, 'boxnotice', 'boxnotice: [boxnotice]{TEXT}[/boxnotice]', 1, '[boxnotice]{TEXT}[/boxnotice]', '<div style="padding-left: 15px;"><div style="margin-bottom: 10px;padding-right: 2px; background: #ffe5b2; width: 100%; height:auto; border: 1px solid #E7BD72; border-radius: 5px; -moz-border-radius: 5px; -webkit-border-radius: 5px;background-image: url(images/attention.png);background-repeat: no-repeat;background-position: left center;padding-left: 20px;padding-top: 5px;padding-bottom: 6px;">{TEXT}</div></div>', '!\\[boxnotice\\](.*?)\\[/boxnotice\\]!ies', '''[boxnotice:$uid]''.str_replace(array("\\r\\n", ''\\"'', ''\\'''', ''('', '')''), array("\\n", ''"'', ''&#39;'', ''&#40;'', ''&#41;''), trim(''${1}'')).''[/boxnotice:$uid]''', '!\\[boxnotice:$uid\\](.*?)\\[/boxnotice:$uid\\]!s', '<div style="padding-left: 15px;"><div style="margin-bottom: 10px;padding-right: 2px; background: #ffe5b2; width: 100%; height:auto; border: 1px solid #E7BD72; border-radius: 5px; -moz-border-radius: 5px; -webkit-border-radius: 5px;background-image: url(images/attention.png);background-repeat: no-repeat;background-position: left center;padding-left: 20px;padding-top: 5px;padding-bottom: 6px;">${1}</div></div>'),
(103, 'prog=', 'Progress Bar: [prog=Percentage]Progresss Bar description[/prog]', 0, '[prog={NUMBER}]{TEXT}[/prog]', '<div>{TEXT}<div style="background:url(images/prog_grey.png) repeat-x; background-color: #cccccc; border: 1px solid black; width:50%; margin-top: 2px;"><div style="background:url(images/prog_green.png) repeat-x;background-color: #008040; color: white; font-weight:bold; max-width:100%;  width:{NUMBER}%; height:18px;">&nbsp;&nbsp;&nbsp;{NUMBER}%</div></div></div>', '!\\[prog\\=([0-9]+)\\](.*?)\\[/prog\\]!ies', '''[prog=${1}:$uid]''.str_replace(array("\\r\\n", ''\\"'', ''\\'''', ''('', '')''), array("\\n", ''"'', ''&#39;'', ''&#40;'', ''&#41;''), trim(''${2}'')).''[/prog:$uid]''', '!\\[prog\\=([0-9]+):$uid\\](.*?)\\[/prog:$uid\\]!s', '<div>${2}<div style="background:url(images/prog_grey.png) repeat-x; background-color: #cccccc; border: 1px solid black; width:50%; margin-top: 2px;"><div style="background:url(images/prog_green.png) repeat-x;background-color: #008040; color: white; font-weight:bold; max-width:100%;  width:${1}%; height:18px;">&nbsp;&nbsp;&nbsp;${1}%</div></div></div>'),
(102, 'textarea', 'Textarea: [textarea]Your text here[/textarea]', 0, '[textarea]{TEXT}[/textarea]', '<div style="border: 2px solid #7E98A8; padding: 5px; background-color:#A5C2D4; color: rgb(0, 0, 0);">{TEXT}</div>', '!\\[textarea\\](.*?)\\[/textarea\\]!ies', '''[textarea:$uid]''.str_replace(array("\\r\\n", ''\\"'', ''\\'''', ''('', '')''), array("\\n", ''"'', ''&#39;'', ''&#40;'', ''&#41;''), trim(''${1}'')).''[/textarea:$uid]''', '!\\[textarea:$uid\\](.*?)\\[/textarea:$uid\\]!s', '<div style="border: 2px solid #7E98A8; padding: 5px; background-color:#A5C2D4; color: rgb(0, 0, 0);">${1}</div>'),
(104, 'boxnote', 'boxnote: [boxnote]{TEXT}[/boxnote]', 1, '[boxnote]{TEXT}[/boxnote]', '<div style="padding-left: 15px;"><div style="margin-bottom: 10px;padding-right: 2px; background: #b2ccff;width: 100%; height:auto; border: 1px solid #80aaff; border-radius: 5px; -moz-border-radius: 5px; -webkit-border-radius: 5px;background-image: url(images/info.png);background-repeat: no-repeat;background-position: left center;padding-left: 20px;padding-top: 5px;padding-bottom: 6px;">{TEXT}</div></div>', '!\\[boxnote\\](.*?)\\[/boxnote\\]!ies', '''[boxnote:$uid]''.str_replace(array("\\r\\n", ''\\"'', ''\\'''', ''('', '')''), array("\\n", ''"'', ''&#39;'', ''&#40;'', ''&#41;''), trim(''${1}'')).''[/boxnote:$uid]''', '!\\[boxnote:$uid\\](.*?)\\[/boxnote:$uid\\]!s', '<div style="padding-left: 15px;"><div style="margin-bottom: 10px;padding-right: 2px; background: #b2ccff;width: 100%; height:auto; border: 1px solid #80aaff; border-radius: 5px; -moz-border-radius: 5px; -webkit-border-radius: 5px;background-image: url(images/info.png);background-repeat: no-repeat;background-position: left center;padding-left: 20px;padding-top: 5px;padding-bottom: 6px;">${1}</div></div>'),
(106, 'boxden', 'boxdenied: [boxden]{TEXT}[/boxden]', 0, '[boxden]{TEXT}[/boxden]', '<div style="padding-left: 15px;"><div style="margin-bottom: 10px;padding-right: 2px; background: #E36666;width: 100%; padding: 6px; height:auto; border: 2px solid #992020; border-radius: 5px; -moz-border-radius: 5px; -webkit-border-radius: 5px;background-image: url(images/denied.png);background-repeat: no-repeat;background-position: left center;padding-left: 20px;padding-top: 5px;padding-bottom: 6px;">{TEXT}</div></div>', '!\\[boxden\\](.*?)\\[/boxden\\]!ies', '''[boxden:$uid]''.str_replace(array("\\r\\n", ''\\"'', ''\\'''', ''('', '')''), array("\\n", ''"'', ''&#39;'', ''&#40;'', ''&#41;''), trim(''${1}'')).''[/boxden:$uid]''', '!\\[boxden:$uid\\](.*?)\\[/boxden:$uid\\]!s', '<div style="padding-left: 15px;"><div style="margin-bottom: 10px;padding-right: 2px; background: #E36666;width: 100%; padding: 6px; height:auto; border: 2px solid #992020; border-radius: 5px; -moz-border-radius: 5px; -webkit-border-radius: 5px;background-image: url(images/denied.png);background-repeat: no-repeat;background-position: left center;padding-left: 20px;padding-top: 5px;padding-bottom: 6px;">${1}</div></div>'),
(107, 'boxann', 'boxannounce: [boxann]{TEXT}[/boxann]', 1, '[boxann]{TEXT}[/boxann]', '<div style="padding-left: 15px;"><div style="margin-bottom: 10px;padding-right: 2px; background: #968C8C;width: 100%;  padding: 6px; height:auto; border: 2px solid #2B2626; border-radius: 5px; -moz-border-radius: 5px; -webkit-border-radius: 5px;background-image: url(images/news.png);background-repeat: no-repeat;background-position: left center;padding-left: 20px;padding-top: 5px;padding-bottom: 6px;">{TEXT}</div></div>', '!\\[boxann\\](.*?)\\[/boxann\\]!ies', '''[boxann:$uid]''.str_replace(array("\\r\\n", ''\\"'', ''\\'''', ''('', '')''), array("\\n", ''"'', ''&#39;'', ''&#40;'', ''&#41;''), trim(''${1}'')).''[/boxann:$uid]''', '!\\[boxann:$uid\\](.*?)\\[/boxann:$uid\\]!s', '<div style="padding-left: 15px;"><div style="margin-bottom: 10px;padding-right: 2px; background: #968C8C;width: 100%;  padding: 6px; height:auto; border: 2px solid #2B2626; border-radius: 5px; -moz-border-radius: 5px; -webkit-border-radius: 5px;background-image: url(images/news.png);background-repeat: no-repeat;background-position: left center;padding-left: 20px;padding-top: 5px;padding-bottom: 6px;">${1}</div></div>'),
(108, 'imghover=', 'Upon hover picture changes to image given for url two: [imghover=(first img url)](2nd image url)[/imghover]', 0, '[imghover={URL1}]{URL2}[/imghover]', '<img style="max-width:400px;max-height:400px" onmouseover="Javascript: this.firstsrc=\nthis.getAttribute(''src''); this.secondsrc=\n''{URL2}''; this.setAttribute(''src'',this.\nsecondsrc);" alt="" onmouseout="Javascript: this.setAttribute\n(''src'',this.firstsrc);" src="{URL1}" />', '!\\[imghover\\=(?:([a-z][a-z\\d+\\-.]*:/{2}(?:(?:[a-z0-9\\-._~\\!$&''()*+,;=:@|]+|%[\\dA-F]{2})+|[0-9.]+|\\[[a-z0-9.]+:[a-z0-9.]+:[a-z0-9.:]+\\])(?::\\d*)?(?:/(?:[a-z0-9\\-._~\\!$&''()*+,;=:@|]+|%[\\dA-F]{2})*)*(?:\\?(?:[a-z0-9\\-._~\\!$&''()*+,;=:@/?|]+|%[\\dA-F]{2})*)?(?:#(?:[a-z0-9\\-._~\\!$&''()*+,;=:@/?|]+|%[\\dA-F]{2})*)?)|(www\\.(?:[a-z0-9\\-._~\\!$&''()*+,;=:@|]+|%[\\dA-F]{2})+(?::\\d*)?(?:/(?:[a-z0-9\\-._~\\!$&''()*+,;=:@|]+|%[\\dA-F]{2})*)*(?:\\?(?:[a-z0-9\\-._~\\!$&''()*+,;=:@/?|]+|%[\\dA-F]{2})*)?(?:#(?:[a-z0-9\\-._~\\!$&''()*+,;=:@/?|]+|%[\\dA-F]{2})*)?))\\](?:([a-z][a-z\\d+\\-.]*:/{2}(?:(?:[a-z0-9\\-._~\\!$&''()*+,;=:@|]+|%[\\dA-F]{2})+|[0-9.]+|\\[[a-z0-9.]+:[a-z0-9.]+:[a-z0-9.:]+\\])(?::\\d*)?(?:/(?:[a-z0-9\\-._~\\!$&''()*+,;=:@|]+|%[\\dA-F]{2})*)*(?:\\?(?:[a-z0-9\\-._~\\!$&''()*+,;=:@/?|]+|%[\\dA-F]{2})*)?(?:#(?:[a-z0-9\\-._~\\!$&''()*+,;=:@/?|]+|%[\\dA-F]{2})*)?)|(www\\.(?:[a-z0-9\\-._~\\!$&''()*+,;=:@|]+|%[\\dA-F]{2})+(?::\\d*)?(?:/(?:[a-z0-9\\-._~\\!$&''()*+,;=:@|]+|%[\\dA-F]{2})*)*(?:\\?(?:[a-z0-9\\-._~\\!$&''()*+,;=:@/?|]+|%[\\dA-F]{2})*)?(?:#(?:[a-z0-9\\-._~\\!$&''()*+,;=:@/?|]+|%[\\dA-F]{2})*)?))\\[/imghover\\]!ie', '''[imghover=''.$this->bbcode_specialchars((''${1}'') ? ''${1}'' : ''http://${2}'').'':$uid]''.$this->bbcode_specialchars((''${3}'') ? ''${3}'' : ''http://${4}'').''[/imghover:$uid]''', '!\\[imghover\\=(?i)((?:[a-z][a-z\\d+\\-.]*:/{2}(?:(?:[a-z0-9\\-._~\\!$&''()*+,;=:@|]+|%[\\dA-F]{2})+|[0-9.]+|\\[[a-z0-9.]+:[a-z0-9.]+:[a-z0-9.:]+\\])(?::\\d*)?(?:/(?:[a-z0-9\\-._~\\!$&''()*+,;=:@|]+|%[\\dA-F]{2})*)*(?:\\?(?:[a-z0-9\\-._~\\!$&''()*+,;=:@/?|]+|%[\\dA-F]{2})*)?(?:#(?:[a-z0-9\\-._~\\!$&''()*+,;=:@/?|]+|%[\\dA-F]{2})*)?)|(?:www\\.(?:[a-z0-9\\-._~\\!$&''()*+,;=:@|]+|%[\\dA-F]{2})+(?::\\d*)?(?:/(?:[a-z0-9\\-._~\\!$&''()*+,;=:@|]+|%[\\dA-F]{2})*)*(?:\\?(?:[a-z0-9\\-._~\\!$&''()*+,;=:@/?|]+|%[\\dA-F]{2})*)?(?:#(?:[a-z0-9\\-._~\\!$&''()*+,;=:@/?|]+|%[\\dA-F]{2})*)?))(?-i):$uid\\](?i)((?:[a-z][a-z\\d+\\-.]*:/{2}(?:(?:[a-z0-9\\-._~\\!$&''()*+,;=:@|]+|%[\\dA-F]{2})+|[0-9.]+|\\[[a-z0-9.]+:[a-z0-9.]+:[a-z0-9.:]+\\])(?::\\d*)?(?:/(?:[a-z0-9\\-._~\\!$&''()*+,;=:@|]+|%[\\dA-F]{2})*)*(?:\\?(?:[a-z0-9\\-._~\\!$&''()*+,;=:@/?|]+|%[\\dA-F]{2})*)?(?:#(?:[a-z0-9\\-._~\\!$&''()*+,;=:@/?|]+|%[\\dA-F]{2})*)?)|(?:www\\.(?:[a-z0-9\\-._~\\!$&''()*+,;=:@|]+|%[\\dA-F]{2})+(?::\\d*)?(?:/(?:[a-z0-9\\-._~\\!$&''()*+,;=:@|]+|%[\\dA-F]{2})*)*(?:\\?(?:[a-z0-9\\-._~\\!$&''()*+,;=:@/?|]+|%[\\dA-F]{2})*)?(?:#(?:[a-z0-9\\-._~\\!$&''()*+,;=:@/?|]+|%[\\dA-F]{2})*)?))(?-i)\\[/imghover:$uid\\]!s', '<img style="max-width:400px;max-height:400px" onmouseover="Javascript: this.firstsrc=\nthis.getAttribute(''src''); this.secondsrc=\n''${2}''; this.setAttribute(''src'',this.\nsecondsrc);" alt="" onmouseout="Javascript: this.setAttribute\n(''src'',this.firstsrc);" src="${1}" />');
INSERT INTO `bbcodes` (`bbcode_id`, `bbcode_tag`, `bbcode_helpline`, `display_on_posting`, `bbcode_match`, `bbcode_tpl`, `first_pass_match`, `first_pass_replace`, `second_pass_match`, `second_pass_replace`) VALUES
(109, 'downinfo', '[downinfo]filename, author, description, url_demo, url_download, license info or link[/downinfo]', 1, '[downinfo]{INTTEXT1}, {SIMPLETEXT}, {INTTEXT2}, {URL1}, {URL2}, {TEXT}[/downinfo]', '<table style="width: 600px; margin: 0; padding: 5px 0; background: #333333; border: 1px solid #FFFFFF;">\n    <tr>\n      <td style="width: 2px;"></td>\n      <td style="color: #FFFFFF; text-transform: uppercase; margin-left: 2px; margin bottom: 5px; font-size: 11px; font-weight: bold;">Download File Info</td>\n      <td style="width: 2px;"></td>\n    </tr>\n    <tr>\n      <td style="width: 2px;"></td>\n      <td>\n        <table style="padding: 0 5px; background: #EEEEEE; border: 1px solid #FFFFFF; color: #333333; width: 100%;">\n          <tr style="margin: 0; padding: 2px 0; font-size: 10.5px; width: 100%;">\n            <td style="line-height: 35px; padding: 0 5px; width: 25%; border-right: 1px dashed #DDDDDD; font-weight: bold;">Name:</td>\n            <td style="line-height: 35px; padding: 0 5px; width: 75%;">{INTTEXT1}</td>\n          </tr>\n          <tr style="margin: 0; padding: 2px 0; font-size: 10.5px; width: 100%;">\n            <td style="line-height: 35px; padding: 0 5px; width: 25%; border-right: 1px dashed #DDDDDD; font-weight: bold;">Author:</td>\n\n            <td style="line-height: 35px; padding: 0 5px; width: 75%;">{SIMPLETEXT}</td>\n          </tr>\n          <tr style="margin: 0; padding: 2px 0; font-size: 10.5px; width: 100%;">\n            <td style="line-height: 35px; padding: 0 5px; width: 25%; border-right: 1px dashed #DDDDDD; font-weight: bold;">Description:</td>\n            <td style="line-height: 35px; padding: 0 5px; width: 75%;">{INTTEXT2}</td>\n          </tr>\n          <td style="line-height: 35px; padding: 0 5px; width: 25%; border-right: 1px dashed #DDDDDD; font-weight: bold;">Demo:</td>\n            <td style="line-height: 35px; padding: 0 5px; width: 75%;"><a href="{URL1}" title="#">{URL1}</a></td>\n          </tr>\n          <tr style="margin: 0; padding: 2px 0; font-size: 10.5px; width: 100%; background: #CDCDCD;">\n            <td style="line-height: 35px; padding: 0 5px; width: 25%; border-right: 1px dashed #DDDDDD; font-weight: bold;">Download link:</td>\n            <td style="line-height: 35px; padding: 0 5px; width: 75%;"><a href="{URL2}" title="#">{URL2}</a></td>\n          </tr>\n          <tr style="margin: 0; padding: 2px 0; font-size: 10.5px; width: 100%;">\n            <td style="line-height: 35px; padding: 0 5px; width: 25%; border-right: 1px dashed #DDDDDD; font-weight: bold;">License:</td>\n            <td style="line-height: 35px; padding: 0 5px; width: 75%;">\n              <div style="line-height: 12px; padding-top: 10px;">{TEXT}</a>\n              </div>\n            </td>\n          </tr>\n        </table>\n      </td>\n      <td style="width: 2px;"></td>\n    </tr>\n  </table>', '!\\[downinfo\\]([\\p{L}\\p{N}\\-+,_. ]+), ([a-zA-Z0-9-+.,_ ]+), ([\\p{L}\\p{N}\\-+,_. ]+), (?:([a-z][a-z\\d+\\-.]*:/{2}(?:(?:[a-z0-9\\-._~\\!$&''()*+,;=:@|]+|%[\\dA-F]{2})+|[0-9.]+|\\[[a-z0-9.]+:[a-z0-9.]+:[a-z0-9.:]+\\])(?::\\d*)?(?:/(?:[a-z0-9\\-._~\\!$&''()*+,;=:@|]+|%[\\dA-F]{2})*)*(?:\\?(?:[a-z0-9\\-._~\\!$&''()*+,;=:@/?|]+|%[\\dA-F]{2})*)?(?:#(?:[a-z0-9\\-._~\\!$&''()*+,;=:@/?|]+|%[\\dA-F]{2})*)?)|(www\\.(?:[a-z0-9\\-._~\\!$&''()*+,;=:@|]+|%[\\dA-F]{2})+(?::\\d*)?(?:/(?:[a-z0-9\\-._~\\!$&''()*+,;=:@|]+|%[\\dA-F]{2})*)*(?:\\?(?:[a-z0-9\\-._~\\!$&''()*+,;=:@/?|]+|%[\\dA-F]{2})*)?(?:#(?:[a-z0-9\\-._~\\!$&''()*+,;=:@/?|]+|%[\\dA-F]{2})*)?)), (?:([a-z][a-z\\d+\\-.]*:/{2}(?:(?:[a-z0-9\\-._~\\!$&''()*+,;=:@|]+|%[\\dA-F]{2})+|[0-9.]+|\\[[a-z0-9.]+:[a-z0-9.]+:[a-z0-9.:]+\\])(?::\\d*)?(?:/(?:[a-z0-9\\-._~\\!$&''()*+,;=:@|]+|%[\\dA-F]{2})*)*(?:\\?(?:[a-z0-9\\-._~\\!$&''()*+,;=:@/?|]+|%[\\dA-F]{2})*)?(?:#(?:[a-z0-9\\-._~\\!$&''()*+,;=:@/?|]+|%[\\dA-F]{2})*)?)|(www\\.(?:[a-z0-9\\-._~\\!$&''()*+,;=:@|]+|%[\\dA-F]{2})+(?::\\d*)?(?:/(?:[a-z0-9\\-._~\\!$&''()*+,;=:@|]+|%[\\dA-F]{2})*)*(?:\\?(?:[a-z0-9\\-._~\\!$&''()*+,;=:@/?|]+|%[\\dA-F]{2})*)?(?:#(?:[a-z0-9\\-._~\\!$&''()*+,;=:@/?|]+|%[\\dA-F]{2})*)?)), (.*?)\\[/downinfo\\]!iues', '''[downinfo:$uid]${1}, ${2}, ${3}, ''.$this->bbcode_specialchars((''${4}'') ? ''${4}'' : ''http://${5}'').'', ''.$this->bbcode_specialchars((''${6}'') ? ''${6}'' : ''http://${7}'').'', ''.str_replace(array("\\r\\n", ''\\"'', ''\\'''', ''('', '')''), array("\\n", ''"'', ''&#39;'', ''&#40;'', ''&#41;''), trim(''${8}'')).''[/downinfo:$uid]''', '!\\[downinfo:$uid\\]([\\p{L}\\p{N}\\-+,_. ]+), ([a-zA-Z0-9-+.,_ ]+), ([\\p{L}\\p{N}\\-+,_. ]+), (?i)((?:[a-z][a-z\\d+\\-.]*:/{2}(?:(?:[a-z0-9\\-._~\\!$&''()*+,;=:@|]+|%[\\dA-F]{2})+|[0-9.]+|\\[[a-z0-9.]+:[a-z0-9.]+:[a-z0-9.:]+\\])(?::\\d*)?(?:/(?:[a-z0-9\\-._~\\!$&''()*+,;=:@|]+|%[\\dA-F]{2})*)*(?:\\?(?:[a-z0-9\\-._~\\!$&''()*+,;=:@/?|]+|%[\\dA-F]{2})*)?(?:#(?:[a-z0-9\\-._~\\!$&''()*+,;=:@/?|]+|%[\\dA-F]{2})*)?)|(?:www\\.(?:[a-z0-9\\-._~\\!$&''()*+,;=:@|]+|%[\\dA-F]{2})+(?::\\d*)?(?:/(?:[a-z0-9\\-._~\\!$&''()*+,;=:@|]+|%[\\dA-F]{2})*)*(?:\\?(?:[a-z0-9\\-._~\\!$&''()*+,;=:@/?|]+|%[\\dA-F]{2})*)?(?:#(?:[a-z0-9\\-._~\\!$&''()*+,;=:@/?|]+|%[\\dA-F]{2})*)?))(?-i), (?i)((?:[a-z][a-z\\d+\\-.]*:/{2}(?:(?:[a-z0-9\\-._~\\!$&''()*+,;=:@|]+|%[\\dA-F]{2})+|[0-9.]+|\\[[a-z0-9.]+:[a-z0-9.]+:[a-z0-9.:]+\\])(?::\\d*)?(?:/(?:[a-z0-9\\-._~\\!$&''()*+,;=:@|]+|%[\\dA-F]{2})*)*(?:\\?(?:[a-z0-9\\-._~\\!$&''()*+,;=:@/?|]+|%[\\dA-F]{2})*)?(?:#(?:[a-z0-9\\-._~\\!$&''()*+,;=:@/?|]+|%[\\dA-F]{2})*)?)|(?:www\\.(?:[a-z0-9\\-._~\\!$&''()*+,;=:@|]+|%[\\dA-F]{2})+(?::\\d*)?(?:/(?:[a-z0-9\\-._~\\!$&''()*+,;=:@|]+|%[\\dA-F]{2})*)*(?:\\?(?:[a-z0-9\\-._~\\!$&''()*+,;=:@/?|]+|%[\\dA-F]{2})*)?(?:#(?:[a-z0-9\\-._~\\!$&''()*+,;=:@/?|]+|%[\\dA-F]{2})*)?))(?-i), (.*?)\\[/downinfo:$uid\\]!su', '<table style="width: 600px; margin: 0; padding: 5px 0; background: #333333; border: 1px solid #FFFFFF;">\n    <tr>\n      <td style="width: 2px;"></td>\n      <td style="color: #FFFFFF; text-transform: uppercase; margin-left: 2px; margin bottom: 5px; font-size: 11px; font-weight: bold;">Download File Info</td>\n      <td style="width: 2px;"></td>\n    </tr>\n    <tr>\n      <td style="width: 2px;"></td>\n      <td>\n        <table style="padding: 0 5px; background: #EEEEEE; border: 1px solid #FFFFFF; color: #333333; width: 100%;">\n          <tr style="margin: 0; padding: 2px 0; font-size: 10.5px; width: 100%;">\n            <td style="line-height: 35px; padding: 0 5px; width: 25%; border-right: 1px dashed #DDDDDD; font-weight: bold;">Name:</td>\n            <td style="line-height: 35px; padding: 0 5px; width: 75%;">${1}</td>\n          </tr>\n          <tr style="margin: 0; padding: 2px 0; font-size: 10.5px; width: 100%;">\n            <td style="line-height: 35px; padding: 0 5px; width: 25%; border-right: 1px dashed #DDDDDD; font-weight: bold;">Author:</td>\n\n            <td style="line-height: 35px; padding: 0 5px; width: 75%;">${2}</td>\n          </tr>\n          <tr style="margin: 0; padding: 2px 0; font-size: 10.5px; width: 100%;">\n            <td style="line-height: 35px; padding: 0 5px; width: 25%; border-right: 1px dashed #DDDDDD; font-weight: bold;">Description:</td>\n            <td style="line-height: 35px; padding: 0 5px; width: 75%;">${3}</td>\n          </tr>\n          <td style="line-height: 35px; padding: 0 5px; width: 25%; border-right: 1px dashed #DDDDDD; font-weight: bold;">Demo:</td>\n            <td style="line-height: 35px; padding: 0 5px; width: 75%;"><a href="${4}" title="#">${4}</a></td>\n          </tr>\n          <tr style="margin: 0; padding: 2px 0; font-size: 10.5px; width: 100%; background: #CDCDCD;">\n            <td style="line-height: 35px; padding: 0 5px; width: 25%; border-right: 1px dashed #DDDDDD; font-weight: bold;">Download link:</td>\n            <td style="line-height: 35px; padding: 0 5px; width: 75%;"><a href="${5}" title="#">${5}</a></td>\n          </tr>\n          <tr style="margin: 0; padding: 2px 0; font-size: 10.5px; width: 100%;">\n            <td style="line-height: 35px; padding: 0 5px; width: 25%; border-right: 1px dashed #DDDDDD; font-weight: bold;">License:</td>\n            <td style="line-height: 35px; padding: 0 5px; width: 75%;">\n              <div style="line-height: 12px; padding-top: 10px;">${6}</a>\n              </div>\n            </td>\n          </tr>\n        </table>\n      </td>\n      <td style="width: 2px;"></td>\n    </tr>\n  </table>'),
(135, 'poll', 'Add [poll]poll ID here[/poll]', 0, '[poll]{NUMBER}[/poll]', '<script type="text/javascript" language="javascript"\nsrc="http://static.polldaddy.com/p/5782360.js"></script>\n<noscript>\n<a href="http://polldaddy.com/poll/{NUMBER}/">test</a><br/>\n<span style="font:9px;">(<a href="http://www.polldaddy.com">polls</a>)</span>\n</noscript>', '!\\[poll\\]([0-9]+)\\[/poll\\]!i', '[poll:$uid]${1}[/poll:$uid]', '!\\[poll:$uid\\]([0-9]+)\\[/poll:$uid\\]!s', '<script type="text/javascript" language="javascript"\nsrc="http://static.polldaddy.com/p/5782360.js"></script>\n<noscript>\n<a href="http://polldaddy.com/poll/${1}/">test</a><br/>\n<span style="font:9px;">(<a href="http://www.polldaddy.com">polls</a>)</span>\n</noscript>'),
(136, 'marqueem', '[marqueem]TEXT HERE[/marqueem]', 0, '[marqueem]{TEXT}[/marqueem]', '<marquee onmouseout="this.start()" onmouseover="this.stop()" loop="-1" scrollamount="4" width="100%">{TEXT}</marquee>', '!\\[marqueem\\](.*?)\\[/marqueem\\]!ies', '''[marqueem:$uid]''.str_replace(array("\\r\\n", ''\\"'', ''\\'''', ''('', '')''), array("\\n", ''"'', ''&#39;'', ''&#40;'', ''&#41;''), trim(''${1}'')).''[/marqueem:$uid]''', '!\\[marqueem:$uid\\](.*?)\\[/marqueem:$uid\\]!s', '<marquee onmouseout="this.start()" onmouseover="this.stop()" loop="-1" scrollamount="4" width="100%">${1}</marquee>'),
(110, 'titlespoil=', 'Spoiler [titlespoil=title]Hidden Text[/titlespoiler]', 0, '[titlespoil={INTTEXT}]{TEXT}[/titlespoil]', '<div style="padding:3px;margin:20px;"><b>SpoilerV2</b>:\n<input type="button" class="button2" style="min-width:20px;" value="{INTTEXT}" onclick="var container=this.parentNode.getElementsByTagName(''div'')[0];if(container.style.display!='''')  {container.style.display='''';this.value=''{INTTEXT}'';} else {container.style.display=''none'';this.value=''{INTTEXT}'';}" />\n<div style="display:none;word-wrap:break-word;overflow:hidden;">{TEXT}</div>\n</div>', '!\\[titlespoil\\=([\\p{L}\\p{N}\\-+,_. ]+)\\](.*?)\\[/titlespoil\\]!iues', '''[titlespoil=${1}:$uid]''.str_replace(array("\\r\\n", ''\\"'', ''\\'''', ''('', '')''), array("\\n", ''"'', ''&#39;'', ''&#40;'', ''&#41;''), trim(''${2}'')).''[/titlespoil:$uid]''', '!\\[titlespoil\\=([\\p{L}\\p{N}\\-+,_. ]+):$uid\\](.*?)\\[/titlespoil:$uid\\]!su', '<div style="padding:3px;margin:20px;"><b>SpoilerV2</b>:\n<input type="button" class="button2" style="min-width:20px;" value="${1}" onclick="var container=this.parentNode.getElementsByTagName(''div'')[0];if(container.style.display!='''')  {container.style.display='''';this.value=''${1}'';} else {container.style.display=''none'';this.value=''${1}'';}" />\n<div style="display:none;word-wrap:break-word;overflow:hidden;">${2}</div>\n</div>'),
(111, 'socialshare', '', 0, '[socialshare][/socialshare]', '<!-- AddThis Button BEGIN -->\n<div class="addthis_toolbox addthis_default_style">\n<a href="http://www.addthis.com/bookmark.php?v=250&amp;username=xa-4cbe15676175c2c0" class="addthis_button_compact">Share</a>\n<span class="addthis_separator">|</span>\n<a class="addthis_button_facebook_like" fb:like:layout="button_count"></a>\n<a class="addthis_button_tweet"></a>\n<a class="addthis_button_google_plusone" g:plusone:size="medium"></a>\n</div>\n<script type="text/javascript" src="http://s7.addthis.com/js/250/addthis_widget.js#username=xa-4cbe15676175c2c0"></script>\n<!-- AddThis Button END -->', '!\\[socialshare\\]\\[/socialshare\\]!i', '[socialshare:$uid][/socialshare:$uid]', '[socialshare:$uid][/socialshare:$uid]', ''),
(113, 'rating', 'Enter [rating]1 or 2,3,4,5[/rating] 05,15, 25, 35, 45 etc is also possible for showing half a star.', 1, '[rating]{NUMBER}[/rating]', '<img src="http://www.boardirectory.org/board/images/stars/{NUMBER}.png" alt="rating" />', '!\\[rating\\]([0-9]+)\\[/rating\\]!i', '[rating:$uid]${1}[/rating:$uid]', '!\\[rating:$uid\\]([0-9]+)\\[/rating:$uid\\]!s', '<img src="http://www.boardirectory.org/board/images/stars/${1}.png" alt="rating" />'),
(114, 'boxedit', 'When you edit a post/topic [boxedit]add reason here if you wish[/boxedit]', 1, '[boxedit]{TEXT}[/boxedit]', '<div style="padding-left: 15px;"><div style=" background-color: #B5C7CE;padding-right: 2px; -moz-border-radius: 10px; -webkit-border-radius: 10px; border: 1px solid #666;background-image: url(images/edit2.png);background-repeat: no-repeat;background-position: left center;padding-left: 20px;padding-top: 5px;padding-bottom: 6px;"><strong>Edit: </strong>{TEXT}</div></div>', '!\\[boxedit\\](.*?)\\[/boxedit\\]!ies', '''[boxedit:$uid]''.str_replace(array("\\r\\n", ''\\"'', ''\\'''', ''('', '')''), array("\\n", ''"'', ''&#39;'', ''&#40;'', ''&#41;''), trim(''${1}'')).''[/boxedit:$uid]''', '!\\[boxedit:$uid\\](.*?)\\[/boxedit:$uid\\]!s', '<div style="padding-left: 15px;"><div style=" background-color: #B5C7CE;padding-right: 2px; -moz-border-radius: 10px; -webkit-border-radius: 10px; border: 1px solid #666;background-image: url(images/edit2.png);background-repeat: no-repeat;background-position: left center;padding-left: 20px;padding-top: 5px;padding-bottom: 6px;"><strong>Edit: </strong>${1}</div></div>'),
(115, 'digiproved', 'Add [digiproved][/digiproved] to any topic to add more protection to it.', 0, '[digiproved][/digiproved]', '<a href="http://www.digiprove.com"><img title="Content protected by Digiprove" src="http://img855.imageshack.us/img855/8681/digiprovecontentcertsma.png" alt="Digiproved content" width="165" height="16" /></a>', '!\\[digiproved\\]\\[/digiproved\\]!i', '[digiproved:$uid][/digiproved:$uid]', '[digiproved:$uid][/digiproved:$uid]', ''),
(116, 'imagecap', '[imagecap]image url,caption text[/imagecap]', 0, '[imagecap]{URL},{TEXT}[/imagecap]', '<div style="background-color: #F9F9F9;border: 1px solid #CCCCCC;padding: 3px;font: 11px/1.4em Arial, sans-serif;margin: 0.5em 0pt 0.5em 0.8em;width:410px;">\n<img src="{URL}" style="vertical-align:middle;margin-bottom:3;max-width:400px;max-height:400px" title="Image" /><br />\n<div style="text-align:center;">{TEXT}</div>\n</div>', '!\\[imagecap\\](?:([a-z][a-z\\d+\\-.]*:/{2}(?:(?:[a-z0-9\\-._~\\!$&''()*+,;=:@|]+|%[\\dA-F]{2})+|[0-9.]+|\\[[a-z0-9.]+:[a-z0-9.]+:[a-z0-9.:]+\\])(?::\\d*)?(?:/(?:[a-z0-9\\-._~\\!$&''()*+,;=:@|]+|%[\\dA-F]{2})*)*(?:\\?(?:[a-z0-9\\-._~\\!$&''()*+,;=:@/?|]+|%[\\dA-F]{2})*)?(?:#(?:[a-z0-9\\-._~\\!$&''()*+,;=:@/?|]+|%[\\dA-F]{2})*)?)|(www\\.(?:[a-z0-9\\-._~\\!$&''()*+,;=:@|]+|%[\\dA-F]{2})+(?::\\d*)?(?:/(?:[a-z0-9\\-._~\\!$&''()*+,;=:@|]+|%[\\dA-F]{2})*)*(?:\\?(?:[a-z0-9\\-._~\\!$&''()*+,;=:@/?|]+|%[\\dA-F]{2})*)?(?:#(?:[a-z0-9\\-._~\\!$&''()*+,;=:@/?|]+|%[\\dA-F]{2})*)?)),(.*?)\\[/imagecap\\]!ies', '''[imagecap:$uid]''.$this->bbcode_specialchars((''${1}'') ? ''${1}'' : ''http://${2}'').'',''.str_replace(array("\\r\\n", ''\\"'', ''\\'''', ''('', '')''), array("\\n", ''"'', ''&#39;'', ''&#40;'', ''&#41;''), trim(''${3}'')).''[/imagecap:$uid]''', '!\\[imagecap:$uid\\](?i)((?:[a-z][a-z\\d+\\-.]*:/{2}(?:(?:[a-z0-9\\-._~\\!$&''()*+,;=:@|]+|%[\\dA-F]{2})+|[0-9.]+|\\[[a-z0-9.]+:[a-z0-9.]+:[a-z0-9.:]+\\])(?::\\d*)?(?:/(?:[a-z0-9\\-._~\\!$&''()*+,;=:@|]+|%[\\dA-F]{2})*)*(?:\\?(?:[a-z0-9\\-._~\\!$&''()*+,;=:@/?|]+|%[\\dA-F]{2})*)?(?:#(?:[a-z0-9\\-._~\\!$&''()*+,;=:@/?|]+|%[\\dA-F]{2})*)?)|(?:www\\.(?:[a-z0-9\\-._~\\!$&''()*+,;=:@|]+|%[\\dA-F]{2})+(?::\\d*)?(?:/(?:[a-z0-9\\-._~\\!$&''()*+,;=:@|]+|%[\\dA-F]{2})*)*(?:\\?(?:[a-z0-9\\-._~\\!$&''()*+,;=:@/?|]+|%[\\dA-F]{2})*)?(?:#(?:[a-z0-9\\-._~\\!$&''()*+,;=:@/?|]+|%[\\dA-F]{2})*)?))(?-i),(.*?)\\[/imagecap:$uid\\]!s', '<div style="background-color: #F9F9F9;border: 1px solid #CCCCCC;padding: 3px;font: 11px/1.4em Arial, sans-serif;margin: 0.5em 0pt 0.5em 0.8em;width:410px;">\n<img src="${1}" style="vertical-align:middle;margin-bottom:3;max-width:400px;max-height:400px" title="Image" /><br />\n<div style="text-align:center;">${2}</div>\n</div>'),
(119, 'abutton', 'Advanced button: [bform]URL, image URL, button text[/bform]', 0, '[abutton]{URL2}, {URL}, {INTTEXT}[/abutton]', '<a href="{URL2}">\n<button>\n<img src="{URL}" alt="{URL}" align="absmiddle" />\n<strong>{INTTEXT}</strong>\n</button>\n</a>', '!\\[abutton\\](?:([a-z][a-z\\d+\\-.]*:/{2}(?:(?:[a-z0-9\\-._~\\!$&''()*+,;=:@|]+|%[\\dA-F]{2})+|[0-9.]+|\\[[a-z0-9.]+:[a-z0-9.]+:[a-z0-9.:]+\\])(?::\\d*)?(?:/(?:[a-z0-9\\-._~\\!$&''()*+,;=:@|]+|%[\\dA-F]{2})*)*(?:\\?(?:[a-z0-9\\-._~\\!$&''()*+,;=:@/?|]+|%[\\dA-F]{2})*)?(?:#(?:[a-z0-9\\-._~\\!$&''()*+,;=:@/?|]+|%[\\dA-F]{2})*)?)|(www\\.(?:[a-z0-9\\-._~\\!$&''()*+,;=:@|]+|%[\\dA-F]{2})+(?::\\d*)?(?:/(?:[a-z0-9\\-._~\\!$&''()*+,;=:@|]+|%[\\dA-F]{2})*)*(?:\\?(?:[a-z0-9\\-._~\\!$&''()*+,;=:@/?|]+|%[\\dA-F]{2})*)?(?:#(?:[a-z0-9\\-._~\\!$&''()*+,;=:@/?|]+|%[\\dA-F]{2})*)?)), (?:([a-z][a-z\\d+\\-.]*:/{2}(?:(?:[a-z0-9\\-._~\\!$&''()*+,;=:@|]+|%[\\dA-F]{2})+|[0-9.]+|\\[[a-z0-9.]+:[a-z0-9.]+:[a-z0-9.:]+\\])(?::\\d*)?(?:/(?:[a-z0-9\\-._~\\!$&''()*+,;=:@|]+|%[\\dA-F]{2})*)*(?:\\?(?:[a-z0-9\\-._~\\!$&''()*+,;=:@/?|]+|%[\\dA-F]{2})*)?(?:#(?:[a-z0-9\\-._~\\!$&''()*+,;=:@/?|]+|%[\\dA-F]{2})*)?)|(www\\.(?:[a-z0-9\\-._~\\!$&''()*+,;=:@|]+|%[\\dA-F]{2})+(?::\\d*)?(?:/(?:[a-z0-9\\-._~\\!$&''()*+,;=:@|]+|%[\\dA-F]{2})*)*(?:\\?(?:[a-z0-9\\-._~\\!$&''()*+,;=:@/?|]+|%[\\dA-F]{2})*)?(?:#(?:[a-z0-9\\-._~\\!$&''()*+,;=:@/?|]+|%[\\dA-F]{2})*)?)), ([\\p{L}\\p{N}\\-+,_. ]+)\\[/abutton\\]!iue', '''[abutton:$uid]''.$this->bbcode_specialchars((''${1}'') ? ''${1}'' : ''http://${2}'').'', ''.$this->bbcode_specialchars((''${3}'') ? ''${3}'' : ''http://${4}'').'', ${5}[/abutton:$uid]''', '!\\[abutton:$uid\\](?i)((?:[a-z][a-z\\d+\\-.]*:/{2}(?:(?:[a-z0-9\\-._~\\!$&''()*+,;=:@|]+|%[\\dA-F]{2})+|[0-9.]+|\\[[a-z0-9.]+:[a-z0-9.]+:[a-z0-9.:]+\\])(?::\\d*)?(?:/(?:[a-z0-9\\-._~\\!$&''()*+,;=:@|]+|%[\\dA-F]{2})*)*(?:\\?(?:[a-z0-9\\-._~\\!$&''()*+,;=:@/?|]+|%[\\dA-F]{2})*)?(?:#(?:[a-z0-9\\-._~\\!$&''()*+,;=:@/?|]+|%[\\dA-F]{2})*)?)|(?:www\\.(?:[a-z0-9\\-._~\\!$&''()*+,;=:@|]+|%[\\dA-F]{2})+(?::\\d*)?(?:/(?:[a-z0-9\\-._~\\!$&''()*+,;=:@|]+|%[\\dA-F]{2})*)*(?:\\?(?:[a-z0-9\\-._~\\!$&''()*+,;=:@/?|]+|%[\\dA-F]{2})*)?(?:#(?:[a-z0-9\\-._~\\!$&''()*+,;=:@/?|]+|%[\\dA-F]{2})*)?))(?-i), (?i)((?:[a-z][a-z\\d+\\-.]*:/{2}(?:(?:[a-z0-9\\-._~\\!$&''()*+,;=:@|]+|%[\\dA-F]{2})+|[0-9.]+|\\[[a-z0-9.]+:[a-z0-9.]+:[a-z0-9.:]+\\])(?::\\d*)?(?:/(?:[a-z0-9\\-._~\\!$&''()*+,;=:@|]+|%[\\dA-F]{2})*)*(?:\\?(?:[a-z0-9\\-._~\\!$&''()*+,;=:@/?|]+|%[\\dA-F]{2})*)?(?:#(?:[a-z0-9\\-._~\\!$&''()*+,;=:@/?|]+|%[\\dA-F]{2})*)?)|(?:www\\.(?:[a-z0-9\\-._~\\!$&''()*+,;=:@|]+|%[\\dA-F]{2})+(?::\\d*)?(?:/(?:[a-z0-9\\-._~\\!$&''()*+,;=:@|]+|%[\\dA-F]{2})*)*(?:\\?(?:[a-z0-9\\-._~\\!$&''()*+,;=:@/?|]+|%[\\dA-F]{2})*)?(?:#(?:[a-z0-9\\-._~\\!$&''()*+,;=:@/?|]+|%[\\dA-F]{2})*)?))(?-i), ([\\p{L}\\p{N}\\-+,_. ]+)\\[/abutton:$uid\\]!su', '<a href="${1}">\n<button>\n<img src="${2}" alt="${2}" align="absmiddle" />\n<strong>${3}</strong>\n</button>\n</a>'),
(130, 'pop', 'Pop: [pop]any text[/pop]', 0, '[pop]{INTTEXT}[/pop]', '<script type="text/javascript">\nalert("{INTTEXT}")\n</script>', '!\\[pop\\]([\\p{L}\\p{N}\\-+,_. ]+)\\[/pop\\]!iu', '[pop:$uid]${1}[/pop:$uid]', '!\\[pop:$uid\\]([\\p{L}\\p{N}\\-+,_. ]+)\\[/pop:$uid\\]!su', '<script type="text/javascript">\nalert("${1}")\n</script>'),
(131, 'monitorimg', 'enter the image''s url between the tags [custmo][/custmo]', 0, '[monitorimg]{URL}[/monitorimg]', '<!-- Codes and image by Slash www.wiizard.it -->\n<div style="background: url(./images/custom-monitor.png) center no-repeat;width:440px;height:330px;">\n<a title="View full size of image" href="{URL}">\n<img src="{URL}" style="margin-left: auto; margin-right: auto; display: block; width: 352px; height: 188px; padding-top: 39px;">\n</a>\n</div>', '!\\[monitorimg\\](?:([a-z][a-z\\d+\\-.]*:/{2}(?:(?:[a-z0-9\\-._~\\!$&''()*+,;=:@|]+|%[\\dA-F]{2})+|[0-9.]+|\\[[a-z0-9.]+:[a-z0-9.]+:[a-z0-9.:]+\\])(?::\\d*)?(?:/(?:[a-z0-9\\-._~\\!$&''()*+,;=:@|]+|%[\\dA-F]{2})*)*(?:\\?(?:[a-z0-9\\-._~\\!$&''()*+,;=:@/?|]+|%[\\dA-F]{2})*)?(?:#(?:[a-z0-9\\-._~\\!$&''()*+,;=:@/?|]+|%[\\dA-F]{2})*)?)|(www\\.(?:[a-z0-9\\-._~\\!$&''()*+,;=:@|]+|%[\\dA-F]{2})+(?::\\d*)?(?:/(?:[a-z0-9\\-._~\\!$&''()*+,;=:@|]+|%[\\dA-F]{2})*)*(?:\\?(?:[a-z0-9\\-._~\\!$&''()*+,;=:@/?|]+|%[\\dA-F]{2})*)?(?:#(?:[a-z0-9\\-._~\\!$&''()*+,;=:@/?|]+|%[\\dA-F]{2})*)?))\\[/monitorimg\\]!ie', '''[monitorimg:$uid]''.$this->bbcode_specialchars((''${1}'') ? ''${1}'' : ''http://${2}'').''[/monitorimg:$uid]''', '!\\[monitorimg:$uid\\](?i)((?:[a-z][a-z\\d+\\-.]*:/{2}(?:(?:[a-z0-9\\-._~\\!$&''()*+,;=:@|]+|%[\\dA-F]{2})+|[0-9.]+|\\[[a-z0-9.]+:[a-z0-9.]+:[a-z0-9.:]+\\])(?::\\d*)?(?:/(?:[a-z0-9\\-._~\\!$&''()*+,;=:@|]+|%[\\dA-F]{2})*)*(?:\\?(?:[a-z0-9\\-._~\\!$&''()*+,;=:@/?|]+|%[\\dA-F]{2})*)?(?:#(?:[a-z0-9\\-._~\\!$&''()*+,;=:@/?|]+|%[\\dA-F]{2})*)?)|(?:www\\.(?:[a-z0-9\\-._~\\!$&''()*+,;=:@|]+|%[\\dA-F]{2})+(?::\\d*)?(?:/(?:[a-z0-9\\-._~\\!$&''()*+,;=:@|]+|%[\\dA-F]{2})*)*(?:\\?(?:[a-z0-9\\-._~\\!$&''()*+,;=:@/?|]+|%[\\dA-F]{2})*)?(?:#(?:[a-z0-9\\-._~\\!$&''()*+,;=:@/?|]+|%[\\dA-F]{2})*)?))(?-i)\\[/monitorimg:$uid\\]!s', '<!-- Codes and image by Slash www.wiizard.it -->\n<div style="background: url(./images/custom-monitor.png) center no-repeat;width:440px;height:330px;">\n<a title="View full size of image" href="${1}">\n<img src="${1}" style="margin-left: auto; margin-right: auto; display: block; width: 352px; height: 188px; padding-top: 39px;">\n</a>\n</div>'),
(128, 'mimg', 'Mimg: [mimg]Image url,width,height[/mimg]', 0, '[mimg]{URL},{NUMBER1},{NUMBER2}[/mimg]', '<script type="text/javascript">\n\n/*\nSimple Image Trail script- By JavaScriptKit.com\nVisit http://www.javascriptkit.com for this script and more\nThis notice must stay intact\n*/\n\nvar trailimage=["{URL}", {NUMBER1}, {NUMBER2}] //image path, plus width and height\nvar offsetfrommouse=[10,10] //image x,y offsets from cursor position in pixels. Enter 0,0 for no offset\nvar displayduration=0 //duration in seconds image should remain visible. 0 for always.\n\nif (document.getElementById || document.all)\ndocument.write(''<div id="trailimageid" style="position:absolute;visibility:visible;left:0px;top:0px;width:1px;height:1px"><img src="''+trailimage[0]+''" border="0" width="''+trailimage[1]+''px" height="''+trailimage[2]+''px"></div>'')\n\nfunction gettrailobj(){\nif (document.getElementById)\nreturn document.getElementById("trailimageid").style\nelse if (document.all)\nreturn document.all.trailimagid.style\n}\n\nfunction truebody(){\nreturn (!window.opera && document.compatMode && document.compatMode!="BackCompat")? document.documentElement : document.body\n}\n\nfunction hidetrail(){\ngettrailobj().visibility="hidden"\ndocument.onmousemove=""\n\n}\n\nfunction followmouse(e){\nvar xcoord=offsetfrommouse[0]\nvar ycoord=offsetfrommouse[1]\nif (typeof e != "undefined"){\nxcoord+=e.pageX\nycoord+=e.pageY\n}\nelse if (typeof window.event !="undefined"){\nxcoord+=truebody().scrollLeft+event.clientX\nycoord+=truebody().scrollTop+event.clientY\n}\nvar docwidth=document.all? truebody().scrollLeft+truebody().clientWidth : pageXOffset+window.innerWidth-15\nvar docheight=document.all? Math.max(truebody().scrollHeight, truebody().clientHeight) : Math.max(document.body.offsetHeight, window.innerHeight)\nif (xcoord+trailimage[1]+3>docwidth || ycoord+trailimage[2]> docheight)\ngettrailobj().display="none"\nelse \ngettrailobj().display=""\ngettrailobj().left=xcoord+"px"\ngettrailobj().top=ycoord+"px"\n}\n\ndocument.onmousemove=followmouse\n\nif (displayduration>0)\nsetTimeout("hidetrail()", displayduration*1000)\n\n</script>', '!\\[mimg\\](?:([a-z][a-z\\d+\\-.]*:/{2}(?:(?:[a-z0-9\\-._~\\!$&''()*+,;=:@|]+|%[\\dA-F]{2})+|[0-9.]+|\\[[a-z0-9.]+:[a-z0-9.]+:[a-z0-9.:]+\\])(?::\\d*)?(?:/(?:[a-z0-9\\-._~\\!$&''()*+,;=:@|]+|%[\\dA-F]{2})*)*(?:\\?(?:[a-z0-9\\-._~\\!$&''()*+,;=:@/?|]+|%[\\dA-F]{2})*)?(?:#(?:[a-z0-9\\-._~\\!$&''()*+,;=:@/?|]+|%[\\dA-F]{2})*)?)|(www\\.(?:[a-z0-9\\-._~\\!$&''()*+,;=:@|]+|%[\\dA-F]{2})+(?::\\d*)?(?:/(?:[a-z0-9\\-._~\\!$&''()*+,;=:@|]+|%[\\dA-F]{2})*)*(?:\\?(?:[a-z0-9\\-._~\\!$&''()*+,;=:@/?|]+|%[\\dA-F]{2})*)?(?:#(?:[a-z0-9\\-._~\\!$&''()*+,;=:@/?|]+|%[\\dA-F]{2})*)?)),([0-9]+),([0-9]+)\\[/mimg\\]!ie', '''[mimg:$uid]''.$this->bbcode_specialchars((''${1}'') ? ''${1}'' : ''http://${2}'').'',${3},${4}[/mimg:$uid]''', '!\\[mimg:$uid\\](?i)((?:[a-z][a-z\\d+\\-.]*:/{2}(?:(?:[a-z0-9\\-._~\\!$&''()*+,;=:@|]+|%[\\dA-F]{2})+|[0-9.]+|\\[[a-z0-9.]+:[a-z0-9.]+:[a-z0-9.:]+\\])(?::\\d*)?(?:/(?:[a-z0-9\\-._~\\!$&''()*+,;=:@|]+|%[\\dA-F]{2})*)*(?:\\?(?:[a-z0-9\\-._~\\!$&''()*+,;=:@/?|]+|%[\\dA-F]{2})*)?(?:#(?:[a-z0-9\\-._~\\!$&''()*+,;=:@/?|]+|%[\\dA-F]{2})*)?)|(?:www\\.(?:[a-z0-9\\-._~\\!$&''()*+,;=:@|]+|%[\\dA-F]{2})+(?::\\d*)?(?:/(?:[a-z0-9\\-._~\\!$&''()*+,;=:@|]+|%[\\dA-F]{2})*)*(?:\\?(?:[a-z0-9\\-._~\\!$&''()*+,;=:@/?|]+|%[\\dA-F]{2})*)?(?:#(?:[a-z0-9\\-._~\\!$&''()*+,;=:@/?|]+|%[\\dA-F]{2})*)?))(?-i),([0-9]+),([0-9]+)\\[/mimg:$uid\\]!s', '<script type="text/javascript">\n\n/*\nSimple Image Trail script- By JavaScriptKit.com\nVisit http://www.javascriptkit.com for this script and more\nThis notice must stay intact\n*/\n\nvar trailimage=["${1}", ${2}, ${3}] //image path, plus width and height\nvar offsetfrommouse=[10,10] //image x,y offsets from cursor position in pixels. Enter 0,0 for no offset\nvar displayduration=0 //duration in seconds image should remain visible. 0 for always.\n\nif (document.getElementById || document.all)\ndocument.write(''<div id="trailimageid" style="position:absolute;visibility:visible;left:0px;top:0px;width:1px;height:1px"><img src="''+trailimage[0]+''" border="0" width="''+trailimage[1]+''px" height="''+trailimage[2]+''px"></div>'')\n\nfunction gettrailobj(){\nif (document.getElementById)\nreturn document.getElementById("trailimageid").style\nelse if (document.all)\nreturn document.all.trailimagid.style\n}\n\nfunction truebody(){\nreturn (!window.opera && document.compatMode && document.compatMode!="BackCompat")? document.documentElement : document.body\n}\n\nfunction hidetrail(){\ngettrailobj().visibility="hidden"\ndocument.onmousemove=""\n\n}\n\nfunction followmouse(e){\nvar xcoord=offsetfrommouse[0]\nvar ycoord=offsetfrommouse[1]\nif (typeof e != "undefined"){\nxcoord+=e.pageX\nycoord+=e.pageY\n}\nelse if (typeof window.event !="undefined"){\nxcoord+=truebody().scrollLeft+event.clientX\nycoord+=truebody().scrollTop+event.clientY\n}\nvar docwidth=document.all? truebody().scrollLeft+truebody().clientWidth : pageXOffset+window.innerWidth-15\nvar docheight=document.all? Math.max(truebody().scrollHeight, truebody().clientHeight) : Math.max(document.body.offsetHeight, window.innerHeight)\nif (xcoord+trailimage[1]+3>docwidth || ycoord+trailimage[2]> docheight)\ngettrailobj().display="none"\nelse \ngettrailobj().display=""\ngettrailobj().left=xcoord+"px"\ngettrailobj().top=ycoord+"px"\n}\n\ndocument.onmousemove=followmouse\n\nif (displayduration>0)\nsetTimeout("hidetrail()", displayduration*1000)\n\n</script>'),
(129, 'countup', 'Start counting up from: [countup]day/month/year text[/countup]', 0, '[countup]{NUMBER1}/{NUMBER2}/{NUMBER3} {SIMPLETEXT}[/countup]', '<SCRIPT type="text/javascript">\n/*\nCount Up - Script\nVisit http://rainbow.arch.scriptmania.com/scripts/\n for this script and many more\n*/\n\nfunction setcountup(theyear,themonth,theday){\nyr=theyear;mo=themonth;da=theday\n}\n\n//////////CONFIGURE THE COUNTUP SCRIPT HERE//////////////////\n\n//STEP 1: Configure the date to count up from, in the format year, month, day:\n//This date should be less than today\nsetcountup({NUMBER1},{NUMBER2},{NUMBER3})\n\n//STEP 2: Configure text to be attached to count up\nvar displaymessage="{SIMPLETEXT}"\n\n//STEP 3: Configure the below 5 variables to set the width, height, background color, and text style of the countup area\nvar countupwidth=''350px''\nvar countupheight=''35px''\nvar opentags=''''\nvar closetags=''''\n\n//////////DO NOT EDIT PASS THIS LINE//////////////////\n\nvar montharray=new Array("Jan","Feb","Mar","Apr","May","Jun","Jul","Aug","Sep","Oct","Nov","Dec")\nvar crosscount=''''\n\nfunction start_countup(){\nif (document.layers)\ndocument.countupnsmain.visibility="show"\nelse if (document.all||document.getElementById)\ncrosscount=document.getElementById&&!document.all?document.getElementById("countupie") : countupie\ncountup()\n}\n\nif (document.all||document.getElementById)\ndocument.write(''<span id="countupie" style="width:''+countupwidth+'';"></span>'')\n\nwindow.onload=start_countup\n\n\nfunction countup(){\nvar today=new Date()\nvar todayy=today.getYear()\nif (todayy < 1000)\ntodayy+=1900\nvar todaym=today.getMonth()\nvar todayd=today.getDate()\nvar todayh=today.getHours()\nvar todaymin=today.getMinutes()\nvar todaysec=today.getSeconds()\nvar todaystring=montharray[todaym]+" "+todayd+", "+todayy+" "+todayh+":"+todaymin+":"+todaysec\npaststring=montharray[mo-1]+" "+da+", "+yr\ndd=Date.parse(todaystring)-Date.parse(paststring)\ndday=Math.floor(dd/(60*60*1000*24)*1)\ndhour=Math.floor((dd%(60*60*1000*24))/(60*60*1000)*1)\ndmin=Math.floor(((dd%(60*60*1000*24))%(60*60*1000))/(60*1000)*1)\ndsec=Math.floor((((dd%(60*60*1000*24))%(60*60*1000))%(60*1000))/1000*1)\n\nif (document.layers){\ndocument.countupnsmain.document.countupnssub.document.write(opentags+dday+ " days, "+dhour+" hours, "+dmin+" minutes, and "+dsec+" seconds "+displaymessage+closetags)\ndocument.countupnsmain.document.countupnssub.document.close()\n}\nelse if (document.all||document.getElementById)\ncrosscount.innerHTML=opentags+dday+ " days, "+dhour+" hours, "+dmin+" minutes, and "+dsec+" seconds "+displaymessage+closetags\n\nsetTimeout("countup()",1000)\n}\n</SCRIPT>', '!\\[countup\\]([0-9]+)/([0-9]+)/([0-9]+) ([a-zA-Z0-9-+.,_ ]+)\\[/countup\\]!i', '[countup:$uid]${1}/${2}/${3} ${4}[/countup:$uid]', '!\\[countup:$uid\\]([0-9]+)/([0-9]+)/([0-9]+) ([a-zA-Z0-9-+.,_ ]+)\\[/countup:$uid\\]!s', '<SCRIPT type="text/javascript">\n/*\nCount Up - Script\nVisit http://rainbow.arch.scriptmania.com/scripts/\n for this script and many more\n*/\n\nfunction setcountup(theyear,themonth,theday){\nyr=theyear;mo=themonth;da=theday\n}\n\n//////////CONFIGURE THE COUNTUP SCRIPT HERE//////////////////\n\n//STEP 1: Configure the date to count up from, in the format year, month, day:\n//This date should be less than today\nsetcountup(${1},${2},${3})\n\n//STEP 2: Configure text to be attached to count up\nvar displaymessage="${4}"\n\n//STEP 3: Configure the below 5 variables to set the width, height, background color, and text style of the countup area\nvar countupwidth=''350px''\nvar countupheight=''35px''\nvar opentags=''''\nvar closetags=''''\n\n//////////DO NOT EDIT PASS THIS LINE//////////////////\n\nvar montharray=new Array("Jan","Feb","Mar","Apr","May","Jun","Jul","Aug","Sep","Oct","Nov","Dec")\nvar crosscount=''''\n\nfunction start_countup(){\nif (document.layers)\ndocument.countupnsmain.visibility="show"\nelse if (document.all||document.getElementById)\ncrosscount=document.getElementById&&!document.all?document.getElementById("countupie") : countupie\ncountup()\n}\n\nif (document.all||document.getElementById)\ndocument.write(''<span id="countupie" style="width:''+countupwidth+'';"></span>'')\n\nwindow.onload=start_countup\n\n\nfunction countup(){\nvar today=new Date()\nvar todayy=today.getYear()\nif (todayy < 1000)\ntodayy+=1900\nvar todaym=today.getMonth()\nvar todayd=today.getDate()\nvar todayh=today.getHours()\nvar todaymin=today.getMinutes()\nvar todaysec=today.getSeconds()\nvar todaystring=montharray[todaym]+" "+todayd+", "+todayy+" "+todayh+":"+todaymin+":"+todaysec\npaststring=montharray[mo-1]+" "+da+", "+yr\ndd=Date.parse(todaystring)-Date.parse(paststring)\ndday=Math.floor(dd/(60*60*1000*24)*1)\ndhour=Math.floor((dd%(60*60*1000*24))/(60*60*1000)*1)\ndmin=Math.floor(((dd%(60*60*1000*24))%(60*60*1000))/(60*1000)*1)\ndsec=Math.floor((((dd%(60*60*1000*24))%(60*60*1000))%(60*1000))/1000*1)\n\nif (document.layers){\ndocument.countupnsmain.document.countupnssub.document.write(opentags+dday+ " days, "+dhour+" hours, "+dmin+" minutes, and "+dsec+" seconds "+displaymessage+closetags)\ndocument.countupnsmain.document.countupnssub.document.close()\n}\nelse if (document.all||document.getElementById)\ncrosscount.innerHTML=opentags+dday+ " days, "+dhour+" hours, "+dmin+" minutes, and "+dsec+" seconds "+displaymessage+closetags\n\nsetTimeout("countup()",1000)\n}\n</SCRIPT>'),
(132, 'username', '[username]username[/username]', 1, '[username]{INTTEXT}[/username]', '@<a rel="nofollow" href="memberlist.php?mode=viewprofile&amp;un={INTTEXT}" title="Username: {INTTEXT}" class="userlink">{INTTEXT}</a>', '!\\[username\\]([\\p{L}\\p{N}\\-+,_. ]+)\\[/username\\]!iu', '[username:$uid]${1}[/username:$uid]', '!\\[username:$uid\\]([\\p{L}\\p{N}\\-+,_. ]+)\\[/username:$uid\\]!su', '@<a rel="nofollow" href="memberlist.php?mode=viewprofile&amp;un=${1}" title="Username: ${1}" class="userlink">${1}</a>'),
(133, 'UBD', 'Go to your ucp, under activity to find your id. [UBD]Your ID[/UBD]', 0, '[UBD]{NUMBER}[/UBD]', '<img src="http://www.boardirectory.org/board/userbardata.gif/?u={NUMBER}" align="center"/>', '!\\[ubd\\]([0-9]+)\\[/ubd\\]!i', '[ubd:$uid]${1}[/ubd:$uid]', '!\\[ubd:$uid\\]([0-9]+)\\[/ubd:$uid\\]!s', '<img src="http://www.boardirectory.org/board/userbardata.gif/?u=${1}" align="center"/>'),
(134, 'signature', 'Signature username: [signature]username_here[/signature]', 0, '[signature]{SIMPLETEXT}[/signature]', '<script type="text/javascript" src="http://www.boardirectory.org/board/sig/{SIMPLETEXT}_signature.php"></script>', '!\\[signature\\]([a-zA-Z0-9-+.,_ ]+)\\[/signature\\]!i', '[signature:$uid]${1}[/signature:$uid]', '!\\[signature:$uid\\]([a-zA-Z0-9-+.,_ ]+)\\[/signature:$uid\\]!s', '<script type="text/javascript" src="http://www.boardirectory.org/board/sig/${1}_signature.php"></script>'),
(158, 'sharebd', '', 0, '[sharebd][/sharebd]', '<STRONG>Share the <u><a href="http://www.boardirectory.org/">blog</a></u> on social network sites:</STRONG><br />\n\n<!-- AddThis Button BEGIN -->\n<div class="addthis_toolbox addthis_default_style ">\n<a class="addthis_button_facebook_like" fb:like:layout="button_count" addthis:url="http://www.boardirectory.org"></a>\n<a class="addthis_button_tweet"  addthis:url="http://www.boardirectory.org"></a>\n<a class="addthis_button_google_plusone" g:plusone:size="medium" addthis:url="http://www.boardirectory.org"></a>\n</div>\n<script type="text/javascript" src="http://s7.addthis.com/js/250/addthis_widget.js#pubid=xa-4fd4562757f02351"></script>\n<!-- AddThis Button END -->\n\n<br /><br />\n<STRONG>Shere the <u><a href="http://www.boardirectory.org/board">forum</a></u> on social network sites:</STRONG><br />\n\n<!-- AddThis Button BEGIN -->\n<div class="addthis_toolbox addthis_default_style ">\n<a class="addthis_button_facebook_like" fb:like:layout="button_count" addthis:url="http://www.boardirectory.org/board"></a>\n<a class="addthis_button_tweet"  addthis:url="http://www.boardirectory.org/board"></a>\n<a class="addthis_button_google_plusone" g:plusone:size="medium" addthis:url="http://www.boardirectory.org/board"></a>\n</div>\n<script type="text/javascript" src="http://s7.addthis.com/js/250/addthis_widget.js#pubid=xa-4fd4562757f02351"></script>\n<!-- AddThis Button END -->\n\n\n\n<br /><br />\n<STRONG>Shere the <u><a href="http://www.boardirectory.org/directory">directory</a></u> on social network sites:</STRONG><br />\n\n<!-- AddThis Button BEGIN -->\n<div class="addthis_toolbox addthis_default_style ">\n<a class="addthis_button_facebook_like" fb:like:layout="button_count" addthis:url="http://www.boardirectory.org/directory"></a>\n<a class="addthis_button_tweet"  addthis:url="http://www.boardirectory.org/directory"></a>\n<a class="addthis_button_google_plusone" g:plusone:size="medium" addthis:url="http://www.boardirectory.org/directory"></a>\n</div>\n<script type="text/javascript" src="http://s7.addthis.com/js/250/addthis_widget.js#pubid=xa-4fd4562757f02351"></script>\n<!-- AddThis Button END -->', '!\\[sharebd\\]\\[/sharebd\\]!i', '[sharebd:$uid][/sharebd:$uid]', '[sharebd:$uid][/sharebd:$uid]', ''),
(137, 'note', 'Note: [note]note text[/note]', 0, '[note]{TEXT}[/note]', '<span class="prime_bbcode_note_spur" onmouseover="show_note(this);" onmouseout="hide_note(this);" onclick="lock_note(this);" id="prime_note"></span><span class="prime_bbcode_note">{TEXT}</span>', '!\\[note\\](.*?)\\[/note\\]!ies', '''[note:$uid]''.str_replace(array("\\r\\n", ''\\"'', ''\\'''', ''('', '')''), array("\\n", ''"'', ''&#39;'', ''&#40;'', ''&#41;''), trim(''${1}'')).''[/note:$uid]''', '!\\[note:$uid\\](.*?)\\[/note:$uid\\]!s', '<span class="prime_bbcode_note_spur" onmouseover="show_note(this);" onmouseout="hide_note(this);" onclick="lock_note(this);" id="prime_note"></span><span class="prime_bbcode_note">${1}</span>'),
(138, 'note=', 'Note: [note=text-to-note]note text[/note]', 0, '[note={TEXT1}]{TEXT2}[/note]', '<span class="prime_bbcode_note_text" onmouseover="show_note(this);" onmouseout="hide_note(this);" onclick="lock_note(this);">{TEXT1}</span><span class="prime_bbcode_note_spur" id="prime_note" onmouseover="show_note(this);" onmouseout="hide_note(this);" onclick="lock_note(this);"></span><span class="prime_bbcode_note">{TEXT2}</span>', '!\\[note\\=(.*?)\\](.*?)\\[/note\\]!ies', '''[note=''.str_replace(array("\\r\\n", ''\\"'', ''\\'''', ''('', '')''), array("\\n", ''"'', ''&#39;'', ''&#40;'', ''&#41;''), trim(''${1}'')).'':$uid]''.str_replace(array("\\r\\n", ''\\"'', ''\\'''', ''('', '')''), array("\\n", ''"'', ''&#39;'', ''&#40;'', ''&#41;''), trim(''${2}'')).''[/note:$uid]''', '!\\[note\\=(.*?):$uid\\](.*?)\\[/note:$uid\\]!s', '<span class="prime_bbcode_note_text" onmouseover="show_note(this);" onmouseout="hide_note(this);" onclick="lock_note(this);">${1}</span><span class="prime_bbcode_note_spur" id="prime_note" onmouseover="show_note(this);" onmouseout="hide_note(this);" onclick="lock_note(this);"></span><span class="prime_bbcode_note">${2}</span>'),
(141, 'heading=', 'Heading: [heading=Number (1 to 6)]Text[/heading]', 0, '[heading={NUMBER}]{TEXT}[/heading]', '<h{NUMBER}>{TEXT}</h{NUMBER}>', '!\\[heading\\=([0-9]+)\\](.*?)\\[/heading\\]!ies', '''[heading=${1}:$uid]''.str_replace(array("\\r\\n", ''\\"'', ''\\'''', ''('', '')''), array("\\n", ''"'', ''&#39;'', ''&#40;'', ''&#41;''), trim(''${2}'')).''[/heading:$uid]''', '!\\[heading\\=([0-9]+):$uid\\](.*?)\\[/heading:$uid\\]!s', '<h${1}>${2}</h${1}>'),
(144, 'css=', '', 0, '[css={INTTEXT}]{TEXT}[/css]', '<div class="{INTTEXT}">{TEXT}</div>', '!\\[css\\=([\\p{L}\\p{N}\\-+,_. ]+)\\](.*?)\\[/css\\]!iues', '''[css=${1}:$uid]''.str_replace(array("\\r\\n", ''\\"'', ''\\'''', ''('', '')''), array("\\n", ''"'', ''&#39;'', ''&#40;'', ''&#41;''), trim(''${2}'')).''[/css:$uid]''', '!\\[css\\=([\\p{L}\\p{N}\\-+,_. ]+):$uid\\](.*?)\\[/css:$uid\\]!su', '<div class="${1}">${2}</div>'),
(143, 'projecthide', '', 0, '[projecthide]{TEXT}[/projecthide]', '<div style="border: 2px solid #7E98A8; padding-top: 5px; padding-bottom: 5px; padding-left: 2px;  margin-right: -20px; background-color:#A5C2D4; color: rgb(0, 0, 0);">{TEXT}</div>', '!\\[projecthide\\](.*?)\\[/projecthide\\]!ies', '''[projecthide:$uid]''.str_replace(array("\\r\\n", ''\\"'', ''\\'''', ''('', '')''), array("\\n", ''"'', ''&#39;'', ''&#40;'', ''&#41;''), trim(''${1}'')).''[/projecthide:$uid]''', '!\\[projecthide:$uid\\](.*?)\\[/projecthide:$uid\\]!s', '<div style="border: 2px solid #7E98A8; padding-top: 5px; padding-bottom: 5px; padding-left: 2px;  margin-right: -20px; background-color:#A5C2D4; color: rgb(0, 0, 0);">${1}</div>'),
(147, 'countdown', 'Start counting down from: [countup]/month/day/year/text to display/completion text[/countup]', 0, '[countdown]/{NUMBER3}/{NUMBER2}/{NUMBER1}/{SIMPLETEXT1}/{SIMPLETEXT2}[/countdown]', '<form name="count">\n<input type="text" size="90" name="count2">\n</form>\n\n\n<script>\n\n/*\nCount down until any date script-\nBy JavaScript Kit (www.javascriptkit.com)\nOver 200+ free scripts here!\n*/\n\n\n//change the text below to reflect your own,\nvar before="{SIMPLETEXT1}"\nvar current="{SIMPLETEXT2}"\nvar montharray=new Array("Jan","Feb","Mar","Apr","May","Jun","Jul","Aug","Sep","Oct","Nov","Dec")\n\nfunction countdown(yr,m,d){\ntheyear=yr;themonth=m;theday=d\nvar today=new Date()\nvar todayy=today.getYear()\nif (todayy < 1000)\ntodayy+=1900\nvar todaym=today.getMonth()\nvar todayd=today.getDate()\nvar todayh=today.getHours()\nvar todaymin=today.getMinutes()\nvar todaysec=today.getSeconds()\nvar todaystring=montharray[todaym]+" "+todayd+", "+todayy+" "+todayh+":"+todaymin+":"+todaysec\nfuturestring=montharray[m-1]+" "+d+", "+yr\ndd=Date.parse(futurestring)-Date.parse(todaystring)\ndday=Math.floor(dd/(60*60*1000*24)*1)\ndhour=Math.floor((dd%(60*60*1000*24))/(60*60*1000)*1)\ndmin=Math.floor(((dd%(60*60*1000*24))%(60*60*1000))/(60*1000)*1)\ndsec=Math.floor((((dd%(60*60*1000*24))%(60*60*1000))%(60*1000))/1000*1)\nif(dday==0&&dhour==0&&dmin==0&&dsec==1){\ndocument.forms.count.count2.value=current\nreturn\n}\nelse\ndocument.forms.count.count2.value="Only "+dday+ " days, "+dhour+" hours, "+dmin+" minutes, and "+dsec+" seconds left until "+before\nsetTimeout("countdown(theyear,themonth,theday)",1000)\n}\n//enter the count down date using the format year/month/day\ncountdown({NUMBER1},{NUMBER2},{NUMBER3})\n</script>', '!\\[countdown\\]/([0-9]+)/([0-9]+)/([0-9]+)/([a-zA-Z0-9-+.,_ ]+)/([a-zA-Z0-9-+.,_ ]+)\\[/countdown\\]!i', '[countdown:$uid]/${1}/${2}/${3}/${4}/${5}[/countdown:$uid]', '!\\[countdown:$uid\\]/([0-9]+)/([0-9]+)/([0-9]+)/([a-zA-Z0-9-+.,_ ]+)/([a-zA-Z0-9-+.,_ ]+)\\[/countdown:$uid\\]!s', '<form name="count">\n<input type="text" size="90" name="count2">\n</form>\n\n\n<script>\n\n/*\nCount down until any date script-\nBy JavaScript Kit (www.javascriptkit.com)\nOver 200+ free scripts here!\n*/\n\n\n//change the text below to reflect your own,\nvar before="${4}"\nvar current="${5}"\nvar montharray=new Array("Jan","Feb","Mar","Apr","May","Jun","Jul","Aug","Sep","Oct","Nov","Dec")\n\nfunction countdown(yr,m,d){\ntheyear=yr;themonth=m;theday=d\nvar today=new Date()\nvar todayy=today.getYear()\nif (todayy < 1000)\ntodayy+=1900\nvar todaym=today.getMonth()\nvar todayd=today.getDate()\nvar todayh=today.getHours()\nvar todaymin=today.getMinutes()\nvar todaysec=today.getSeconds()\nvar todaystring=montharray[todaym]+" "+todayd+", "+todayy+" "+todayh+":"+todaymin+":"+todaysec\nfuturestring=montharray[m-1]+" "+d+", "+yr\ndd=Date.parse(futurestring)-Date.parse(todaystring)\ndday=Math.floor(dd/(60*60*1000*24)*1)\ndhour=Math.floor((dd%(60*60*1000*24))/(60*60*1000)*1)\ndmin=Math.floor(((dd%(60*60*1000*24))%(60*60*1000))/(60*1000)*1)\ndsec=Math.floor((((dd%(60*60*1000*24))%(60*60*1000))%(60*1000))/1000*1)\nif(dday==0&&dhour==0&&dmin==0&&dsec==1){\ndocument.forms.count.count2.value=current\nreturn\n}\nelse\ndocument.forms.count.count2.value="Only "+dday+ " days, "+dhour+" hours, "+dmin+" minutes, and "+dsec+" seconds left until "+before\nsetTimeout("countdown(theyear,themonth,theday)",1000)\n}\n//enter the count down date using the format year/month/day\ncountdown(${3},${2},${1})\n</script>'),
(146, 'blink=', '[blink=ID,color1,time1,color2,time2]text[/blink]', 0, '[blink={NUMBER1},{COLOR1},{NUMBER2},{COLOR2},{NUMBER3}]{INTTEXT}[/blink]', '<script type="text/javascript">\n        // <![CDATA[\n\n    function blink(id, color, time, color2, time2)\n    {\n    if (document.getElementById)\n    {\n    document.getElementById(id).style.color = color;\n    setTimeout(''blink("'' + id + ''","'' + color2 + ''",'' + time2 + '',"'' + color + ''",'' + time + '')'', time);\n    }\n    else if (document.all)\n    {\n    document.all[id].style.color = color;\n    setTimeout(''blink("'' + id + ''","'' + color2 + ''",'' + time2 + '',"'' + color + ''",'' + time + '')'', time);\n    }\n    }\n    // ]]>\n        </script>\n    <div id="blink{NUMBER1}">{INTTEXT}</div>\n    <script type="text/javascript">\n        // <![CDATA[\n    blink("blink{NUMBER1}", "{COLOR1}", {NUMBER2}, "{COLOR2}", {NUMBER3});\n    // ]]>\n        </script>', '!\\[blink\\=([0-9]+),([a-z]+|#[0-9abcdef]+),([0-9]+),([a-z]+|#[0-9abcdef]+),([0-9]+)\\]([\\p{L}\\p{N}\\-+,_. ]+)\\[/blink\\]!iu', '[blink=${1},${2},${3},${4},${5}:$uid]${6}[/blink:$uid]', '!\\[blink\\=([0-9]+),([a-zA-Z]+|#[0-9abcdefABCDEF]+),([0-9]+),([a-zA-Z]+|#[0-9abcdefABCDEF]+),([0-9]+):$uid\\]([\\p{L}\\p{N}\\-+,_. ]+)\\[/blink:$uid\\]!su', '<script type="text/javascript">\n        // <![CDATA[\n\n    function blink(id, color, time, color2, time2)\n    {\n    if (document.getElementById)\n    {\n    document.getElementById(id).style.color = color;\n    setTimeout(''blink("'' + id + ''","'' + color2 + ''",'' + time2 + '',"'' + color + ''",'' + time + '')'', time);\n    }\n    else if (document.all)\n    {\n    document.all[id].style.color = color;\n    setTimeout(''blink("'' + id + ''","'' + color2 + ''",'' + time2 + '',"'' + color + ''",'' + time + '')'', time);\n    }\n    }\n    // ]]>\n        </script>\n    <div id="blink${1}">${6}</div>\n    <script type="text/javascript">\n        // <![CDATA[\n    blink("blink${1}", "${2}", ${3}, "${4}", ${5});\n    // ]]>\n        </script>'),
(148, 'topicfeed', 'Add [topicfeed]ID of topic here to display the feed of.[/topicfeed]', 0, '[topicfeed]{NUMBER}[/topicfeed]', '<a title="{L_FEED} of this topic" href="feed.php?t={NUMBER}"><img src="./styles/prosilver/theme/images/feed.png" alt="{L_FEED}" /></a>', '!\\[topicfeed\\]([0-9]+)\\[/topicfeed\\]!i', '[topicfeed:$uid]${1}[/topicfeed:$uid]', '!\\[topicfeed:$uid\\]([0-9]+)\\[/topicfeed:$uid\\]!s', '<a title="{L_FEED} of this topic" href="feed.php?t=${1}"><img src="./styles/prosilver/theme/images/feed.png" alt="{L_FEED}" /></a>'),
(149, 'arcadegame', '[games]ID the code example : 21746[/games]', 0, '[arcadegame]{IDENTIFIER}[/arcadegame]', '<iframe width="640" height="480" src="http://www.freeonlinegames.com/embed.php?g_id={IDENTIFIER}" frameborder="0" scrolling="no"></iframe>', '!\\[arcadegame\\]([a-zA-Z0-9-_]+)\\[/arcadegame\\]!i', '[arcadegame:$uid]${1}[/arcadegame:$uid]', '!\\[arcadegame:$uid\\]([a-zA-Z0-9-_]+)\\[/arcadegame:$uid\\]!s', '<iframe width="640" height="480" src="http://www.freeonlinegames.com/embed.php?g_id=${1}" frameborder="0" scrolling="no"></iframe>'),
(150, 'symbol', '', 0, '[symbol]{SIMPLETEXT}[/symbol]', '&{SIMPLETEXT};', '!\\[symbol\\]([a-zA-Z0-9-+.,_ ]+)\\[/symbol\\]!i', '[symbol:$uid]${1}[/symbol:$uid]', '!\\[symbol:$uid\\]([a-zA-Z0-9-+.,_ ]+)\\[/symbol:$uid\\]!s', '&${1};'),
(152, 'forumtitle1', '', 0, '[forumtitle1][/forumtitle1]', '<h3><img class="alignnone" title="Overview" src="http://img805.imageshack.us/img805/4240/list2t.png" alt="Board Score" width="20" height="20" /> Board Score</h3>\n<hr />', '!\\[forumtitle1\\]\\[/forumtitle1\\]!i', '[forumtitle1:$uid][/forumtitle1:$uid]', '[forumtitle1:$uid][/forumtitle1:$uid]', ''),
(155, 'pr', '', 0, '[pr]{URL}[/pr]', '<a href="http://www.prchecker.info/" title="Forum Pagerank" target="_blank">\n<img src="{URL}" alt="Forum Pagerank" style="border:0;" /></a>', '!\\[pr\\](?:([a-z][a-z\\d+\\-.]*:/{2}(?:(?:[a-z0-9\\-._~\\!$&''()*+,;=:@|]+|%[\\dA-F]{2})+|[0-9.]+|\\[[a-z0-9.]+:[a-z0-9.]+:[a-z0-9.:]+\\])(?::\\d*)?(?:/(?:[a-z0-9\\-._~\\!$&''()*+,;=:@|]+|%[\\dA-F]{2})*)*(?:\\?(?:[a-z0-9\\-._~\\!$&''()*+,;=:@/?|]+|%[\\dA-F]{2})*)?(?:#(?:[a-z0-9\\-._~\\!$&''()*+,;=:@/?|]+|%[\\dA-F]{2})*)?)|(www\\.(?:[a-z0-9\\-._~\\!$&''()*+,;=:@|]+|%[\\dA-F]{2})+(?::\\d*)?(?:/(?:[a-z0-9\\-._~\\!$&''()*+,;=:@|]+|%[\\dA-F]{2})*)*(?:\\?(?:[a-z0-9\\-._~\\!$&''()*+,;=:@/?|]+|%[\\dA-F]{2})*)?(?:#(?:[a-z0-9\\-._~\\!$&''()*+,;=:@/?|]+|%[\\dA-F]{2})*)?))\\[/pr\\]!ie', '''[pr:$uid]''.$this->bbcode_specialchars((''${1}'') ? ''${1}'' : ''http://${2}'').''[/pr:$uid]''', '!\\[pr:$uid\\](?i)((?:[a-z][a-z\\d+\\-.]*:/{2}(?:(?:[a-z0-9\\-._~\\!$&''()*+,;=:@|]+|%[\\dA-F]{2})+|[0-9.]+|\\[[a-z0-9.]+:[a-z0-9.]+:[a-z0-9.:]+\\])(?::\\d*)?(?:/(?:[a-z0-9\\-._~\\!$&''()*+,;=:@|]+|%[\\dA-F]{2})*)*(?:\\?(?:[a-z0-9\\-._~\\!$&''()*+,;=:@/?|]+|%[\\dA-F]{2})*)?(?:#(?:[a-z0-9\\-._~\\!$&''()*+,;=:@/?|]+|%[\\dA-F]{2})*)?)|(?:www\\.(?:[a-z0-9\\-._~\\!$&''()*+,;=:@|]+|%[\\dA-F]{2})+(?::\\d*)?(?:/(?:[a-z0-9\\-._~\\!$&''()*+,;=:@|]+|%[\\dA-F]{2})*)*(?:\\?(?:[a-z0-9\\-._~\\!$&''()*+,;=:@/?|]+|%[\\dA-F]{2})*)?(?:#(?:[a-z0-9\\-._~\\!$&''()*+,;=:@/?|]+|%[\\dA-F]{2})*)?))(?-i)\\[/pr:$uid\\]!s', '<a href="http://www.prchecker.info/" title="Forum Pagerank" target="_blank">\n<img src="${1}" alt="Forum Pagerank" style="border:0;" /></a>'),
(156, 'board', '', 0, '[board]{IDENTIFIER}[/board]', '[board]{IDENTIFIER}[/board]\n<link rel="stylesheet" type="text/css" href="../board/board_directory/style.css"/>', '!\\[board\\]([a-zA-Z0-9-_]+)\\[/board\\]!i', '[board:$uid]${1}[/board:$uid]', '@\\[board(?::$uid)?\\](?!.*\\[board(?::$uid)?\\.*)([a-zA-Z0-9-_]+)\\[/board(?::$uid)?\\]@s', '[board]${1}[/board]\n<link rel="stylesheet" type="text/css" href="../board/board_directory/style.css"/>'),
(157, 'plus1', '', 0, '[plus1][/plus1]', '<!-- Place this tag in your head or just before your close body tag -->\n<script type="text/javascript" src="https://apis.google.com/js/plusone.js"></script>\n\n<!-- Place this tag where you want the +1 button to render -->\n<g:plusone size="medium" href="http://www.boardirectory.org/board"></g:plusone>', '!\\[plus1\\]\\[/plus1\\]!i', '[plus1:$uid][/plus1:$uid]', '[plus1:$uid][/plus1:$uid]', '');

-- --------------------------------------------------------

--
-- Table structure for table `bookmarks`
--

CREATE TABLE IF NOT EXISTS `bookmarks` (
  `topic_id` mediumint(8) unsigned NOT NULL DEFAULT '0',
  `user_id` mediumint(8) unsigned NOT NULL DEFAULT '0',
  PRIMARY KEY (`topic_id`,`user_id`)
) ENGINE=MyISAM DEFAULT CHARSET=utf8 COLLATE=utf8_bin;

-- --------------------------------------------------------

--
-- Table structure for table `bots`
--

CREATE TABLE IF NOT EXISTS `bots` (
  `bot_id` mediumint(8) unsigned NOT NULL AUTO_INCREMENT,
  `bot_active` tinyint(1) unsigned NOT NULL DEFAULT '1',
  `bot_name` varchar(255) COLLATE utf8_bin NOT NULL DEFAULT '',
  `user_id` mediumint(8) unsigned NOT NULL DEFAULT '0',
  `bot_agent` varchar(255) COLLATE utf8_bin NOT NULL DEFAULT '',
  `bot_ip` varchar(255) COLLATE utf8_bin NOT NULL DEFAULT '',
  PRIMARY KEY (`bot_id`),
  KEY `bot_active` (`bot_active`)
) ENGINE=MyISAM  DEFAULT CHARSET=utf8 COLLATE=utf8_bin AUTO_INCREMENT=103 ;

--
-- Dumping data for table `bots`
--

INSERT INTO `bots` (`bot_id`, `bot_active`, `bot_name`, `user_id`, `bot_agent`, `bot_ip`) VALUES
(52, 1, 'AdsBot [Google]', 53, 'AdsBot-Google', ''),
(53, 1, 'Alexa [Bot]', 54, 'ia_archiver', ''),
(54, 1, 'Alta Vista [Bot]', 55, 'Scooter/', ''),
(55, 1, 'Ask Jeeves [Bot]', 56, 'Ask Jeeves', ''),
(56, 1, 'Baidu [Spider]', 57, 'Baiduspider+(', ''),
(57, 1, 'Exabot [Bot]', 58, 'Exabot/', ''),
(58, 1, 'FAST Enterprise [Crawler]', 59, 'FAST Enterprise Crawler', ''),
(59, 1, 'FAST WebCrawler [Crawler]', 60, 'FAST-WebCrawler/', ''),
(60, 1, 'Francis [Bot]', 61, 'http://www.neomo.de/', ''),
(61, 1, 'Gigabot [Bot]', 62, 'Gigabot/', ''),
(62, 1, 'Google Adsense [Bot]', 63, 'Mediapartners-Google', ''),
(63, 1, 'Google Desktop', 64, 'Google Desktop', ''),
(64, 1, 'Google Feedfetcher', 65, 'Feedfetcher-Google', ''),
(65, 1, 'Google [Bot]', 66, 'Googlebot', ''),
(66, 1, 'Heise IT-Markt [Crawler]', 67, 'heise-IT-Markt-Crawler', ''),
(67, 1, 'Heritrix [Crawler]', 68, 'heritrix/1.', ''),
(68, 1, 'IBM Research [Bot]', 69, 'ibm.com/cs/crawler', ''),
(69, 1, 'ICCrawler - ICjobs', 70, 'ICCrawler - ICjobs', ''),
(70, 1, 'ichiro [Crawler]', 71, 'ichiro/2', ''),
(71, 1, 'Majestic-12 [Bot]', 72, 'MJ12bot/', ''),
(72, 1, 'Metager [Bot]', 73, 'MetagerBot/', ''),
(73, 1, 'MSN NewsBlogs', 74, 'msnbot-NewsBlogs/', ''),
(74, 1, 'MSN [Bot]', 75, 'msnbot/', ''),
(75, 1, 'MSNbot Media', 76, 'msnbot-media/', ''),
(76, 1, 'NG-Search [Bot]', 77, 'NG-Search/', ''),
(77, 1, 'Nutch [Bot]', 78, 'http://lucene.apache.org/nutch/', ''),
(78, 1, 'Nutch/CVS [Bot]', 79, 'NutchCVS/', ''),
(79, 1, 'OmniExplorer [Bot]', 80, 'OmniExplorer_Bot/', ''),
(80, 1, 'Online link [Validator]', 81, 'online link validator', ''),
(81, 1, 'psbot [Picsearch]', 82, 'psbot/0', ''),
(82, 1, 'Seekport [Bot]', 83, 'Seekbot/', ''),
(83, 1, 'Sensis [Crawler]', 84, 'Sensis Web Crawler', ''),
(84, 1, 'SEO Crawler', 85, 'SEO search Crawler/', ''),
(85, 1, 'Seoma [Crawler]', 86, 'Seoma [SEO Crawler]', ''),
(86, 1, 'SEOSearch [Crawler]', 87, 'SEOsearch/', ''),
(87, 1, 'Snappy [Bot]', 88, 'Snappy/1.1 ( http://www.urltrends.com/ )', ''),
(88, 1, 'Steeler [Crawler]', 89, 'http://www.tkl.iis.u-tokyo.ac.jp/~crawler/', ''),
(89, 1, 'Synoo [Bot]', 90, 'SynooBot/', ''),
(90, 1, 'Telekom [Bot]', 91, 'crawleradmin.t-info@telekom.de', ''),
(91, 1, 'TurnitinBot [Bot]', 92, 'TurnitinBot/', ''),
(92, 1, 'Voyager [Bot]', 93, 'voyager/1.0', ''),
(93, 1, 'W3 [Sitesearch]', 94, 'W3 SiteSearch Crawler', ''),
(94, 1, 'W3C [Linkcheck]', 95, 'W3C-checklink/', ''),
(95, 1, 'W3C [Validator]', 96, 'W3C_*Validator', ''),
(96, 1, 'WiseNut [Bot]', 97, 'http://www.WISEnutbot.com', ''),
(97, 1, 'YaCy [Bot]', 98, 'yacybot', ''),
(98, 1, 'Yahoo MMCrawler [Bot]', 99, 'Yahoo-MMCrawler/', ''),
(99, 1, 'Yahoo Slurp [Bot]', 100, 'Yahoo! DE Slurp', ''),
(100, 1, 'Yahoo [Bot]', 101, 'Yahoo! Slurp', ''),
(101, 1, 'YahooSeeker [Bot]', 102, 'YahooSeeker/', ''),
(102, 1, 'Bing [Bot]', 103, 'bingbot/', '');

-- --------------------------------------------------------

--
-- Table structure for table `captcha_answers`
--

CREATE TABLE IF NOT EXISTS `captcha_answers` (
  `question_id` mediumint(8) unsigned NOT NULL DEFAULT '0',
  `answer_text` varchar(255) COLLATE utf8_bin NOT NULL DEFAULT '',
  KEY `question_id` (`question_id`)
) ENGINE=MyISAM DEFAULT CHARSET=utf8 COLLATE=utf8_bin;

--
-- Dumping data for table `captcha_answers`
--

INSERT INTO `captcha_answers` (`question_id`, `answer_text`) VALUES
(1, 'Board Directory'),
(3, 'http://www.boardirectory.org'),
(1, 'BoardDirectory'),
(1, 'Boardirectory'),
(3, 'boardirectory.org'),
(3, 'www.boardirectory.org'),
(4, 'red'),
(4, 'reddish '),
(4, 'red color'),
(4, 'reddish color');

-- --------------------------------------------------------

--
-- Table structure for table `captcha_questions`
--

CREATE TABLE IF NOT EXISTS `captcha_questions` (
  `question_id` mediumint(8) unsigned NOT NULL AUTO_INCREMENT,
  `strict` tinyint(1) unsigned NOT NULL DEFAULT '0',
  `lang_id` mediumint(8) unsigned NOT NULL DEFAULT '0',
  `lang_iso` varchar(30) COLLATE utf8_bin NOT NULL DEFAULT '',
  `question_text` text COLLATE utf8_bin NOT NULL,
  PRIMARY KEY (`question_id`),
  KEY `lang_iso` (`lang_iso`)
) ENGINE=MyISAM  DEFAULT CHARSET=utf8 COLLATE=utf8_bin AUTO_INCREMENT=5 ;

--
-- Dumping data for table `captcha_questions`
--

INSERT INTO `captcha_questions` (`question_id`, `strict`, `lang_id`, `lang_iso`, `question_text`) VALUES
(1, 0, 1, 'en', 'What does BD stand for?'),
(3, 0, 1, 'en', 'What is the url of our board?'),
(4, 0, 1, 'en', 'What color is used alot in our style?');

-- --------------------------------------------------------

--
-- Table structure for table `config`
--

CREATE TABLE IF NOT EXISTS `config` (
  `config_name` varchar(255) COLLATE utf8_bin NOT NULL DEFAULT '',
  `config_value` varchar(255) COLLATE utf8_bin NOT NULL DEFAULT '',
  `is_dynamic` tinyint(1) unsigned NOT NULL DEFAULT '0',
  PRIMARY KEY (`config_name`),
  KEY `is_dynamic` (`is_dynamic`)
) ENGINE=MyISAM DEFAULT CHARSET=utf8 COLLATE=utf8_bin;

--
-- Dumping data for table `config`
--

INSERT INTO `config` (`config_name`, `config_value`, `is_dynamic`) VALUES
('active_sessions', '0', 0),
('allow_attachments', '1', 0),
('allow_autologin', '1', 0),
('allow_avatar', '1', 0),
('allow_avatar_local', '1', 0),
('allow_avatar_remote', '1', 0),
('allow_avatar_upload', '0', 0),
('allow_avatar_remote_upload', '1', 0),
('allow_bbcode', '1', 0),
('allow_birthdays', '1', 0),
('allow_bookmarks', '1', 0),
('allow_emailreuse', '0', 0),
('allow_forum_notify', '1', 0),
('allow_mass_pm', '1', 0),
('allow_name_chars', 'USERNAME_CHARS_ANY', 0),
('allow_namechange', '0', 0),
('allow_nocensors', '1', 0),
('allow_pm_attach', '1', 0),
('allow_pm_report', '1', 0),
('allow_post_flash', '1', 0),
('allow_post_links', '1', 0),
('allow_privmsg', '1', 0),
('allow_quick_reply', '1', 0),
('allow_sig', '1', 0),
('allow_sig_bbcode', '1', 0),
('allow_sig_flash', '0', 0),
('allow_sig_img', '1', 0),
('allow_sig_links', '1', 0),
('allow_sig_pm', '1', 0),
('allow_sig_smilies', '1', 0),
('allow_smilies', '1', 0),
('allow_topic_notify', '1', 0),
('attachment_quota', '52428800', 0),
('auth_bbcode_pm', '1', 0),
('auth_flash_pm', '0', 0),
('auth_img_pm', '1', 0),
('auth_method', 'db', 0),
('auth_smilies_pm', '1', 0),
('avatar_filesize', '50000', 0),
('avatar_gallery_path', 'images/avatars/gallery', 0),
('avatar_max_height', '120', 0),
('avatar_max_width', '120', 0),
('avatar_min_height', '20', 0),
('avatar_min_width', '20', 0),
('avatar_path', 'images/avatars/upload', 0),
('avatar_salt', 'ba7b91e78ca3c4a1f7798522f4a1117a', 0),
('board_contact', 'webmaster@boardirectory.org', 0),
('board_disable', '0', 0),
('board_disable_msg', '', 0),
('board_dst', '1', 0),
('board_email', 'webmaster@boardirectory.org', 0),
('board_email_form', '1', 0),
('board_email_sig', 'Regards, \nThe BD Team.\n\nhttp://www.boardirectory.org\nhttp://www.boardirectory.org/board\nhttp://www.boardirectory.org/directory', 0),
('board_hide_emails', '1', 0),
('board_timezone', '0', 0),
('browser_check', '1', 0),
('bump_interval', '0', 0),
('bump_type', 'h', 0),
('cache_gc', '7200', 0),
('captcha_plugin', 'phpbb_captcha_qa', 0),
('captcha_gd', '1', 0),
('captcha_gd_foreground_noise', '0', 0),
('captcha_gd_x_grid', '25', 0),
('captcha_gd_y_grid', '25', 0),
('captcha_gd_wave', '0', 0),
('captcha_gd_3d_noise', '1', 0),
('captcha_gd_fonts', '1', 0),
('confirm_refresh', '1', 0),
('check_attachment_content', '1', 0),
('check_dnsbl', '0', 0),
('chg_passforce', '0', 0),
('cookie_domain', '', 0),
('cookie_name', 'bd_board_v10x0', 0),
('cookie_path', '/', 0),
('cookie_secure', '0', 0),
('coppa_enable', '0', 0),
('coppa_fax', '', 0),
('coppa_mail', '', 0),
('database_gc', '604800', 0),
('dbms_version', '5.1.63-cll', 0),
('default_dateformat', '|F jS, Y|, g:i a', 0),
('default_style', '42', 0),
('display_last_edited', '1', 0),
('display_order', '0', 0),
('edit_time', '0', 0),
('delete_time', '0', 0),
('email_check_mx', '1', 0),
('email_enable', '1', 0),
('email_function_name', 'mail', 0),
('email_package_size', '20', 0),
('enable_confirm', '1', 0),
('enable_pm_icons', '0', 0),
('enable_post_confirm', '1', 0),
('feed_enable', '1', 0),
('feed_limit', '10', 0),
('feed_overall_forums', '1', 0),
('feed_overall_forums_limit', '15', 0),
('feed_overall_topics', '0', 0),
('feed_overall_topics_limit', '15', 0),
('feed_forum', '1', 0),
('feed_topic', '1', 0),
('feed_item_statistics', '1', 0),
('flood_interval', '30', 0),
('force_server_vars', '0', 0),
('form_token_lifetime', '7200', 0),
('form_token_mintime', '0', 0),
('form_token_sid_guests', '1', 0),
('forward_pm', '1', 0),
('forwarded_for_check', '0', 0),
('full_folder_action', '1', 0),
('fulltext_mysql_max_word_len', '84', 0),
('fulltext_mysql_min_word_len', '4', 0),
('fulltext_native_common_thres', '5', 0),
('fulltext_native_load_upd', '1', 0),
('fulltext_native_max_chars', '14', 0),
('fulltext_native_min_chars', '3', 0),
('gzip_compress', '1', 0),
('hot_threshold', '25', 0),
('icons_path', 'images/icons', 0),
('img_create_thumbnail', '1', 0),
('img_display_inlined', '1', 0),
('img_imagick', '', 0),
('img_link_height', '0', 0),
('img_link_width', '0', 0),
('img_max_height', '0', 0),
('img_max_thumb_width', '400', 0),
('img_max_width', '0', 0),
('img_min_thumb_filesize', '12000', 0),
('ip_check', '3', 0),
('jab_enable', '0', 0),
('jab_host', '', 0),
('jab_password', '', 0),
('jab_package_size', '20', 0),
('jab_port', '5222', 0),
('jab_use_ssl', '0', 0),
('jab_username', '', 0),
('ldap_base_dn', '', 0),
('ldap_email', '', 0),
('ldap_password', '', 0),
('ldap_port', '', 0),
('ldap_server', '', 0),
('ldap_uid', '', 0),
('ldap_user', '', 0),
('ldap_user_filter', '', 0),
('limit_load', '0', 0),
('limit_search_load', '0', 0),
('load_anon_lastread', '0', 0),
('load_birthdays', '0', 0),
('load_cpf_memberlist', '1', 0),
('load_cpf_viewprofile', '1', 0),
('load_cpf_viewtopic', '1', 0),
('load_db_lastread', '1', 0),
('load_db_track', '1', 0),
('load_jumpbox', '1', 0),
('load_moderators', '0', 0),
('load_online', '1', 0),
('load_online_guests', '1', 0),
('load_online_time', '15', 0),
('load_onlinetrack', '1', 0),
('load_search', '1', 0),
('load_tplcompile', '1', 0),
('load_user_activity', '1', 0),
('max_attachments', '3', 0),
('max_attachments_pm', '1', 0),
('max_autologin_time', '0', 0),
('max_filesize', '262144', 0),
('max_filesize_pm', '262144', 0),
('max_login_attempts', '3', 0),
('max_name_chars', '20', 0),
('max_num_search_keywords', '10', 0),
('max_pass_chars', '100', 0),
('max_poll_options', '10', 0),
('max_post_chars', '60000', 0),
('max_post_font_size', '200', 0),
('max_post_img_height', '600', 0),
('max_post_img_width', '600', 0),
('max_post_smilies', '0', 0),
('max_post_urls', '0', 0),
('max_quote_depth', '3', 0),
('max_reg_attempts', '5', 0),
('max_sig_chars', '408', 0),
('max_sig_font_size', '200', 0),
('max_sig_img_height', '0', 0),
('max_sig_img_width', '0', 0),
('max_sig_smilies', '0', 0),
('max_sig_urls', '0', 0),
('min_name_chars', '3', 0),
('min_pass_chars', '3', 0),
('min_post_chars', '5', 0),
('min_search_author_chars', '3', 0),
('mime_triggers', 'body|head|html|img|plaintext|a href|pre|script|table|title', 0),
('new_member_post_limit', '0', 0),
('new_member_group_default', '0', 0),
('override_user_style', '0', 0),
('pass_complex', 'PASS_TYPE_ANY', 0),
('pm_edit_time', '60', 0),
('pm_max_boxes', '5', 0),
('pm_max_msgs', '75', 0),
('pm_max_recipients', '1', 0),
('posts_per_page', '25', 0),
('print_pm', '1', 0),
('queue_interval', '60', 0),
('ranks_path', 'images/ranks', 0),
('require_activation', '0', 0),
('referer_validation', '0', 0),
('script_path', '/', 0),
('search_block_size', '250', 0),
('search_gc', '7200', 0),
('search_interval', '10', 0),
('search_anonymous_interval', '30', 0),
('search_type', 'fulltext_native', 0),
('search_store_results', '1800', 0),
('secure_allow_deny', '1', 0),
('secure_allow_empty_referer', '1', 0),
('secure_downloads', '0', 0),
('server_name', 'www.boardirectory.org', 0),
('server_port', '80', 0),
('server_protocol', 'http://', 0),
('session_gc', '3600', 0),
('session_length', '3600', 0),
('site_desc', 'Indexing all boards under one directory!', 0),
('sitename', 'Boardirectory Board', 0),
('smilies_path', 'images/smilies', 0),
('smilies_per_page', '50', 0),
('smtp_auth_method', 'PLAIN', 0),
('smtp_delivery', '0', 0),
('smtp_host', '', 0),
('smtp_password', '', 0),
('smtp_port', '25', 0),
('smtp_username', '', 0),
('topics_per_page', '25', 0),
('tpl_allow_php', '0', 0),
('upload_icons_path', 'images/upload_icons', 0),
('upload_path', 'files', 0),
('version', '3.0.11', 0),
('warnings_expire_days', '9999', 0),
('warnings_gc', '14400', 0),
('cache_last_gc', '1364321923', 1),
('cron_lock', '0', 1),
('database_last_gc', '1364000819', 1),
('last_queue_run', '1364154480', 1),
('newest_user_colour', '', 1),
('newest_user_id', '104', 1),
('newest_username', 'test', 1),
('num_files', '8', 1),
('num_posts', '1500', 1),
('num_topics', '290', 1),
('num_users', '293', 1),
('rand_seed', 'edfa1809a1fb2b9e2ad70d41f6e09572', 1),
('rand_seed_last_update', '1364327158', 1),
('record_online_date', '1355768491', 1),
('record_online_users', '56', 1),
('search_indexing_state', '', 1),
('search_last_gc', '1364321928', 1),
('session_last_gc', '1364325586', 1),
('upload_dir_size', '1516812', 1),
('warnings_last_gc', '1364321927', 1),
('board_startdate', '1264193095', 0),
('default_lang', 'en', 0),
('questionnaire_unique_id', '5177ae67cefe67ea', 0),
('feed_http_auth', '0', 0),
('ip_login_limit_max', '50', 0),
('ip_login_limit_time', '21600', 0),
('ip_login_limit_use_forwarded', '0', 0),
('email_max_chunk_size', '50', 0),
('feed_limit_post', '15', 0),
('feed_limit_topic', '10', 0),
('feed_overall', '1', 0),
('feed_topics_active', '0', 0),
('feed_topics_new', '0', 0),
('load_unreads_search', '1', 0);

-- --------------------------------------------------------

--
-- Table structure for table `confirm`
--

CREATE TABLE IF NOT EXISTS `confirm` (
  `confirm_id` char(32) COLLATE utf8_bin NOT NULL DEFAULT '',
  `session_id` char(32) COLLATE utf8_bin NOT NULL DEFAULT '',
  `confirm_type` tinyint(3) NOT NULL DEFAULT '0',
  `code` varchar(8) COLLATE utf8_bin NOT NULL DEFAULT '',
  `seed` int(10) unsigned NOT NULL DEFAULT '0',
  `attempts` mediumint(8) unsigned NOT NULL DEFAULT '0',
  PRIMARY KEY (`session_id`,`confirm_id`),
  KEY `confirm_type` (`confirm_type`)
) ENGINE=MyISAM DEFAULT CHARSET=utf8 COLLATE=utf8_bin;

-- --------------------------------------------------------

--
-- Table structure for table `disallow`
--

CREATE TABLE IF NOT EXISTS `disallow` (
  `disallow_id` mediumint(8) unsigned NOT NULL AUTO_INCREMENT,
  `disallow_username` varchar(255) COLLATE utf8_bin NOT NULL DEFAULT '',
  PRIMARY KEY (`disallow_id`)
) ENGINE=MyISAM  DEFAULT CHARSET=utf8 COLLATE=utf8_bin AUTO_INCREMENT=11 ;

--
-- Dumping data for table `disallow`
--

INSERT INTO `disallow` (`disallow_id`, `disallow_username`) VALUES
(1, '%.com'),
(10, '%.org'),
(3, '%.net'),
(4, '%.us'),
(5, '%.info'),
(6, '%.me'),
(8, '%www%'),
(9, 'http%');

-- --------------------------------------------------------

--
-- Table structure for table `drafts`
--

CREATE TABLE IF NOT EXISTS `drafts` (
  `draft_id` mediumint(8) unsigned NOT NULL AUTO_INCREMENT,
  `user_id` mediumint(8) unsigned NOT NULL DEFAULT '0',
  `topic_id` mediumint(8) unsigned NOT NULL DEFAULT '0',
  `forum_id` mediumint(8) unsigned NOT NULL DEFAULT '0',
  `save_time` int(11) unsigned NOT NULL DEFAULT '0',
  `draft_subject` varchar(255) COLLATE utf8_bin NOT NULL DEFAULT '',
  `draft_message` mediumtext COLLATE utf8_bin NOT NULL,
  PRIMARY KEY (`draft_id`),
  KEY `save_time` (`save_time`)
) ENGINE=MyISAM DEFAULT CHARSET=utf8 COLLATE=utf8_bin AUTO_INCREMENT=1 ;

-- --------------------------------------------------------

--
-- Table structure for table `extensions`
--

CREATE TABLE IF NOT EXISTS `extensions` (
  `extension_id` mediumint(8) unsigned NOT NULL AUTO_INCREMENT,
  `group_id` mediumint(8) unsigned NOT NULL DEFAULT '0',
  `extension` varchar(100) COLLATE utf8_bin NOT NULL DEFAULT '',
  PRIMARY KEY (`extension_id`)
) ENGINE=MyISAM  DEFAULT CHARSET=utf8 COLLATE=utf8_bin AUTO_INCREMENT=67 ;

--
-- Dumping data for table `extensions`
--

INSERT INTO `extensions` (`extension_id`, `group_id`, `extension`) VALUES
(1, 1, 'gif'),
(2, 1, 'png'),
(3, 1, 'jpeg'),
(4, 1, 'jpg'),
(5, 1, 'tif'),
(6, 1, 'tiff'),
(7, 1, 'tga'),
(8, 2, 'gtar'),
(9, 2, 'gz'),
(10, 2, 'tar'),
(11, 2, 'zip'),
(12, 2, 'rar'),
(13, 2, 'ace'),
(14, 2, 'torrent'),
(15, 2, 'tgz'),
(16, 2, 'bz2'),
(17, 2, '7z'),
(18, 3, 'txt'),
(19, 3, 'c'),
(20, 3, 'h'),
(21, 3, 'cpp'),
(22, 3, 'hpp'),
(23, 3, 'diz'),
(24, 3, 'csv'),
(25, 3, 'ini'),
(26, 3, 'log'),
(27, 3, 'js'),
(28, 3, 'xml'),
(29, 4, 'xls'),
(30, 4, 'xlsx'),
(31, 4, 'xlsm'),
(32, 4, 'xlsb'),
(33, 4, 'doc'),
(34, 4, 'docx'),
(35, 4, 'docm'),
(36, 4, 'dot'),
(37, 4, 'dotx'),
(38, 4, 'dotm'),
(39, 4, 'pdf'),
(40, 4, 'ai'),
(41, 4, 'ps'),
(42, 4, 'ppt'),
(43, 4, 'pptx'),
(44, 4, 'pptm'),
(45, 4, 'odg'),
(46, 4, 'odp'),
(47, 4, 'ods'),
(48, 4, 'odt'),
(49, 4, 'rtf'),
(50, 5, 'rm'),
(51, 5, 'ram'),
(52, 6, 'wma'),
(53, 6, 'wmv'),
(54, 7, 'swf'),
(55, 8, 'mov'),
(56, 8, 'm4v'),
(57, 8, 'm4a'),
(58, 8, 'mp4'),
(59, 8, '3gp'),
(60, 8, '3g2'),
(61, 8, 'qt'),
(62, 9, 'mpeg'),
(63, 9, 'mpg'),
(64, 9, 'mp3'),
(65, 9, 'ogg'),
(66, 9, 'ogm');

-- --------------------------------------------------------

--
-- Table structure for table `extension_groups`
--

CREATE TABLE IF NOT EXISTS `extension_groups` (
  `group_id` mediumint(8) unsigned NOT NULL AUTO_INCREMENT,
  `group_name` varchar(255) COLLATE utf8_bin NOT NULL DEFAULT '',
  `cat_id` tinyint(2) NOT NULL DEFAULT '0',
  `allow_group` tinyint(1) unsigned NOT NULL DEFAULT '0',
  `download_mode` tinyint(1) unsigned NOT NULL DEFAULT '1',
  `upload_icon` varchar(255) COLLATE utf8_bin NOT NULL DEFAULT '',
  `max_filesize` int(20) unsigned NOT NULL DEFAULT '0',
  `allowed_forums` text COLLATE utf8_bin NOT NULL,
  `allow_in_pm` tinyint(1) unsigned NOT NULL DEFAULT '0',
  PRIMARY KEY (`group_id`)
) ENGINE=MyISAM  DEFAULT CHARSET=utf8 COLLATE=utf8_bin AUTO_INCREMENT=10 ;

--
-- Dumping data for table `extension_groups`
--

INSERT INTO `extension_groups` (`group_id`, `group_name`, `cat_id`, `allow_group`, `download_mode`, `upload_icon`, `max_filesize`, `allowed_forums`, `allow_in_pm`) VALUES
(1, 'IMAGES', 1, 1, 1, '', 0, '', 1),
(2, 'ARCHIVES', 0, 1, 1, '', 0, '', 1),
(3, 'PLAIN_TEXT', 0, 0, 1, '', 0, '', 0),
(4, 'DOCUMENTS', 0, 0, 1, '', 0, '', 0),
(5, 'REAL_MEDIA', 3, 0, 1, '', 0, '', 0),
(6, 'WINDOWS_MEDIA', 2, 0, 1, '', 0, '', 0),
(7, 'FLASH_FILES', 5, 0, 1, '', 0, '', 0),
(8, 'QUICKTIME_MEDIA', 6, 0, 1, '', 0, '', 0),
(9, 'DOWNLOADABLE_FILES', 0, 0, 1, '', 0, '', 0);

-- --------------------------------------------------------

--
-- Table structure for table `forums`
--

CREATE TABLE IF NOT EXISTS `forums` (
  `forum_id` mediumint(8) unsigned NOT NULL AUTO_INCREMENT,
  `parent_id` mediumint(8) unsigned NOT NULL DEFAULT '0',
  `left_id` mediumint(8) unsigned NOT NULL DEFAULT '0',
  `right_id` mediumint(8) unsigned NOT NULL DEFAULT '0',
  `forum_parents` mediumtext COLLATE utf8_bin NOT NULL,
  `forum_name` varchar(255) COLLATE utf8_bin NOT NULL DEFAULT '',
  `forum_desc` text COLLATE utf8_bin NOT NULL,
  `forum_desc_bitfield` varchar(255) COLLATE utf8_bin NOT NULL DEFAULT '',
  `forum_desc_options` int(11) unsigned NOT NULL DEFAULT '7',
  `forum_desc_uid` varchar(8) COLLATE utf8_bin NOT NULL DEFAULT '',
  `forum_link` varchar(255) COLLATE utf8_bin NOT NULL DEFAULT '',
  `forum_password` varchar(40) COLLATE utf8_bin NOT NULL DEFAULT '',
  `forum_style` mediumint(8) unsigned NOT NULL DEFAULT '0',
  `forum_image` varchar(255) COLLATE utf8_bin NOT NULL DEFAULT '',
  `forum_rules` text COLLATE utf8_bin NOT NULL,
  `forum_rules_link` varchar(255) COLLATE utf8_bin NOT NULL DEFAULT '',
  `forum_rules_bitfield` varchar(255) COLLATE utf8_bin NOT NULL DEFAULT '',
  `forum_rules_options` int(11) unsigned NOT NULL DEFAULT '7',
  `forum_rules_uid` varchar(8) COLLATE utf8_bin NOT NULL DEFAULT '',
  `forum_topics_per_page` tinyint(4) NOT NULL DEFAULT '0',
  `forum_type` tinyint(4) NOT NULL DEFAULT '0',
  `forum_status` tinyint(4) NOT NULL DEFAULT '0',
  `forum_posts` mediumint(8) unsigned NOT NULL DEFAULT '0',
  `forum_topics` mediumint(8) unsigned NOT NULL DEFAULT '0',
  `forum_topics_real` mediumint(8) unsigned NOT NULL DEFAULT '0',
  `forum_last_post_id` mediumint(8) unsigned NOT NULL DEFAULT '0',
  `forum_last_poster_id` mediumint(8) unsigned NOT NULL DEFAULT '0',
  `forum_last_post_subject` varchar(255) COLLATE utf8_bin NOT NULL DEFAULT '',
  `forum_last_post_time` int(11) unsigned NOT NULL DEFAULT '0',
  `forum_last_poster_name` varchar(255) COLLATE utf8_bin NOT NULL DEFAULT '',
  `forum_last_poster_colour` varchar(6) COLLATE utf8_bin NOT NULL DEFAULT '',
  `forum_flags` tinyint(4) NOT NULL DEFAULT '32',
  `forum_options` int(20) unsigned NOT NULL DEFAULT '0',
  `display_subforum_list` tinyint(1) unsigned NOT NULL DEFAULT '1',
  `display_on_index` tinyint(1) unsigned NOT NULL DEFAULT '1',
  `enable_indexing` tinyint(1) unsigned NOT NULL DEFAULT '1',
  `enable_icons` tinyint(1) unsigned NOT NULL DEFAULT '1',
  `enable_prune` tinyint(1) unsigned NOT NULL DEFAULT '0',
  `prune_next` int(11) unsigned NOT NULL DEFAULT '0',
  `prune_days` mediumint(8) unsigned NOT NULL DEFAULT '0',
  `prune_viewed` mediumint(8) unsigned NOT NULL DEFAULT '0',
  `prune_freq` mediumint(8) unsigned NOT NULL DEFAULT '0',
  PRIMARY KEY (`forum_id`),
  KEY `left_right_id` (`left_id`,`right_id`),
  KEY `forum_lastpost_id` (`forum_last_post_id`)
) ENGINE=MyISAM DEFAULT CHARSET=utf8 COLLATE=utf8_bin AUTO_INCREMENT=1 ;

-- --------------------------------------------------------

--
-- Table structure for table `forums_access`
--

CREATE TABLE IF NOT EXISTS `forums_access` (
  `forum_id` mediumint(8) unsigned NOT NULL DEFAULT '0',
  `user_id` mediumint(8) unsigned NOT NULL DEFAULT '0',
  `session_id` char(32) COLLATE utf8_bin NOT NULL DEFAULT '',
  PRIMARY KEY (`forum_id`,`user_id`,`session_id`)
) ENGINE=MyISAM DEFAULT CHARSET=utf8 COLLATE=utf8_bin;

-- --------------------------------------------------------

--
-- Table structure for table `forums_track`
--

CREATE TABLE IF NOT EXISTS `forums_track` (
  `user_id` mediumint(8) unsigned NOT NULL DEFAULT '0',
  `forum_id` mediumint(8) unsigned NOT NULL DEFAULT '0',
  `mark_time` int(11) unsigned NOT NULL DEFAULT '0',
  PRIMARY KEY (`user_id`,`forum_id`)
) ENGINE=MyISAM DEFAULT CHARSET=utf8 COLLATE=utf8_bin;

-- --------------------------------------------------------

--
-- Table structure for table `forums_watch`
--

CREATE TABLE IF NOT EXISTS `forums_watch` (
  `forum_id` mediumint(8) unsigned NOT NULL DEFAULT '0',
  `user_id` mediumint(8) unsigned NOT NULL DEFAULT '0',
  `notify_status` tinyint(1) unsigned NOT NULL DEFAULT '0',
  KEY `forum_id` (`forum_id`),
  KEY `user_id` (`user_id`),
  KEY `notify_stat` (`notify_status`)
) ENGINE=MyISAM DEFAULT CHARSET=utf8 COLLATE=utf8_bin;

-- --------------------------------------------------------

--
-- Table structure for table `groups`
--

CREATE TABLE IF NOT EXISTS `groups` (
  `group_id` mediumint(8) unsigned NOT NULL AUTO_INCREMENT,
  `group_type` tinyint(4) NOT NULL DEFAULT '1',
  `group_founder_manage` tinyint(1) unsigned NOT NULL DEFAULT '0',
  `group_skip_auth` tinyint(1) unsigned NOT NULL DEFAULT '0',
  `group_name` varchar(255) COLLATE utf8_bin NOT NULL DEFAULT '',
  `group_desc` text COLLATE utf8_bin NOT NULL,
  `group_desc_bitfield` varchar(255) COLLATE utf8_bin NOT NULL DEFAULT '',
  `group_desc_options` int(11) unsigned NOT NULL DEFAULT '7',
  `group_desc_uid` varchar(8) COLLATE utf8_bin NOT NULL DEFAULT '',
  `group_display` tinyint(1) unsigned NOT NULL DEFAULT '0',
  `group_avatar` varchar(255) COLLATE utf8_bin NOT NULL DEFAULT '',
  `group_avatar_type` tinyint(2) NOT NULL DEFAULT '0',
  `group_avatar_width` smallint(4) unsigned NOT NULL DEFAULT '0',
  `group_avatar_height` smallint(4) unsigned NOT NULL DEFAULT '0',
  `group_rank` mediumint(8) unsigned NOT NULL DEFAULT '0',
  `group_colour` varchar(6) COLLATE utf8_bin NOT NULL DEFAULT '',
  `group_sig_chars` mediumint(8) unsigned NOT NULL DEFAULT '0',
  `group_receive_pm` tinyint(1) unsigned NOT NULL DEFAULT '0',
  `group_message_limit` mediumint(8) unsigned NOT NULL DEFAULT '0',
  `group_max_recipients` mediumint(8) unsigned NOT NULL DEFAULT '0',
  `group_legend` mediumint(8) unsigned NOT NULL DEFAULT '0',
  PRIMARY KEY (`group_id`),
  KEY `group_legend_name` (`group_legend`,`group_name`)
) ENGINE=MyISAM  DEFAULT CHARSET=utf8 COLLATE=utf8_bin AUTO_INCREMENT=29 ;

--
-- Dumping data for table `groups`
--

INSERT INTO `groups` (`group_id`, `group_type`, `group_founder_manage`, `group_skip_auth`, `group_name`, `group_desc`, `group_desc_bitfield`, `group_desc_options`, `group_desc_uid`, `group_display`, `group_avatar`, `group_avatar_type`, `group_avatar_width`, `group_avatar_height`, `group_rank`, `group_colour`, `group_sig_chars`, `group_receive_pm`, `group_message_limit`, `group_max_recipients`, `group_legend`) VALUES
(1, 3, 0, 0, 'GUESTS', '', '', 7, '', 0, '', 0, 0, 0, 0, '', 0, 0, 0, 5, 0),
(2, 3, 0, 0, 'REGISTERED', 'This is the usergroup all people are placed in upon registering on our forum.', '', 7, '', 0, 'avatars/member.png', 3, 120, 120, 0, '', 0, 1, 75, 1, 8),
(3, 3, 0, 0, 'REGISTERED_COPPA', '', '', 7, '', 0, '', 0, 0, 0, 0, '', 0, 0, 0, 5, 0),
(4, 3, 0, 0, 'GLOBAL_MODERATORS', 'This people moderate all forums and enforce our guidelines-rules. They are also available at any time to be contacting via PM about a problem or question you are having.', '', 7, '', 0, 'avatars/modavatar.png', 3, 120, 120, 36, '00AA00', 0, 1, 500, 0, 3),
(5, 3, 1, 0, 'ADMINISTRATORS', 'The administrators maintain and manage the BD blog, directory and forum. They also take care along with the moderator the main board owners service of BD. You may contact any of the admins below for issues or problems you have.', '', 7, '', 0, 'avatars/adminavatar.png', 3, 120, 120, 31, 'AA0000', 0, 1, 500, 2, 1),
(6, 3, 0, 0, 'BOTS', '', '', 7, '', 0, '', 0, 0, 0, 0, '9E8DA7', 0, 0, 0, 5, 0),
(7, 3, 0, 0, 'NEWLY_REGISTERED', '', '', 7, '', 0, '', 0, 0, 0, 0, '', 0, 0, 0, 5, 0);

-- --------------------------------------------------------

--
-- Table structure for table `icons`
--

CREATE TABLE IF NOT EXISTS `icons` (
  `icons_id` mediumint(8) unsigned NOT NULL AUTO_INCREMENT,
  `icons_url` varchar(255) COLLATE utf8_bin NOT NULL DEFAULT '',
  `icons_width` tinyint(4) NOT NULL DEFAULT '0',
  `icons_height` tinyint(4) NOT NULL DEFAULT '0',
  `icons_order` mediumint(8) unsigned NOT NULL DEFAULT '0',
  `display_on_posting` tinyint(1) unsigned NOT NULL DEFAULT '1',
  PRIMARY KEY (`icons_id`),
  KEY `display_on_posting` (`display_on_posting`)
) ENGINE=MyISAM  DEFAULT CHARSET=utf8 COLLATE=utf8_bin AUTO_INCREMENT=46 ;

--
-- Dumping data for table `icons`
--

INSERT INTO `icons` (`icons_id`, `icons_url`, `icons_width`, `icons_height`, `icons_order`, `display_on_posting`) VALUES
(1, 'misc/fire.gif', 16, 16, 27, 1),
(17, 'article.png', 16, 16, 3, 1),
(3, 'smile/mrgreen.gif', 16, 16, 1, 1),
(4, 'misc/heart.gif', 16, 16, 29, 1),
(5, 'misc/star.gif', 16, 16, 28, 1),
(6, 'misc/radioactive.gif', 16, 16, 34, 0),
(7, 'misc/thinking.gif', 16, 16, 30, 1),
(8, 'smile/info.gif', 16, 16, 32, 1),
(9, 'smile/question.gif', 16, 16, 33, 0),
(10, 'smile/alert.gif', 16, 16, 31, 1),
(21, 'gaming.png', 16, 16, 7, 1),
(18, 'ask.png', 16, 16, 4, 1),
(19, 'chat.png', 16, 16, 5, 1),
(20, 'games.png', 16, 16, 6, 1),
(16, 'misc/icon13.gif', 16, 16, 26, 1),
(22, 'music.png', 16, 16, 8, 1),
(23, 'news.png', 16, 16, 9, 1),
(24, 'newspaper.png', 16, 16, 10, 1),
(25, 'pencil.png', 16, 16, 11, 1),
(26, 'people.png', 16, 16, 12, 1),
(27, 'planning.png', 16, 16, 13, 1),
(28, 'present.png', 16, 16, 14, 1),
(29, 'private.gif', 16, 16, 15, 1),
(30, 'promotion.png', 16, 16, 16, 1),
(31, 'question.png', 16, 16, 17, 1),
(32, 'quill.png', 16, 16, 18, 1),
(33, 'reader.png', 16, 16, 19, 1),
(34, 'redirect.png', 16, 16, 20, 1),
(35, 'sports.png', 16, 16, 21, 1),
(36, 'support.png', 16, 16, 22, 1),
(37, 'tutorial.png', 16, 16, 23, 1),
(38, 'tv.png', 16, 16, 24, 1),
(39, 'web.png', 16, 16, 25, 1),
(45, 'art.png', 16, 16, 2, 1);

-- --------------------------------------------------------

--
-- Table structure for table `lang`
--

CREATE TABLE IF NOT EXISTS `lang` (
  `lang_id` tinyint(4) NOT NULL AUTO_INCREMENT,
  `lang_iso` varchar(30) COLLATE utf8_bin NOT NULL DEFAULT '',
  `lang_dir` varchar(30) COLLATE utf8_bin NOT NULL DEFAULT '',
  `lang_english_name` varchar(100) COLLATE utf8_bin NOT NULL DEFAULT '',
  `lang_local_name` varchar(255) COLLATE utf8_bin NOT NULL DEFAULT '',
  `lang_author` varchar(255) COLLATE utf8_bin NOT NULL DEFAULT '',
  PRIMARY KEY (`lang_id`),
  KEY `lang_iso` (`lang_iso`)
) ENGINE=MyISAM  DEFAULT CHARSET=utf8 COLLATE=utf8_bin AUTO_INCREMENT=2 ;

--
-- Dumping data for table `lang`
--

INSERT INTO `lang` (`lang_id`, `lang_iso`, `lang_dir`, `lang_english_name`, `lang_local_name`, `lang_author`) VALUES
(1, 'en', 'en', 'British English', 'British English', 'phpBB Group');

-- --------------------------------------------------------

--
-- Table structure for table `log`
--

CREATE TABLE IF NOT EXISTS `log` (
  `log_id` mediumint(8) unsigned NOT NULL AUTO_INCREMENT,
  `log_type` tinyint(4) NOT NULL DEFAULT '0',
  `user_id` mediumint(8) unsigned NOT NULL DEFAULT '0',
  `forum_id` mediumint(8) unsigned NOT NULL DEFAULT '0',
  `topic_id` mediumint(8) unsigned NOT NULL DEFAULT '0',
  `reportee_id` mediumint(8) unsigned NOT NULL DEFAULT '0',
  `log_ip` varchar(40) COLLATE utf8_bin NOT NULL DEFAULT '',
  `log_time` int(11) unsigned NOT NULL DEFAULT '0',
  `log_operation` text COLLATE utf8_bin NOT NULL,
  `log_data` mediumtext COLLATE utf8_bin NOT NULL,
  PRIMARY KEY (`log_id`),
  KEY `log_type` (`log_type`),
  KEY `forum_id` (`forum_id`),
  KEY `topic_id` (`topic_id`),
  KEY `reportee_id` (`reportee_id`),
  KEY `user_id` (`user_id`)
) ENGINE=MyISAM  DEFAULT CHARSET=utf8 COLLATE=utf8_bin AUTO_INCREMENT=11 ;

--
-- Dumping data for table `log`
--

INSERT INTO `log` (`log_id`, `log_type`, `user_id`, `forum_id`, `topic_id`, `reportee_id`, `log_ip`, `log_time`, `log_operation`, `log_data`) VALUES
(1, 0, 2, 0, 0, 0, '127.0.0.1', 1364326189, 'LOG_ADMIN_AUTH_FAIL', ''),
(2, 0, 2, 0, 0, 0, '127.0.0.1', 1364326274, 'LOG_ADMIN_AUTH_FAIL', ''),
(3, 0, 2, 0, 0, 0, '127.0.0.1', 1364326275, 'LOG_ADMIN_AUTH_FAIL', ''),
(4, 0, 2, 0, 0, 0, '127.0.0.1', 1364326275, 'LOG_ADMIN_AUTH_FAIL', ''),
(5, 0, 2, 0, 0, 0, '127.0.0.1', 1364326275, 'LOG_ADMIN_AUTH_FAIL', ''),
(6, 0, 2, 0, 0, 0, '127.0.0.1', 1364326277, 'LOG_ADMIN_AUTH_FAIL', ''),
(7, 0, 2, 0, 0, 0, '127.0.0.1', 1364326284, 'LOG_ADMIN_AUTH_FAIL', ''),
(8, 0, 2, 0, 0, 0, '127.0.0.1', 1364326302, 'LOG_ADMIN_AUTH_FAIL', ''),
(9, 0, 2, 0, 0, 0, '127.0.0.1', 1364326583, 'LOG_ADMIN_AUTH_SUCCESS', ''),
(10, 0, 2, 0, 0, 0, '127.0.0.1', 1364326613, 'LOG_PURGE_CACHE', '');

-- --------------------------------------------------------

--
-- Table structure for table `login_attempts`
--

CREATE TABLE IF NOT EXISTS `login_attempts` (
  `attempt_ip` varchar(40) COLLATE utf8_bin NOT NULL DEFAULT '',
  `attempt_browser` varchar(150) COLLATE utf8_bin NOT NULL DEFAULT '',
  `attempt_forwarded_for` varchar(255) COLLATE utf8_bin NOT NULL DEFAULT '',
  `attempt_time` int(11) unsigned NOT NULL DEFAULT '0',
  `user_id` mediumint(8) unsigned NOT NULL DEFAULT '0',
  `username` varchar(255) COLLATE utf8_bin NOT NULL DEFAULT '0',
  `username_clean` varchar(255) COLLATE utf8_bin NOT NULL DEFAULT '0',
  KEY `att_ip` (`attempt_ip`,`attempt_time`),
  KEY `att_for` (`attempt_forwarded_for`,`attempt_time`),
  KEY `att_time` (`attempt_time`),
  KEY `user_id` (`user_id`)
) ENGINE=MyISAM DEFAULT CHARSET=utf8 COLLATE=utf8_bin;

--
-- Dumping data for table `login_attempts`
--

INSERT INTO `login_attempts` (`attempt_ip`, `attempt_browser`, `attempt_forwarded_for`, `attempt_time`, `user_id`, `username`, `username_clean`) VALUES
('127.0.0.1', 'Mozilla/5.0 (Windows NT 6.1; WOW64) AppleWebKit/537.22 (KHTML, like Gecko) Chrome/25.0.1364.172 Safari/537.22', '', 1364326295, 0, 'test', 'test');

-- --------------------------------------------------------

--
-- Table structure for table `moderator_cache`
--

CREATE TABLE IF NOT EXISTS `moderator_cache` (
  `forum_id` mediumint(8) unsigned NOT NULL DEFAULT '0',
  `user_id` mediumint(8) unsigned NOT NULL DEFAULT '0',
  `username` varchar(255) COLLATE utf8_bin NOT NULL DEFAULT '',
  `group_id` mediumint(8) unsigned NOT NULL DEFAULT '0',
  `group_name` varchar(255) COLLATE utf8_bin NOT NULL DEFAULT '',
  `display_on_index` tinyint(1) unsigned NOT NULL DEFAULT '1',
  KEY `disp_idx` (`display_on_index`),
  KEY `forum_id` (`forum_id`)
) ENGINE=MyISAM DEFAULT CHARSET=utf8 COLLATE=utf8_bin;

-- --------------------------------------------------------

--
-- Table structure for table `modules`
--

CREATE TABLE IF NOT EXISTS `modules` (
  `module_id` mediumint(8) unsigned NOT NULL AUTO_INCREMENT,
  `module_enabled` tinyint(1) unsigned NOT NULL DEFAULT '1',
  `module_display` tinyint(1) unsigned NOT NULL DEFAULT '1',
  `module_basename` varchar(255) COLLATE utf8_bin NOT NULL DEFAULT '',
  `module_class` varchar(10) COLLATE utf8_bin NOT NULL DEFAULT '',
  `parent_id` mediumint(8) unsigned NOT NULL DEFAULT '0',
  `left_id` mediumint(8) unsigned NOT NULL DEFAULT '0',
  `right_id` mediumint(8) unsigned NOT NULL DEFAULT '0',
  `module_langname` varchar(255) COLLATE utf8_bin NOT NULL DEFAULT '',
  `module_mode` varchar(255) COLLATE utf8_bin NOT NULL DEFAULT '',
  `module_auth` varchar(255) COLLATE utf8_bin NOT NULL DEFAULT '',
  PRIMARY KEY (`module_id`),
  KEY `left_right_id` (`left_id`,`right_id`),
  KEY `module_enabled` (`module_enabled`),
  KEY `class_left_id` (`module_class`,`left_id`)
) ENGINE=MyISAM  DEFAULT CHARSET=utf8 COLLATE=utf8_bin AUTO_INCREMENT=672 ;

--
-- Dumping data for table `modules`
--

INSERT INTO `modules` (`module_id`, `module_enabled`, `module_display`, `module_basename`, `module_class`, `parent_id`, `left_id`, `right_id`, `module_langname`, `module_mode`, `module_auth`) VALUES
(474, 1, 1, '', 'acp', 0, 1, 64, 'ACP_CAT_GENERAL', '', ''),
(475, 1, 1, '', 'acp', 474, 4, 17, 'ACP_QUICK_ACCESS', '', ''),
(476, 1, 1, '', 'acp', 474, 18, 41, 'ACP_BOARD_CONFIGURATION', '', ''),
(477, 1, 1, '', 'acp', 474, 42, 49, 'ACP_CLIENT_COMMUNICATION', '', ''),
(478, 1, 1, '', 'acp', 474, 50, 63, 'ACP_SERVER_CONFIGURATION', '', ''),
(479, 1, 1, '', 'acp', 0, 65, 84, 'ACP_CAT_FORUMS', '', ''),
(480, 1, 1, '', 'acp', 479, 66, 71, 'ACP_MANAGE_FORUMS', '', ''),
(481, 1, 1, '', 'acp', 479, 72, 83, 'ACP_FORUM_BASED_PERMISSIONS', '', ''),
(482, 1, 1, '', 'acp', 0, 85, 110, 'ACP_CAT_POSTING', '', ''),
(483, 1, 1, '', 'acp', 482, 86, 99, 'ACP_MESSAGES', '', ''),
(484, 1, 1, '', 'acp', 482, 100, 109, 'ACP_ATTACHMENTS', '', ''),
(485, 1, 1, '', 'acp', 0, 111, 166, 'ACP_CAT_USERGROUP', '', ''),
(486, 1, 1, '', 'acp', 485, 112, 145, 'ACP_CAT_USERS', '', ''),
(487, 1, 1, '', 'acp', 485, 146, 153, 'ACP_GROUPS', '', ''),
(488, 1, 1, '', 'acp', 485, 154, 165, 'ACP_USER_SECURITY', '', ''),
(489, 1, 1, '', 'acp', 0, 167, 216, 'ACP_CAT_PERMISSIONS', '', ''),
(490, 1, 1, '', 'acp', 489, 170, 179, 'ACP_GLOBAL_PERMISSIONS', '', ''),
(491, 1, 1, '', 'acp', 489, 180, 191, 'ACP_FORUM_BASED_PERMISSIONS', '', ''),
(492, 1, 1, '', 'acp', 489, 192, 201, 'ACP_PERMISSION_ROLES', '', ''),
(493, 1, 1, '', 'acp', 489, 202, 215, 'ACP_PERMISSION_MASKS', '', ''),
(494, 1, 1, '', 'acp', 0, 217, 230, 'ACP_CAT_STYLES', '', ''),
(495, 1, 1, '', 'acp', 494, 218, 221, 'ACP_STYLE_MANAGEMENT', '', ''),
(496, 1, 1, '', 'acp', 494, 222, 229, 'ACP_STYLE_COMPONENTS', '', ''),
(497, 1, 1, '', 'acp', 0, 231, 250, 'ACP_CAT_MAINTENANCE', '', ''),
(498, 1, 1, '', 'acp', 497, 232, 241, 'ACP_FORUM_LOGS', '', ''),
(499, 1, 1, '', 'acp', 497, 242, 249, 'ACP_CAT_DATABASE', '', ''),
(500, 1, 1, '', 'acp', 0, 251, 276, 'ACP_CAT_SYSTEM', '', ''),
(501, 1, 1, '', 'acp', 500, 252, 255, 'ACP_AUTOMATION', '', ''),
(502, 1, 1, '', 'acp', 500, 256, 267, 'ACP_GENERAL_TASKS', '', ''),
(503, 1, 1, '', 'acp', 500, 268, 275, 'ACP_MODULE_MANAGEMENT', '', ''),
(504, 1, 1, '', 'acp', 0, 277, 278, 'ACP_CAT_DOT_MODS', '', ''),
(505, 1, 1, 'attachments', 'acp', 476, 19, 20, 'ACP_ATTACHMENT_SETTINGS', 'attach', 'acl_a_attach'),
(506, 1, 1, 'attachments', 'acp', 484, 101, 102, 'ACP_ATTACHMENT_SETTINGS', 'attach', 'acl_a_attach'),
(507, 1, 1, 'attachments', 'acp', 484, 103, 104, 'ACP_MANAGE_EXTENSIONS', 'extensions', 'acl_a_attach'),
(508, 1, 1, 'attachments', 'acp', 484, 105, 106, 'ACP_EXTENSION_GROUPS', 'ext_groups', 'acl_a_attach'),
(509, 1, 1, 'attachments', 'acp', 484, 107, 108, 'ACP_ORPHAN_ATTACHMENTS', 'orphan', 'acl_a_attach'),
(510, 1, 1, 'ban', 'acp', 488, 155, 156, 'ACP_BAN_EMAILS', 'email', 'acl_a_ban'),
(511, 1, 1, 'ban', 'acp', 488, 157, 158, 'ACP_BAN_IPS', 'ip', 'acl_a_ban'),
(512, 1, 1, 'ban', 'acp', 488, 159, 160, 'ACP_BAN_USERNAMES', 'user', 'acl_a_ban'),
(513, 1, 1, 'bbcodes', 'acp', 483, 87, 88, 'ACP_BBCODES', 'bbcodes', 'acl_a_bbcode'),
(514, 1, 1, 'board', 'acp', 476, 21, 22, 'ACP_BOARD_SETTINGS', 'settings', 'acl_a_board'),
(515, 1, 1, 'board', 'acp', 476, 23, 24, 'ACP_BOARD_FEATURES', 'features', 'acl_a_board'),
(516, 1, 1, 'board', 'acp', 476, 25, 26, 'ACP_AVATAR_SETTINGS', 'avatar', 'acl_a_board'),
(517, 1, 1, 'board', 'acp', 476, 27, 28, 'ACP_MESSAGE_SETTINGS', 'message', 'acl_a_board'),
(518, 1, 1, 'board', 'acp', 483, 89, 90, 'ACP_MESSAGE_SETTINGS', 'message', 'acl_a_board'),
(519, 1, 1, 'board', 'acp', 476, 29, 30, 'ACP_POST_SETTINGS', 'post', 'acl_a_board'),
(520, 1, 1, 'board', 'acp', 483, 91, 92, 'ACP_POST_SETTINGS', 'post', 'acl_a_board'),
(521, 1, 1, 'board', 'acp', 476, 31, 32, 'ACP_SIGNATURE_SETTINGS', 'signature', 'acl_a_board'),
(522, 1, 1, 'board', 'acp', 476, 33, 34, 'ACP_FEED_SETTINGS', 'feed', 'acl_a_board'),
(523, 1, 1, 'board', 'acp', 476, 35, 36, 'ACP_REGISTER_SETTINGS', 'registration', 'acl_a_board'),
(524, 1, 1, 'board', 'acp', 477, 43, 44, 'ACP_AUTH_SETTINGS', 'auth', 'acl_a_server'),
(525, 1, 1, 'board', 'acp', 477, 45, 46, 'ACP_EMAIL_SETTINGS', 'email', 'acl_a_server'),
(526, 1, 1, 'board', 'acp', 478, 51, 52, 'ACP_COOKIE_SETTINGS', 'cookie', 'acl_a_server'),
(527, 1, 1, 'board', 'acp', 478, 53, 54, 'ACP_SERVER_SETTINGS', 'server', 'acl_a_server'),
(528, 1, 1, 'board', 'acp', 478, 55, 56, 'ACP_SECURITY_SETTINGS', 'security', 'acl_a_server'),
(529, 1, 1, 'board', 'acp', 478, 57, 58, 'ACP_LOAD_SETTINGS', 'load', 'acl_a_server'),
(530, 1, 1, 'bots', 'acp', 502, 257, 258, 'ACP_BOTS', 'bots', 'acl_a_bots'),
(531, 1, 1, 'captcha', 'acp', 476, 37, 38, 'ACP_VC_SETTINGS', 'visual', 'acl_a_board'),
(532, 1, 0, 'captcha', 'acp', 476, 39, 40, 'ACP_VC_CAPTCHA_DISPLAY', 'img', 'acl_a_board'),
(533, 1, 1, 'database', 'acp', 499, 243, 244, 'ACP_BACKUP', 'backup', 'acl_a_backup'),
(534, 1, 1, 'database', 'acp', 499, 245, 246, 'ACP_RESTORE', 'restore', 'acl_a_backup'),
(535, 1, 1, 'disallow', 'acp', 488, 161, 162, 'ACP_DISALLOW_USERNAMES', 'usernames', 'acl_a_names'),
(536, 1, 1, 'email', 'acp', 502, 259, 260, 'ACP_MASS_EMAIL', 'email', 'acl_a_email && cfg_email_enable'),
(537, 1, 1, 'forums', 'acp', 480, 67, 68, 'ACP_MANAGE_FORUMS', 'manage', 'acl_a_forum'),
(538, 1, 1, 'groups', 'acp', 487, 147, 148, 'ACP_GROUPS_MANAGE', 'manage', 'acl_a_group'),
(539, 1, 1, 'icons', 'acp', 483, 93, 94, 'ACP_ICONS', 'icons', 'acl_a_icons'),
(540, 1, 1, 'icons', 'acp', 483, 95, 96, 'ACP_SMILIES', 'smilies', 'acl_a_icons'),
(541, 1, 1, 'inactive', 'acp', 486, 115, 116, 'ACP_INACTIVE_USERS', 'list', 'acl_a_user'),
(542, 1, 1, 'jabber', 'acp', 477, 47, 48, 'ACP_JABBER_SETTINGS', 'settings', 'acl_a_jabber'),
(543, 1, 1, 'language', 'acp', 502, 261, 262, 'ACP_LANGUAGE_PACKS', 'lang_packs', 'acl_a_language'),
(544, 1, 1, 'logs', 'acp', 498, 233, 234, 'ACP_ADMIN_LOGS', 'admin', 'acl_a_viewlogs'),
(545, 1, 1, 'logs', 'acp', 498, 235, 236, 'ACP_MOD_LOGS', 'mod', 'acl_a_viewlogs'),
(546, 1, 1, 'logs', 'acp', 498, 237, 238, 'ACP_USERS_LOGS', 'users', 'acl_a_viewlogs'),
(547, 1, 1, 'logs', 'acp', 498, 239, 240, 'ACP_CRITICAL_LOGS', 'critical', 'acl_a_viewlogs'),
(548, 1, 1, 'main', 'acp', 474, 2, 3, 'ACP_INDEX', 'main', ''),
(549, 1, 1, 'modules', 'acp', 503, 269, 270, 'ACP', 'acp', 'acl_a_modules'),
(550, 1, 1, 'modules', 'acp', 503, 271, 272, 'UCP', 'ucp', 'acl_a_modules'),
(551, 1, 1, 'modules', 'acp', 503, 273, 274, 'MCP', 'mcp', 'acl_a_modules'),
(552, 1, 1, 'permission_roles', 'acp', 492, 193, 194, 'ACP_ADMIN_ROLES', 'admin_roles', 'acl_a_roles && acl_a_aauth'),
(553, 1, 1, 'permission_roles', 'acp', 492, 195, 196, 'ACP_USER_ROLES', 'user_roles', 'acl_a_roles && acl_a_uauth'),
(554, 1, 1, 'permission_roles', 'acp', 492, 197, 198, 'ACP_MOD_ROLES', 'mod_roles', 'acl_a_roles && acl_a_mauth'),
(555, 1, 1, 'permission_roles', 'acp', 492, 199, 200, 'ACP_FORUM_ROLES', 'forum_roles', 'acl_a_roles && acl_a_fauth'),
(556, 1, 1, 'permissions', 'acp', 489, 168, 169, 'ACP_PERMISSIONS', 'intro', 'acl_a_authusers || acl_a_authgroups || acl_a_viewauth'),
(557, 1, 0, 'permissions', 'acp', 493, 203, 204, 'ACP_PERMISSION_TRACE', 'trace', 'acl_a_viewauth'),
(558, 1, 1, 'permissions', 'acp', 491, 181, 182, 'ACP_FORUM_PERMISSIONS', 'setting_forum_local', 'acl_a_fauth && (acl_a_authusers || acl_a_authgroups)'),
(559, 1, 1, 'permissions', 'acp', 491, 183, 184, 'ACP_FORUM_PERMISSIONS_COPY', 'setting_forum_copy', 'acl_a_fauth && acl_a_authusers && acl_a_authgroups && acl_a_mauth'),
(560, 1, 1, 'permissions', 'acp', 491, 185, 186, 'ACP_FORUM_MODERATORS', 'setting_mod_local', 'acl_a_mauth && (acl_a_authusers || acl_a_authgroups)'),
(561, 1, 1, 'permissions', 'acp', 490, 171, 172, 'ACP_USERS_PERMISSIONS', 'setting_user_global', 'acl_a_authusers && (acl_a_aauth || acl_a_mauth || acl_a_uauth)'),
(562, 1, 1, 'permissions', 'acp', 486, 117, 118, 'ACP_USERS_PERMISSIONS', 'setting_user_global', 'acl_a_authusers && (acl_a_aauth || acl_a_mauth || acl_a_uauth)'),
(563, 1, 1, 'permissions', 'acp', 491, 187, 188, 'ACP_USERS_FORUM_PERMISSIONS', 'setting_user_local', 'acl_a_authusers && (acl_a_mauth || acl_a_fauth)'),
(564, 1, 1, 'permissions', 'acp', 486, 119, 120, 'ACP_USERS_FORUM_PERMISSIONS', 'setting_user_local', 'acl_a_authusers && (acl_a_mauth || acl_a_fauth)'),
(565, 1, 1, 'permissions', 'acp', 490, 173, 174, 'ACP_GROUPS_PERMISSIONS', 'setting_group_global', 'acl_a_authgroups && (acl_a_aauth || acl_a_mauth || acl_a_uauth)'),
(566, 1, 1, 'permissions', 'acp', 487, 149, 150, 'ACP_GROUPS_PERMISSIONS', 'setting_group_global', 'acl_a_authgroups && (acl_a_aauth || acl_a_mauth || acl_a_uauth)'),
(567, 1, 1, 'permissions', 'acp', 491, 189, 190, 'ACP_GROUPS_FORUM_PERMISSIONS', 'setting_group_local', 'acl_a_authgroups && (acl_a_mauth || acl_a_fauth)'),
(568, 1, 1, 'permissions', 'acp', 487, 151, 152, 'ACP_GROUPS_FORUM_PERMISSIONS', 'setting_group_local', 'acl_a_authgroups && (acl_a_mauth || acl_a_fauth)'),
(569, 1, 1, 'permissions', 'acp', 490, 175, 176, 'ACP_ADMINISTRATORS', 'setting_admin_global', 'acl_a_aauth && (acl_a_authusers || acl_a_authgroups)'),
(570, 1, 1, 'permissions', 'acp', 490, 177, 178, 'ACP_GLOBAL_MODERATORS', 'setting_mod_global', 'acl_a_mauth && (acl_a_authusers || acl_a_authgroups)'),
(571, 1, 1, 'permissions', 'acp', 493, 205, 206, 'ACP_VIEW_ADMIN_PERMISSIONS', 'view_admin_global', 'acl_a_viewauth'),
(572, 1, 1, 'permissions', 'acp', 493, 207, 208, 'ACP_VIEW_USER_PERMISSIONS', 'view_user_global', 'acl_a_viewauth'),
(573, 1, 1, 'permissions', 'acp', 493, 209, 210, 'ACP_VIEW_GLOBAL_MOD_PERMISSIONS', 'view_mod_global', 'acl_a_viewauth'),
(574, 1, 1, 'permissions', 'acp', 493, 211, 212, 'ACP_VIEW_FORUM_MOD_PERMISSIONS', 'view_mod_local', 'acl_a_viewauth'),
(575, 1, 1, 'permissions', 'acp', 493, 213, 214, 'ACP_VIEW_FORUM_PERMISSIONS', 'view_forum_local', 'acl_a_viewauth'),
(576, 1, 1, 'php_info', 'acp', 502, 263, 264, 'ACP_PHP_INFO', 'info', 'acl_a_phpinfo'),
(577, 1, 1, 'profile', 'acp', 486, 121, 122, 'ACP_CUSTOM_PROFILE_FIELDS', 'profile', 'acl_a_profile'),
(578, 1, 1, 'prune', 'acp', 480, 69, 70, 'ACP_PRUNE_FORUMS', 'forums', 'acl_a_prune'),
(579, 1, 1, 'prune', 'acp', 488, 163, 164, 'ACP_PRUNE_USERS', 'users', 'acl_a_userdel'),
(580, 1, 1, 'ranks', 'acp', 486, 123, 124, 'ACP_MANAGE_RANKS', 'ranks', 'acl_a_ranks'),
(581, 1, 1, 'reasons', 'acp', 502, 265, 266, 'ACP_MANAGE_REASONS', 'main', 'acl_a_reasons'),
(582, 1, 1, 'search', 'acp', 478, 59, 60, 'ACP_SEARCH_SETTINGS', 'settings', 'acl_a_search'),
(583, 1, 1, 'search', 'acp', 499, 247, 248, 'ACP_SEARCH_INDEX', 'index', 'acl_a_search'),
(584, 1, 1, 'send_statistics', 'acp', 478, 61, 62, 'ACP_SEND_STATISTICS', 'send_statistics', 'acl_a_server'),
(585, 1, 1, 'styles', 'acp', 495, 219, 220, 'ACP_STYLES', 'style', 'acl_a_styles'),
(586, 1, 1, 'styles', 'acp', 496, 223, 224, 'ACP_TEMPLATES', 'template', 'acl_a_styles'),
(587, 1, 1, 'styles', 'acp', 496, 225, 226, 'ACP_THEMES', 'theme', 'acl_a_styles'),
(588, 1, 1, 'styles', 'acp', 496, 227, 228, 'ACP_IMAGESETS', 'imageset', 'acl_a_styles'),
(589, 1, 1, 'update', 'acp', 501, 253, 254, 'ACP_VERSION_CHECK', 'version_check', 'acl_a_board'),
(590, 1, 1, 'users', 'acp', 486, 113, 114, 'ACP_MANAGE_USERS', 'overview', 'acl_a_user'),
(591, 1, 0, 'users', 'acp', 486, 125, 126, 'ACP_USER_FEEDBACK', 'feedback', 'acl_a_user'),
(592, 1, 0, 'users', 'acp', 486, 127, 128, 'ACP_USER_WARNINGS', 'warnings', 'acl_a_user'),
(593, 1, 0, 'users', 'acp', 486, 129, 130, 'ACP_USER_PROFILE', 'profile', 'acl_a_user'),
(594, 1, 0, 'users', 'acp', 486, 131, 132, 'ACP_USER_PREFS', 'prefs', 'acl_a_user'),
(595, 1, 0, 'users', 'acp', 486, 133, 134, 'ACP_USER_AVATAR', 'avatar', 'acl_a_user'),
(596, 1, 0, 'users', 'acp', 486, 135, 136, 'ACP_USER_RANK', 'rank', 'acl_a_user'),
(597, 1, 0, 'users', 'acp', 486, 137, 138, 'ACP_USER_SIG', 'sig', 'acl_a_user'),
(598, 1, 0, 'users', 'acp', 486, 139, 140, 'ACP_USER_GROUPS', 'groups', 'acl_a_user && acl_a_group'),
(599, 1, 0, 'users', 'acp', 486, 141, 142, 'ACP_USER_PERM', 'perm', 'acl_a_user && acl_a_viewauth'),
(600, 1, 0, 'users', 'acp', 486, 143, 144, 'ACP_USER_ATTACH', 'attach', 'acl_a_user'),
(601, 1, 1, 'words', 'acp', 483, 97, 98, 'ACP_WORDS', 'words', 'acl_a_words'),
(602, 1, 1, 'users', 'acp', 475, 5, 6, 'ACP_MANAGE_USERS', 'overview', 'acl_a_user'),
(603, 1, 1, 'groups', 'acp', 475, 7, 8, 'ACP_GROUPS_MANAGE', 'manage', 'acl_a_group'),
(604, 1, 1, 'forums', 'acp', 475, 9, 10, 'ACP_MANAGE_FORUMS', 'manage', 'acl_a_forum'),
(605, 1, 1, 'logs', 'acp', 475, 11, 12, 'ACP_MOD_LOGS', 'mod', 'acl_a_viewlogs'),
(606, 1, 1, 'bots', 'acp', 475, 13, 14, 'ACP_BOTS', 'bots', 'acl_a_bots'),
(607, 1, 1, 'php_info', 'acp', 475, 15, 16, 'ACP_PHP_INFO', 'info', 'acl_a_phpinfo'),
(608, 1, 1, 'permissions', 'acp', 481, 73, 74, 'ACP_FORUM_PERMISSIONS', 'setting_forum_local', 'acl_a_fauth && (acl_a_authusers || acl_a_authgroups)'),
(609, 1, 1, 'permissions', 'acp', 481, 75, 76, 'ACP_FORUM_PERMISSIONS_COPY', 'setting_forum_copy', 'acl_a_fauth && acl_a_authusers && acl_a_authgroups && acl_a_mauth'),
(610, 1, 1, 'permissions', 'acp', 481, 77, 78, 'ACP_FORUM_MODERATORS', 'setting_mod_local', 'acl_a_mauth && (acl_a_authusers || acl_a_authgroups)'),
(611, 1, 1, 'permissions', 'acp', 481, 79, 80, 'ACP_USERS_FORUM_PERMISSIONS', 'setting_user_local', 'acl_a_authusers && (acl_a_mauth || acl_a_fauth)'),
(612, 1, 1, 'permissions', 'acp', 481, 81, 82, 'ACP_GROUPS_FORUM_PERMISSIONS', 'setting_group_local', 'acl_a_authgroups && (acl_a_mauth || acl_a_fauth)'),
(613, 1, 1, '', 'mcp', 0, 1, 10, 'MCP_MAIN', '', ''),
(614, 1, 1, '', 'mcp', 0, 11, 18, 'MCP_QUEUE', '', ''),
(615, 1, 1, '', 'mcp', 0, 19, 32, 'MCP_REPORTS', '', ''),
(616, 1, 1, '', 'mcp', 0, 33, 38, 'MCP_NOTES', '', ''),
(617, 1, 1, '', 'mcp', 0, 39, 48, 'MCP_WARN', '', ''),
(618, 1, 1, '', 'mcp', 0, 49, 56, 'MCP_LOGS', '', ''),
(619, 1, 1, '', 'mcp', 0, 57, 64, 'MCP_BAN', '', ''),
(620, 1, 1, 'ban', 'mcp', 619, 58, 59, 'MCP_BAN_USERNAMES', 'user', 'acl_m_ban'),
(621, 1, 1, 'ban', 'mcp', 619, 60, 61, 'MCP_BAN_IPS', 'ip', 'acl_m_ban'),
(622, 1, 1, 'ban', 'mcp', 619, 62, 63, 'MCP_BAN_EMAILS', 'email', 'acl_m_ban'),
(623, 1, 1, 'logs', 'mcp', 618, 50, 51, 'MCP_LOGS_FRONT', 'front', 'acl_m_ || aclf_m_'),
(624, 1, 1, 'logs', 'mcp', 618, 52, 53, 'MCP_LOGS_FORUM_VIEW', 'forum_logs', 'acl_m_,$id'),
(625, 1, 1, 'logs', 'mcp', 618, 54, 55, 'MCP_LOGS_TOPIC_VIEW', 'topic_logs', 'acl_m_,$id'),
(626, 1, 1, 'main', 'mcp', 613, 2, 3, 'MCP_MAIN_FRONT', 'front', ''),
(627, 1, 1, 'main', 'mcp', 613, 4, 5, 'MCP_MAIN_FORUM_VIEW', 'forum_view', 'acl_m_,$id'),
(628, 1, 1, 'main', 'mcp', 613, 6, 7, 'MCP_MAIN_TOPIC_VIEW', 'topic_view', 'acl_m_,$id'),
(629, 1, 1, 'main', 'mcp', 613, 8, 9, 'MCP_MAIN_POST_DETAILS', 'post_details', 'acl_m_,$id || (!$id && aclf_m_)'),
(630, 1, 1, 'notes', 'mcp', 616, 34, 35, 'MCP_NOTES_FRONT', 'front', ''),
(631, 1, 1, 'notes', 'mcp', 616, 36, 37, 'MCP_NOTES_USER', 'user_notes', ''),
(632, 1, 1, 'pm_reports', 'mcp', 615, 20, 21, 'MCP_PM_REPORTS_OPEN', 'pm_reports', 'aclf_m_report'),
(633, 1, 1, 'pm_reports', 'mcp', 615, 22, 23, 'MCP_PM_REPORTS_CLOSED', 'pm_reports_closed', 'aclf_m_report'),
(634, 1, 1, 'pm_reports', 'mcp', 615, 24, 25, 'MCP_PM_REPORT_DETAILS', 'pm_report_details', 'aclf_m_report'),
(635, 1, 1, 'queue', 'mcp', 614, 12, 13, 'MCP_QUEUE_UNAPPROVED_TOPICS', 'unapproved_topics', 'aclf_m_approve'),
(636, 1, 1, 'queue', 'mcp', 614, 14, 15, 'MCP_QUEUE_UNAPPROVED_POSTS', 'unapproved_posts', 'aclf_m_approve'),
(637, 1, 1, 'queue', 'mcp', 614, 16, 17, 'MCP_QUEUE_APPROVE_DETAILS', 'approve_details', 'acl_m_approve,$id || (!$id && aclf_m_approve)'),
(638, 1, 1, 'reports', 'mcp', 615, 26, 27, 'MCP_REPORTS_OPEN', 'reports', 'aclf_m_report'),
(639, 1, 1, 'reports', 'mcp', 615, 28, 29, 'MCP_REPORTS_CLOSED', 'reports_closed', 'aclf_m_report'),
(640, 1, 1, 'reports', 'mcp', 615, 30, 31, 'MCP_REPORT_DETAILS', 'report_details', 'acl_m_report,$id || (!$id && aclf_m_report)'),
(641, 1, 1, 'warn', 'mcp', 617, 40, 41, 'MCP_WARN_FRONT', 'front', 'aclf_m_warn'),
(642, 1, 1, 'warn', 'mcp', 617, 42, 43, 'MCP_WARN_LIST', 'list', 'aclf_m_warn'),
(643, 1, 1, 'warn', 'mcp', 617, 44, 45, 'MCP_WARN_USER', 'warn_user', 'aclf_m_warn'),
(644, 1, 1, 'warn', 'mcp', 617, 46, 47, 'MCP_WARN_POST', 'warn_post', 'acl_m_warn && acl_f_read,$id'),
(645, 1, 1, '', 'ucp', 0, 1, 12, 'UCP_MAIN', '', ''),
(646, 1, 1, '', 'ucp', 0, 13, 22, 'UCP_PROFILE', '', ''),
(647, 1, 1, '', 'ucp', 0, 23, 30, 'UCP_PREFS', '', ''),
(648, 1, 1, '', 'ucp', 0, 31, 42, 'UCP_PM', '', ''),
(649, 1, 1, '', 'ucp', 0, 43, 48, 'UCP_USERGROUPS', '', ''),
(650, 1, 1, '', 'ucp', 0, 49, 54, 'UCP_ZEBRA', '', ''),
(651, 1, 1, 'attachments', 'ucp', 645, 10, 11, 'UCP_MAIN_ATTACHMENTS', 'attachments', 'acl_u_attach'),
(652, 1, 1, 'groups', 'ucp', 649, 44, 45, 'UCP_USERGROUPS_MEMBER', 'membership', ''),
(653, 1, 1, 'groups', 'ucp', 649, 46, 47, 'UCP_USERGROUPS_MANAGE', 'manage', ''),
(654, 1, 1, 'main', 'ucp', 645, 2, 3, 'UCP_MAIN_FRONT', 'front', ''),
(655, 1, 1, 'main', 'ucp', 645, 4, 5, 'UCP_MAIN_SUBSCRIBED', 'subscribed', ''),
(656, 1, 1, 'main', 'ucp', 645, 6, 7, 'UCP_MAIN_BOOKMARKS', 'bookmarks', 'cfg_allow_bookmarks'),
(657, 1, 1, 'main', 'ucp', 645, 8, 9, 'UCP_MAIN_DRAFTS', 'drafts', ''),
(658, 1, 0, 'pm', 'ucp', 648, 32, 33, 'UCP_PM_VIEW', 'view', 'cfg_allow_privmsg'),
(659, 1, 1, 'pm', 'ucp', 648, 34, 35, 'UCP_PM_COMPOSE', 'compose', 'cfg_allow_privmsg'),
(660, 1, 1, 'pm', 'ucp', 648, 36, 37, 'UCP_PM_DRAFTS', 'drafts', 'cfg_allow_privmsg'),
(661, 1, 1, 'pm', 'ucp', 648, 38, 39, 'UCP_PM_OPTIONS', 'options', 'cfg_allow_privmsg'),
(662, 1, 0, 'pm', 'ucp', 648, 40, 41, 'UCP_PM_POPUP_TITLE', 'popup', 'cfg_allow_privmsg'),
(663, 1, 1, 'prefs', 'ucp', 647, 24, 25, 'UCP_PREFS_PERSONAL', 'personal', ''),
(664, 1, 1, 'prefs', 'ucp', 647, 26, 27, 'UCP_PREFS_POST', 'post', ''),
(665, 1, 1, 'prefs', 'ucp', 647, 28, 29, 'UCP_PREFS_VIEW', 'view', ''),
(666, 1, 1, 'profile', 'ucp', 646, 14, 15, 'UCP_PROFILE_PROFILE_INFO', 'profile_info', ''),
(667, 1, 1, 'profile', 'ucp', 646, 16, 17, 'UCP_PROFILE_SIGNATURE', 'signature', ''),
(668, 1, 1, 'profile', 'ucp', 646, 18, 19, 'UCP_PROFILE_AVATAR', 'avatar', 'cfg_allow_avatar && (cfg_allow_avatar_local || cfg_allow_avatar_remote || cfg_allow_avatar_upload || cfg_allow_avatar_remote_upload)'),
(669, 1, 1, 'profile', 'ucp', 646, 20, 21, 'UCP_PROFILE_REG_DETAILS', 'reg_details', ''),
(670, 1, 1, 'zebra', 'ucp', 650, 50, 51, 'UCP_ZEBRA_FRIENDS', 'friends', ''),
(671, 1, 1, 'zebra', 'ucp', 650, 52, 53, 'UCP_ZEBRA_FOES', 'foes', '');

-- --------------------------------------------------------

--
-- Table structure for table `poll_options`
--

CREATE TABLE IF NOT EXISTS `poll_options` (
  `poll_option_id` tinyint(4) NOT NULL DEFAULT '0',
  `topic_id` mediumint(8) unsigned NOT NULL DEFAULT '0',
  `poll_option_text` text COLLATE utf8_bin NOT NULL,
  `poll_option_total` mediumint(8) unsigned NOT NULL DEFAULT '0',
  KEY `poll_opt_id` (`poll_option_id`),
  KEY `topic_id` (`topic_id`)
) ENGINE=MyISAM DEFAULT CHARSET=utf8 COLLATE=utf8_bin;

-- --------------------------------------------------------

--
-- Table structure for table `poll_votes`
--

CREATE TABLE IF NOT EXISTS `poll_votes` (
  `topic_id` mediumint(8) unsigned NOT NULL DEFAULT '0',
  `poll_option_id` tinyint(4) NOT NULL DEFAULT '0',
  `vote_user_id` mediumint(8) unsigned NOT NULL DEFAULT '0',
  `vote_user_ip` varchar(40) COLLATE utf8_bin NOT NULL DEFAULT '',
  KEY `topic_id` (`topic_id`),
  KEY `vote_user_id` (`vote_user_id`),
  KEY `vote_user_ip` (`vote_user_ip`)
) ENGINE=MyISAM DEFAULT CHARSET=utf8 COLLATE=utf8_bin;

-- --------------------------------------------------------

--
-- Table structure for table `posts`
--

CREATE TABLE IF NOT EXISTS `posts` (
  `post_id` mediumint(8) unsigned NOT NULL AUTO_INCREMENT,
  `topic_id` mediumint(8) unsigned NOT NULL DEFAULT '0',
  `forum_id` mediumint(8) unsigned NOT NULL DEFAULT '0',
  `poster_id` mediumint(8) unsigned NOT NULL DEFAULT '0',
  `icon_id` mediumint(8) unsigned NOT NULL DEFAULT '0',
  `poster_ip` varchar(40) COLLATE utf8_bin NOT NULL DEFAULT '',
  `post_time` int(11) unsigned NOT NULL DEFAULT '0',
  `post_approved` tinyint(1) unsigned NOT NULL DEFAULT '1',
  `post_reported` tinyint(1) unsigned NOT NULL DEFAULT '0',
  `enable_bbcode` tinyint(1) unsigned NOT NULL DEFAULT '1',
  `enable_smilies` tinyint(1) unsigned NOT NULL DEFAULT '1',
  `enable_magic_url` tinyint(1) unsigned NOT NULL DEFAULT '1',
  `enable_sig` tinyint(1) unsigned NOT NULL DEFAULT '1',
  `post_username` varchar(255) COLLATE utf8_bin NOT NULL DEFAULT '',
  `post_subject` varchar(255) CHARACTER SET utf8 COLLATE utf8_unicode_ci NOT NULL DEFAULT '',
  `post_text` mediumtext COLLATE utf8_bin NOT NULL,
  `post_checksum` varchar(32) COLLATE utf8_bin NOT NULL DEFAULT '',
  `post_attachment` tinyint(1) unsigned NOT NULL DEFAULT '0',
  `bbcode_bitfield` varchar(255) COLLATE utf8_bin NOT NULL DEFAULT '',
  `bbcode_uid` varchar(8) COLLATE utf8_bin NOT NULL DEFAULT '',
  `post_postcount` tinyint(1) unsigned NOT NULL DEFAULT '1',
  `post_edit_time` int(11) unsigned NOT NULL DEFAULT '0',
  `post_edit_reason` varchar(255) COLLATE utf8_bin NOT NULL DEFAULT '',
  `post_edit_user` mediumint(8) unsigned NOT NULL DEFAULT '0',
  `post_edit_count` smallint(4) unsigned NOT NULL DEFAULT '0',
  `post_edit_locked` tinyint(1) unsigned NOT NULL DEFAULT '0',
  PRIMARY KEY (`post_id`),
  KEY `forum_id` (`forum_id`),
  KEY `topic_id` (`topic_id`),
  KEY `poster_ip` (`poster_ip`),
  KEY `poster_id` (`poster_id`),
  KEY `post_approved` (`post_approved`),
  KEY `tid_post_time` (`topic_id`,`post_time`),
  KEY `post_username` (`post_username`)
) ENGINE=MyISAM DEFAULT CHARSET=utf8 COLLATE=utf8_bin AUTO_INCREMENT=1 ;

-- --------------------------------------------------------

--
-- Table structure for table `privmsgs`
--

CREATE TABLE IF NOT EXISTS `privmsgs` (
  `msg_id` mediumint(8) unsigned NOT NULL AUTO_INCREMENT,
  `root_level` mediumint(8) unsigned NOT NULL DEFAULT '0',
  `author_id` mediumint(8) unsigned NOT NULL DEFAULT '0',
  `icon_id` mediumint(8) unsigned NOT NULL DEFAULT '0',
  `author_ip` varchar(40) COLLATE utf8_bin NOT NULL DEFAULT '',
  `message_time` int(11) unsigned NOT NULL DEFAULT '0',
  `enable_bbcode` tinyint(1) unsigned NOT NULL DEFAULT '1',
  `enable_smilies` tinyint(1) unsigned NOT NULL DEFAULT '1',
  `enable_magic_url` tinyint(1) unsigned NOT NULL DEFAULT '1',
  `enable_sig` tinyint(1) unsigned NOT NULL DEFAULT '1',
  `message_subject` varchar(255) COLLATE utf8_bin NOT NULL DEFAULT '',
  `message_text` mediumtext COLLATE utf8_bin NOT NULL,
  `message_edit_reason` varchar(255) COLLATE utf8_bin NOT NULL DEFAULT '',
  `message_edit_user` mediumint(8) unsigned NOT NULL DEFAULT '0',
  `message_attachment` tinyint(1) unsigned NOT NULL DEFAULT '0',
  `bbcode_bitfield` varchar(255) COLLATE utf8_bin NOT NULL DEFAULT '',
  `bbcode_uid` varchar(8) COLLATE utf8_bin NOT NULL DEFAULT '',
  `message_edit_time` int(11) unsigned NOT NULL DEFAULT '0',
  `message_edit_count` smallint(4) unsigned NOT NULL DEFAULT '0',
  `to_address` text COLLATE utf8_bin NOT NULL,
  `bcc_address` text COLLATE utf8_bin NOT NULL,
  `message_reported` tinyint(1) unsigned NOT NULL DEFAULT '0',
  PRIMARY KEY (`msg_id`),
  KEY `author_ip` (`author_ip`),
  KEY `message_time` (`message_time`),
  KEY `author_id` (`author_id`),
  KEY `root_level` (`root_level`)
) ENGINE=MyISAM DEFAULT CHARSET=utf8 COLLATE=utf8_bin AUTO_INCREMENT=1 ;

-- --------------------------------------------------------

--
-- Table structure for table `privmsgs_folder`
--

CREATE TABLE IF NOT EXISTS `privmsgs_folder` (
  `folder_id` mediumint(8) unsigned NOT NULL AUTO_INCREMENT,
  `user_id` mediumint(8) unsigned NOT NULL DEFAULT '0',
  `folder_name` varchar(255) COLLATE utf8_bin NOT NULL DEFAULT '',
  `pm_count` mediumint(8) unsigned NOT NULL DEFAULT '0',
  PRIMARY KEY (`folder_id`),
  KEY `user_id` (`user_id`)
) ENGINE=MyISAM DEFAULT CHARSET=utf8 COLLATE=utf8_bin AUTO_INCREMENT=1 ;

-- --------------------------------------------------------

--
-- Table structure for table `privmsgs_rules`
--

CREATE TABLE IF NOT EXISTS `privmsgs_rules` (
  `rule_id` mediumint(8) unsigned NOT NULL AUTO_INCREMENT,
  `user_id` mediumint(8) unsigned NOT NULL DEFAULT '0',
  `rule_check` mediumint(8) unsigned NOT NULL DEFAULT '0',
  `rule_connection` mediumint(8) unsigned NOT NULL DEFAULT '0',
  `rule_string` varchar(255) COLLATE utf8_bin NOT NULL DEFAULT '',
  `rule_user_id` mediumint(8) unsigned NOT NULL DEFAULT '0',
  `rule_group_id` mediumint(8) unsigned NOT NULL DEFAULT '0',
  `rule_action` mediumint(8) unsigned NOT NULL DEFAULT '0',
  `rule_folder_id` int(11) NOT NULL DEFAULT '0',
  PRIMARY KEY (`rule_id`),
  KEY `user_id` (`user_id`)
) ENGINE=MyISAM DEFAULT CHARSET=utf8 COLLATE=utf8_bin AUTO_INCREMENT=1 ;

-- --------------------------------------------------------

--
-- Table structure for table `privmsgs_to`
--

CREATE TABLE IF NOT EXISTS `privmsgs_to` (
  `msg_id` mediumint(8) unsigned NOT NULL DEFAULT '0',
  `user_id` mediumint(8) unsigned NOT NULL DEFAULT '0',
  `author_id` mediumint(8) unsigned NOT NULL DEFAULT '0',
  `pm_deleted` tinyint(1) unsigned NOT NULL DEFAULT '0',
  `pm_new` tinyint(1) unsigned NOT NULL DEFAULT '1',
  `pm_unread` tinyint(1) unsigned NOT NULL DEFAULT '1',
  `pm_replied` tinyint(1) unsigned NOT NULL DEFAULT '0',
  `pm_marked` tinyint(1) unsigned NOT NULL DEFAULT '0',
  `pm_forwarded` tinyint(1) unsigned NOT NULL DEFAULT '0',
  `folder_id` int(11) NOT NULL DEFAULT '0',
  KEY `msg_id` (`msg_id`),
  KEY `author_id` (`author_id`),
  KEY `usr_flder_id` (`user_id`,`folder_id`)
) ENGINE=MyISAM DEFAULT CHARSET=utf8 COLLATE=utf8_bin;

-- --------------------------------------------------------

--
-- Table structure for table `profile_fields`
--

CREATE TABLE IF NOT EXISTS `profile_fields` (
  `field_id` mediumint(8) unsigned NOT NULL AUTO_INCREMENT,
  `field_name` varchar(255) COLLATE utf8_bin NOT NULL DEFAULT '',
  `field_type` tinyint(4) NOT NULL DEFAULT '0',
  `field_ident` varchar(20) COLLATE utf8_bin NOT NULL DEFAULT '',
  `field_length` varchar(20) COLLATE utf8_bin NOT NULL DEFAULT '',
  `field_minlen` varchar(255) COLLATE utf8_bin NOT NULL DEFAULT '',
  `field_maxlen` varchar(255) COLLATE utf8_bin NOT NULL DEFAULT '',
  `field_novalue` varchar(255) COLLATE utf8_bin NOT NULL DEFAULT '',
  `field_default_value` varchar(255) COLLATE utf8_bin NOT NULL DEFAULT '',
  `field_validation` varchar(20) COLLATE utf8_bin NOT NULL DEFAULT '',
  `field_required` tinyint(1) unsigned NOT NULL DEFAULT '0',
  `field_show_on_reg` tinyint(1) unsigned NOT NULL DEFAULT '0',
  `field_show_on_vt` tinyint(1) unsigned NOT NULL DEFAULT '0',
  `field_show_profile` tinyint(1) unsigned NOT NULL DEFAULT '0',
  `field_hide` tinyint(1) unsigned NOT NULL DEFAULT '0',
  `field_no_view` tinyint(1) unsigned NOT NULL DEFAULT '0',
  `field_active` tinyint(1) unsigned NOT NULL DEFAULT '0',
  `field_order` mediumint(8) unsigned NOT NULL DEFAULT '0',
  `field_show_novalue` tinyint(1) unsigned NOT NULL DEFAULT '0',
  PRIMARY KEY (`field_id`),
  KEY `fld_type` (`field_type`),
  KEY `fld_ordr` (`field_order`)
) ENGINE=MyISAM DEFAULT CHARSET=utf8 COLLATE=utf8_bin AUTO_INCREMENT=1 ;

-- --------------------------------------------------------

--
-- Table structure for table `profile_fields_data`
--

CREATE TABLE IF NOT EXISTS `profile_fields_data` (
  `user_id` mediumint(8) unsigned NOT NULL DEFAULT '0',
  `pf_real_name` varchar(255) COLLATE utf8_bin DEFAULT NULL,
  `pf_gender` mediumint(8) DEFAULT NULL,
  `pf_fav_soft` mediumint(8) DEFAULT NULL,
  `pf_board_start_date` varchar(255) COLLATE utf8_bin DEFAULT NULL,
  `pf_feature_board` text COLLATE utf8_bin,
  `pf_find_us` mediumint(8) DEFAULT NULL,
  `pf_owned` text COLLATE utf8_bin,
  `pf_exp` mediumint(8) DEFAULT NULL,
  `pf_usernames` varchar(255) COLLATE utf8_bin DEFAULT NULL,
  `pf_my_exp_level` text COLLATE utf8_bin,
  `pf_soft_exp` text COLLATE utf8_bin,
  `pf_staffed_at` mediumint(8) DEFAULT NULL,
  PRIMARY KEY (`user_id`)
) ENGINE=MyISAM DEFAULT CHARSET=utf8 COLLATE=utf8_bin;

-- --------------------------------------------------------

--
-- Table structure for table `profile_fields_lang`
--

CREATE TABLE IF NOT EXISTS `profile_fields_lang` (
  `field_id` mediumint(8) unsigned NOT NULL DEFAULT '0',
  `lang_id` mediumint(8) unsigned NOT NULL DEFAULT '0',
  `option_id` mediumint(8) unsigned NOT NULL DEFAULT '0',
  `field_type` tinyint(4) NOT NULL DEFAULT '0',
  `lang_value` varchar(255) COLLATE utf8_bin NOT NULL DEFAULT '',
  PRIMARY KEY (`field_id`,`lang_id`,`option_id`)
) ENGINE=MyISAM DEFAULT CHARSET=utf8 COLLATE=utf8_bin;

-- --------------------------------------------------------

--
-- Table structure for table `profile_lang`
--

CREATE TABLE IF NOT EXISTS `profile_lang` (
  `field_id` mediumint(8) unsigned NOT NULL DEFAULT '0',
  `lang_id` mediumint(8) unsigned NOT NULL DEFAULT '0',
  `lang_name` varchar(255) COLLATE utf8_bin NOT NULL DEFAULT '',
  `lang_explain` text COLLATE utf8_bin NOT NULL,
  `lang_default_value` varchar(255) COLLATE utf8_bin NOT NULL DEFAULT '',
  PRIMARY KEY (`field_id`,`lang_id`)
) ENGINE=MyISAM DEFAULT CHARSET=utf8 COLLATE=utf8_bin;

-- --------------------------------------------------------

--
-- Table structure for table `qa_confirm`
--

CREATE TABLE IF NOT EXISTS `qa_confirm` (
  `session_id` char(32) COLLATE utf8_bin NOT NULL DEFAULT '',
  `confirm_id` char(32) COLLATE utf8_bin NOT NULL DEFAULT '',
  `lang_iso` varchar(30) COLLATE utf8_bin NOT NULL DEFAULT '',
  `question_id` mediumint(8) unsigned NOT NULL DEFAULT '0',
  `attempts` mediumint(8) unsigned NOT NULL DEFAULT '0',
  `confirm_type` smallint(4) unsigned NOT NULL DEFAULT '0',
  PRIMARY KEY (`confirm_id`),
  KEY `session_id` (`session_id`),
  KEY `lookup` (`confirm_id`,`session_id`,`lang_iso`)
) ENGINE=MyISAM DEFAULT CHARSET=utf8 COLLATE=utf8_bin;

--
-- Dumping data for table `qa_confirm`
--

INSERT INTO `qa_confirm` (`session_id`, `confirm_id`, `lang_iso`, `question_id`, `attempts`, `confirm_type`) VALUES
('64faa0ad0fcb5bb406ded3e4e5fc5145', '447ffd888ed61a0ee6b6ed10c934261c', 'en', 1, 0, 1);

-- --------------------------------------------------------

--
-- Table structure for table `ranks`
--

CREATE TABLE IF NOT EXISTS `ranks` (
  `rank_id` mediumint(8) unsigned NOT NULL AUTO_INCREMENT,
  `rank_title` varchar(255) COLLATE utf8_bin NOT NULL DEFAULT '',
  `rank_min` mediumint(8) unsigned NOT NULL DEFAULT '0',
  `rank_special` tinyint(1) unsigned NOT NULL DEFAULT '0',
  `rank_image` varchar(255) COLLATE utf8_bin NOT NULL DEFAULT '',
  PRIMARY KEY (`rank_id`)
) ENGINE=MyISAM DEFAULT CHARSET=utf8 COLLATE=utf8_bin AUTO_INCREMENT=1 ;

-- --------------------------------------------------------

--
-- Table structure for table `reports`
--

CREATE TABLE IF NOT EXISTS `reports` (
  `report_id` mediumint(8) unsigned NOT NULL AUTO_INCREMENT,
  `reason_id` smallint(4) unsigned NOT NULL DEFAULT '0',
  `post_id` mediumint(8) unsigned NOT NULL DEFAULT '0',
  `pm_id` mediumint(8) unsigned NOT NULL DEFAULT '0',
  `user_id` mediumint(8) unsigned NOT NULL DEFAULT '0',
  `user_notify` tinyint(1) unsigned NOT NULL DEFAULT '0',
  `report_closed` tinyint(1) unsigned NOT NULL DEFAULT '0',
  `report_time` int(11) unsigned NOT NULL DEFAULT '0',
  `report_text` mediumtext COLLATE utf8_bin NOT NULL,
  PRIMARY KEY (`report_id`),
  KEY `post_id` (`post_id`),
  KEY `pm_id` (`pm_id`)
) ENGINE=MyISAM DEFAULT CHARSET=utf8 COLLATE=utf8_bin AUTO_INCREMENT=1 ;

-- --------------------------------------------------------

--
-- Table structure for table `reports_reasons`
--

CREATE TABLE IF NOT EXISTS `reports_reasons` (
  `reason_id` smallint(4) unsigned NOT NULL AUTO_INCREMENT,
  `reason_title` varchar(255) COLLATE utf8_bin NOT NULL DEFAULT '',
  `reason_description` mediumtext COLLATE utf8_bin NOT NULL,
  `reason_order` smallint(4) unsigned NOT NULL DEFAULT '0',
  PRIMARY KEY (`reason_id`)
) ENGINE=MyISAM  DEFAULT CHARSET=utf8 COLLATE=utf8_bin AUTO_INCREMENT=5 ;

--
-- Dumping data for table `reports_reasons`
--

INSERT INTO `reports_reasons` (`reason_id`, `reason_title`, `reason_description`, `reason_order`) VALUES
(1, 'warez', 'The post contains links to illegal or pirated software.', 0),
(2, 'spam', 'The reported post has the only purpose to advertise for a website or another product.', 0),
(3, 'off_topic', 'The reported post is off topic.', 0),
(4, 'other', 'The reported post does not fit into any other category, please use the further information field.', 0);

-- --------------------------------------------------------

--
-- Table structure for table `search_results`
--

CREATE TABLE IF NOT EXISTS `search_results` (
  `search_key` varchar(32) COLLATE utf8_bin NOT NULL DEFAULT '',
  `search_time` int(11) unsigned NOT NULL DEFAULT '0',
  `search_keywords` mediumtext COLLATE utf8_bin NOT NULL,
  `search_authors` mediumtext COLLATE utf8_bin NOT NULL,
  PRIMARY KEY (`search_key`)
) ENGINE=MyISAM DEFAULT CHARSET=utf8 COLLATE=utf8_bin;

-- --------------------------------------------------------

--
-- Table structure for table `search_wordlist`
--

CREATE TABLE IF NOT EXISTS `search_wordlist` (
  `word_id` mediumint(8) unsigned NOT NULL AUTO_INCREMENT,
  `word_text` varchar(255) COLLATE utf8_bin NOT NULL DEFAULT '',
  `word_common` tinyint(1) unsigned NOT NULL DEFAULT '0',
  `word_count` mediumint(8) unsigned NOT NULL DEFAULT '0',
  PRIMARY KEY (`word_id`),
  UNIQUE KEY `wrd_txt` (`word_text`),
  KEY `wrd_cnt` (`word_count`)
) ENGINE=MyISAM DEFAULT CHARSET=utf8 COLLATE=utf8_bin AUTO_INCREMENT=1 ;

-- --------------------------------------------------------

--
-- Table structure for table `search_wordmatch`
--

CREATE TABLE IF NOT EXISTS `search_wordmatch` (
  `post_id` mediumint(8) unsigned NOT NULL DEFAULT '0',
  `word_id` mediumint(8) unsigned NOT NULL DEFAULT '0',
  `title_match` tinyint(1) unsigned NOT NULL DEFAULT '0',
  UNIQUE KEY `unq_mtch` (`word_id`,`post_id`,`title_match`),
  KEY `word_id` (`word_id`),
  KEY `post_id` (`post_id`)
) ENGINE=MyISAM DEFAULT CHARSET=utf8 COLLATE=utf8_bin;

-- --------------------------------------------------------

--
-- Table structure for table `sessions`
--

CREATE TABLE IF NOT EXISTS `sessions` (
  `session_id` char(32) COLLATE utf8_bin NOT NULL DEFAULT '',
  `session_user_id` mediumint(8) unsigned NOT NULL DEFAULT '0',
  `session_forum_id` mediumint(8) unsigned NOT NULL DEFAULT '0',
  `session_last_visit` int(11) unsigned NOT NULL DEFAULT '0',
  `session_start` int(11) unsigned NOT NULL DEFAULT '0',
  `session_time` int(11) unsigned NOT NULL DEFAULT '0',
  `session_ip` varchar(40) COLLATE utf8_bin NOT NULL DEFAULT '',
  `session_browser` varchar(150) COLLATE utf8_bin NOT NULL DEFAULT '',
  `session_forwarded_for` varchar(255) COLLATE utf8_bin NOT NULL DEFAULT '',
  `session_page` varchar(255) COLLATE utf8_bin NOT NULL DEFAULT '',
  `session_viewonline` tinyint(1) unsigned NOT NULL DEFAULT '1',
  `session_autologin` tinyint(1) unsigned NOT NULL DEFAULT '0',
  `session_admin` tinyint(1) unsigned NOT NULL DEFAULT '0',
  PRIMARY KEY (`session_id`),
  KEY `session_time` (`session_time`),
  KEY `session_user_id` (`session_user_id`),
  KEY `session_fid` (`session_forum_id`)
) ENGINE=MyISAM DEFAULT CHARSET=utf8 COLLATE=utf8_bin;

--
-- Dumping data for table `sessions`
--

INSERT INTO `sessions` (`session_id`, `session_user_id`, `session_forum_id`, `session_last_visit`, `session_start`, `session_time`, `session_ip`, `session_browser`, `session_forwarded_for`, `session_page`, `session_viewonline`, `session_autologin`, `session_admin`) VALUES
('98a17eb292192b0e72fb10aac73aca37', 1, 0, 1364326827, 1364326827, 1364326827, '127.0.0.1', 'Mozilla/5.0 (Windows NT 6.1; WOW64) AppleWebKit/537.22 (KHTML, like Gecko) Chrome/25.0.1364.172 Safari/537.22', '', 'stk/index.php?c=support', 1, 0, 0),
('64faa0ad0fcb5bb406ded3e4e5fc5145', 1, 0, 1364326827, 1364326827, 1364327161, '127.0.0.1', 'Mozilla/5.0 (Windows NT 6.1; WOW64) AppleWebKit/537.22 (KHTML, like Gecko) Chrome/25.0.1364.172 Safari/537.22', '', 'index.php', 1, 0, 0);

-- --------------------------------------------------------

--
-- Table structure for table `sessions_keys`
--

CREATE TABLE IF NOT EXISTS `sessions_keys` (
  `key_id` char(32) COLLATE utf8_bin NOT NULL DEFAULT '',
  `user_id` mediumint(8) unsigned NOT NULL DEFAULT '0',
  `last_ip` varchar(40) COLLATE utf8_bin NOT NULL DEFAULT '',
  `last_login` int(11) unsigned NOT NULL DEFAULT '0',
  PRIMARY KEY (`key_id`,`user_id`),
  KEY `last_login` (`last_login`)
) ENGINE=MyISAM DEFAULT CHARSET=utf8 COLLATE=utf8_bin;

-- --------------------------------------------------------

--
-- Table structure for table `sitelist`
--

CREATE TABLE IF NOT EXISTS `sitelist` (
  `site_id` mediumint(8) unsigned NOT NULL AUTO_INCREMENT,
  `site_ip` varchar(40) COLLATE utf8_bin NOT NULL DEFAULT '',
  `site_hostname` varchar(255) COLLATE utf8_bin NOT NULL DEFAULT '',
  `ip_exclude` tinyint(1) unsigned NOT NULL DEFAULT '0',
  PRIMARY KEY (`site_id`)
) ENGINE=MyISAM DEFAULT CHARSET=utf8 COLLATE=utf8_bin AUTO_INCREMENT=1 ;

-- --------------------------------------------------------

--
-- Table structure for table `smilies`
--

CREATE TABLE IF NOT EXISTS `smilies` (
  `smiley_id` mediumint(8) unsigned NOT NULL AUTO_INCREMENT,
  `code` varchar(50) COLLATE utf8_bin NOT NULL DEFAULT '',
  `emotion` varchar(50) COLLATE utf8_bin NOT NULL DEFAULT '',
  `smiley_url` varchar(50) COLLATE utf8_bin NOT NULL DEFAULT '',
  `smiley_width` smallint(4) unsigned NOT NULL DEFAULT '0',
  `smiley_height` smallint(4) unsigned NOT NULL DEFAULT '0',
  `smiley_order` mediumint(8) unsigned NOT NULL DEFAULT '0',
  `display_on_posting` tinyint(1) unsigned NOT NULL DEFAULT '1',
  PRIMARY KEY (`smiley_id`),
  KEY `display_on_post` (`display_on_posting`)
) ENGINE=MyISAM  DEFAULT CHARSET=utf8 COLLATE=utf8_bin AUTO_INCREMENT=38 ;

--
-- Dumping data for table `smilies`
--

INSERT INTO `smilies` (`smiley_id`, `code`, `emotion`, `smiley_url`, `smiley_width`, `smiley_height`, `smiley_order`, `display_on_posting`) VALUES
(1, ':alien', 'alien', 'alien.png', 20, 21, 2, 1),
(2, ':angel', 'angel', 'angel.png', 20, 24, 3, 1),
(3, ':angry', 'angry', 'angry.png', 20, 20, 5, 1),
(4, ':blink', 'blink', 'blink.png', 20, 20, 6, 1),
(5, ':blush', 'blush', 'blush.png', 20, 20, 7, 1),
(6, ':cheerful', 'cheerful', 'cheerful.png', 20, 20, 8, 1),
(7, ':cool', 'cool', 'cool.png', 20, 20, 9, 1),
(8, ':cwy', 'cwy', 'cwy.png', 20, 20, 10, 1),
(9, ':devil', 'devil', 'devil.png', 18, 23, 21, 0),
(10, ':dizzy', 'dizzy', 'dizzy.png', 20, 20, 22, 0),
(11, ':ermm', 'ermm', 'ermm.png', 20, 20, 23, 0),
(12, ':face', 'face', 'face.png', 20, 20, 24, 0),
(13, ':getlost', 'getlost', 'getlost.png', 20, 20, 25, 0),
(14, ':grin', 'grin', 'grin.png', 20, 20, 11, 1),
(15, ':happy', 'happy', 'happy.png', 20, 20, 26, 0),
(16, ':heart', 'heart', 'heart.png', 20, 20, 12, 1),
(17, ':kissing', 'kissing', 'kissing.png', 20, 20, 27, 0),
(18, ':laughing', 'laughing', 'laughing.png', 20, 20, 16, 1),
(19, ':ninja', 'ninja', 'ninja.png', 20, 20, 28, 0),
(20, ':pinch', 'pinch', 'pinch.png', 20, 20, 29, 0),
(21, ':pouty', 'pouty', 'pouty.png', 20, 20, 30, 0),
(22, ':sad', 'sad', 'sad.png', 20, 20, 13, 1),
(23, ':shocked', 'shocked', 'shocked.png', 20, 20, 14, 1),
(24, ':sick', 'sick', 'sick.png', 20, 20, 31, 0),
(25, ':sideways', 'sideways', 'sideways.png', 20, 20, 32, 0),
(26, ':silly', 'silly', 'silly.png', 20, 20, 33, 0),
(27, ':sleeping', 'sleeping', 'sleeping.png', 20, 26, 34, 0),
(28, ':smile', 'smile', 'smile.png', 20, 20, 15, 1),
(29, ':tongue', 'tongue', 'tongue.png', 20, 20, 17, 1),
(30, ':unsure', 'unsure', 'unsure.png', 20, 20, 35, 0),
(31, ':w00t', 'w00t', 'w00t.png', 20, 22, 36, 0),
(32, ':wassat', 'wassat', 'wassat.png', 20, 20, 37, 0),
(33, ':whistling', 'whistling', 'whistling.png', 23, 20, 18, 1),
(34, ':wink', 'wink', 'wink.png', 20, 20, 19, 1),
(35, ':wub', 'wub', 'wub.png', 20, 29, 20, 1),
(36, ':(Y)', '(Y)', 'thumbs_up.gif', 36, 18, 4, 1);

-- --------------------------------------------------------

--
-- Table structure for table `styles`
--

CREATE TABLE IF NOT EXISTS `styles` (
  `style_id` mediumint(8) unsigned NOT NULL AUTO_INCREMENT,
  `style_name` varchar(255) COLLATE utf8_bin NOT NULL DEFAULT '',
  `style_copyright` varchar(255) COLLATE utf8_bin NOT NULL DEFAULT '',
  `style_active` tinyint(1) unsigned NOT NULL DEFAULT '1',
  `template_id` mediumint(8) unsigned NOT NULL DEFAULT '0',
  `theme_id` mediumint(8) unsigned NOT NULL DEFAULT '0',
  `imageset_id` mediumint(8) unsigned NOT NULL DEFAULT '0',
  PRIMARY KEY (`style_id`),
  UNIQUE KEY `style_name` (`style_name`),
  KEY `template_id` (`template_id`),
  KEY `theme_id` (`theme_id`),
  KEY `imageset_id` (`imageset_id`)
) ENGINE=MyISAM  DEFAULT CHARSET=utf8 COLLATE=utf8_bin AUTO_INCREMENT=51 ;

--
-- Dumping data for table `styles`
--

INSERT INTO `styles` (`style_id`, `style_name`, `style_copyright`, `style_active`, `template_id`, `theme_id`, `imageset_id`) VALUES
(42, 'prosilver', '&copy; phpBB Group, 2007', 1, 38, 38, 42);

-- --------------------------------------------------------

--
-- Table structure for table `styles_imageset`
--

CREATE TABLE IF NOT EXISTS `styles_imageset` (
  `imageset_id` mediumint(8) unsigned NOT NULL AUTO_INCREMENT,
  `imageset_name` varchar(255) COLLATE utf8_bin NOT NULL DEFAULT '',
  `imageset_copyright` varchar(255) COLLATE utf8_bin NOT NULL DEFAULT '',
  `imageset_path` varchar(100) COLLATE utf8_bin NOT NULL DEFAULT '',
  PRIMARY KEY (`imageset_id`),
  UNIQUE KEY `imgset_nm` (`imageset_name`)
) ENGINE=MyISAM  DEFAULT CHARSET=utf8 COLLATE=utf8_bin AUTO_INCREMENT=45 ;

--
-- Dumping data for table `styles_imageset`
--

INSERT INTO `styles_imageset` (`imageset_id`, `imageset_name`, `imageset_copyright`, `imageset_path`) VALUES
(42, 'BluePlastic', '&copy; greencow.se, 2011', 'prosilver');

-- --------------------------------------------------------

--
-- Table structure for table `styles_imageset_data`
--

CREATE TABLE IF NOT EXISTS `styles_imageset_data` (
  `image_id` mediumint(8) unsigned NOT NULL AUTO_INCREMENT,
  `image_name` varchar(200) COLLATE utf8_bin NOT NULL DEFAULT '',
  `image_filename` varchar(200) COLLATE utf8_bin NOT NULL DEFAULT '',
  `image_lang` varchar(30) COLLATE utf8_bin NOT NULL DEFAULT '',
  `image_height` smallint(4) unsigned NOT NULL DEFAULT '0',
  `image_width` smallint(4) unsigned NOT NULL DEFAULT '0',
  `imageset_id` mediumint(8) unsigned NOT NULL DEFAULT '0',
  PRIMARY KEY (`image_id`),
  KEY `i_d` (`imageset_id`)
) ENGINE=MyISAM  DEFAULT CHARSET=utf8 COLLATE=utf8_bin AUTO_INCREMENT=16949 ;

--
-- Dumping data for table `styles_imageset_data`
--

INSERT INTO `styles_imageset_data` (`image_id`, `image_name`, `image_filename`, `image_lang`, `image_height`, `image_width`, `imageset_id`) VALUES
(16941, 'icon_post_quote', 'icon_post_quote.gif', 'en', 20, 54, 42),
(16942, 'icon_user_online', 'icon_user_online.gif', 'en', 58, 58, 42),
(16940, 'icon_post_edit', 'icon_post_edit.gif', 'en', 20, 42, 42),
(16939, 'icon_contact_pm', 'icon_contact_pm.gif', 'en', 20, 28, 42),
(16938, 'icon_user_warn', 'icon_user_warn.gif', '', 20, 20, 42),
(16937, 'icon_topic_unapproved', 'icon_topic_unapproved.gif', '', 14, 16, 42),
(16936, 'icon_topic_reported', 'icon_topic_reported.gif', '', 14, 16, 42),
(16935, 'icon_topic_newest', 'icon_topic_newest.gif', '', 9, 11, 42),
(16934, 'icon_topic_latest', 'icon_topic_latest.gif', '', 9, 11, 42),
(16933, 'icon_topic_attach', 'icon_topic_attach.gif', '', 10, 7, 42),
(16932, 'icon_post_target_unread', 'icon_post_target_unread.gif', '', 9, 11, 42),
(16930, 'icon_post_report', 'icon_post_report.gif', '', 20, 20, 42),
(16931, 'icon_post_target', 'icon_post_target.gif', '', 9, 11, 42),
(16929, 'icon_post_info', 'icon_post_info.gif', '', 20, 20, 42),
(16927, 'icon_contact_yahoo', 'icon_contact_yahoo.gif', '', 20, 20, 42),
(16928, 'icon_post_delete', 'icon_post_delete.gif', '', 20, 20, 42),
(16926, 'icon_contact_www', 'icon_contact_www.gif', '', 20, 20, 42),
(16925, 'icon_contact_msnm', 'icon_contact_msnm.gif', '', 20, 20, 42),
(16924, 'icon_contact_jabber', 'icon_contact_jabber.gif', '', 20, 20, 42),
(16923, 'icon_contact_icq', 'icon_contact_icq.gif', '', 20, 20, 42),
(16922, 'icon_contact_email', 'icon_contact_email.gif', '', 20, 20, 42),
(16920, 'icon_back_top', 'icon_back_top.gif', '', 11, 11, 42),
(16921, 'icon_contact_aim', 'icon_contact_aim.gif', '', 20, 20, 42),
(16919, 'pm_unread', 'topic_unread.gif', '', 27, 27, 42),
(16918, 'pm_read', 'topic_read.gif', '', 27, 27, 42),
(16916, 'subforum_read', 'subforum_read.gif', '', 9, 11, 42),
(16917, 'subforum_unread', 'subforum_unread.gif', '', 9, 11, 42),
(16915, 'global_unread_locked_mine', 'announce_unread_locked_mine.gif', '', 27, 27, 42),
(16913, 'global_unread_mine', 'announce_unread_mine.gif', '', 27, 27, 42),
(16914, 'global_unread_locked', 'announce_unread_locked.gif', '', 27, 27, 42),
(16912, 'global_unread', 'announce_unread.gif', '', 27, 27, 42),
(16911, 'global_read_locked_mine', 'announce_read_locked_mine.gif', '', 27, 27, 42),
(16910, 'global_read_locked', 'announce_read_locked.gif', '', 27, 27, 42),
(16909, 'global_read_mine', 'announce_read_mine.gif', '', 27, 27, 42),
(16908, 'global_read', 'announce_read.gif', '', 27, 27, 42),
(16907, 'announce_unread_locked_mine', 'announce_unread_locked_mine.gif', '', 27, 27, 42),
(16906, 'announce_unread_locked', 'announce_unread_locked.gif', '', 27, 27, 42),
(16905, 'announce_unread_mine', 'announce_unread_mine.gif', '', 27, 27, 42),
(16904, 'announce_unread', 'announce_unread.gif', '', 27, 27, 42),
(16903, 'announce_read_locked_mine', 'announce_read_locked_mine.gif', '', 27, 27, 42),
(16902, 'announce_read_locked', 'announce_read_locked.gif', '', 27, 27, 42),
(16901, 'announce_read_mine', 'announce_read_mine.gif', '', 27, 27, 42),
(16900, 'announce_read', 'announce_read.gif', '', 27, 27, 42),
(16899, 'sticky_unread_locked_mine', 'sticky_unread_locked_mine.gif', '', 27, 27, 42),
(16898, 'sticky_unread_locked', 'sticky_unread_locked.gif', '', 27, 27, 42),
(16897, 'sticky_unread_mine', 'sticky_unread_mine.gif', '', 27, 27, 42),
(16896, 'sticky_unread', 'sticky_unread.gif', '', 27, 27, 42),
(16895, 'sticky_read_locked_mine', 'sticky_read_locked_mine.gif', '', 27, 27, 42),
(16894, 'sticky_read_locked', 'sticky_read_locked.gif', '', 27, 27, 42),
(16893, 'sticky_read_mine', 'sticky_read_mine.gif', '', 27, 27, 42),
(16892, 'sticky_read', 'sticky_read.gif', '', 27, 27, 42),
(16890, 'topic_unread_locked', 'topic_unread_locked.gif', '', 27, 27, 42),
(16891, 'topic_unread_locked_mine', 'topic_unread_locked_mine.gif', '', 27, 27, 42),
(16889, 'topic_unread_hot_mine', 'topic_unread_hot_mine.gif', '', 27, 27, 42),
(16888, 'topic_unread_hot', 'topic_unread_hot.gif', '', 27, 27, 42),
(16887, 'topic_unread_mine', 'topic_unread_mine.gif', '', 27, 27, 42),
(16886, 'topic_unread', 'topic_unread.gif', '', 27, 27, 42),
(16715, 'site_logo', 'site_logo.png', '', 135, 550, 44),
(16716, 'forum_link', 'forum_link.gif', '', 27, 27, 44),
(16717, 'forum_read', 'forum_read.gif', '', 27, 27, 44),
(16718, 'forum_read_locked', 'forum_read_locked.gif', '', 27, 27, 44),
(16719, 'forum_read_subforum', 'forum_read_subforum.gif', '', 27, 27, 44),
(16720, 'forum_unread', 'forum_unread.gif', '', 27, 27, 44),
(16721, 'forum_unread_locked', 'forum_unread_locked.gif', '', 27, 27, 44),
(16722, 'forum_unread_subforum', 'forum_unread_subforum.gif', '', 27, 27, 44),
(16723, 'topic_moved', 'topic_moved.gif', '', 27, 27, 44),
(16724, 'topic_read', 'topic_read.gif', '', 27, 27, 44),
(16725, 'topic_read_mine', 'topic_read_mine.gif', '', 27, 27, 44),
(16726, 'topic_read_hot', 'topic_read_hot.gif', '', 27, 27, 44),
(16727, 'topic_read_hot_mine', 'topic_read_hot_mine.gif', '', 27, 27, 44),
(16728, 'topic_read_locked', 'topic_read_locked.gif', '', 27, 27, 44),
(16729, 'topic_read_locked_mine', 'topic_read_locked_mine.gif', '', 27, 27, 44),
(16730, 'topic_unread', 'topic_unread.gif', '', 27, 27, 44),
(16731, 'topic_unread_mine', 'topic_unread_mine.gif', '', 27, 27, 44),
(16732, 'topic_unread_hot', 'topic_unread_hot.gif', '', 27, 27, 44),
(16733, 'topic_unread_hot_mine', 'topic_unread_hot_mine.gif', '', 27, 27, 44),
(16734, 'topic_unread_locked', 'topic_unread_locked.gif', '', 27, 27, 44),
(16735, 'topic_unread_locked_mine', 'topic_unread_locked_mine.gif', '', 27, 27, 44),
(16736, 'sticky_read', 'sticky_read.gif', '', 27, 27, 44),
(16737, 'sticky_read_mine', 'sticky_read_mine.gif', '', 27, 27, 44),
(16738, 'sticky_read_locked', 'sticky_read_locked.gif', '', 27, 27, 44),
(16739, 'sticky_read_locked_mine', 'sticky_read_locked_mine.gif', '', 27, 27, 44),
(16740, 'sticky_unread', 'sticky_unread.gif', '', 27, 27, 44),
(16741, 'sticky_unread_mine', 'sticky_unread_mine.gif', '', 27, 27, 44),
(16742, 'sticky_unread_locked', 'sticky_unread_locked.gif', '', 27, 27, 44),
(16743, 'sticky_unread_locked_mine', 'sticky_unread_locked_mine.gif', '', 27, 27, 44),
(16744, 'announce_read', 'announce_read.gif', '', 27, 27, 44),
(16745, 'announce_read_mine', 'announce_read_mine.gif', '', 27, 27, 44),
(16746, 'announce_read_locked', 'announce_read_locked.gif', '', 27, 27, 44),
(16747, 'announce_read_locked_mine', 'announce_read_locked_mine.gif', '', 27, 27, 44),
(16748, 'announce_unread', 'announce_unread.gif', '', 27, 27, 44),
(16749, 'announce_unread_mine', 'announce_unread_mine.gif', '', 27, 27, 44),
(16750, 'announce_unread_locked', 'announce_unread_locked.gif', '', 27, 27, 44),
(16751, 'announce_unread_locked_mine', 'announce_unread_locked_mine.gif', '', 27, 27, 44),
(16752, 'global_read', 'announce_read.gif', '', 27, 27, 44),
(16753, 'global_read_mine', 'announce_read_mine.gif', '', 27, 27, 44),
(16754, 'global_read_locked', 'announce_read_locked.gif', '', 27, 27, 44),
(16755, 'global_read_locked_mine', 'announce_read_locked_mine.gif', '', 27, 27, 44),
(16756, 'global_unread', 'announce_unread.gif', '', 27, 27, 44),
(16757, 'global_unread_mine', 'announce_unread_mine.gif', '', 27, 27, 44),
(16758, 'global_unread_locked', 'announce_unread_locked.gif', '', 27, 27, 44),
(16759, 'global_unread_locked_mine', 'announce_unread_locked_mine.gif', '', 27, 27, 44),
(16760, 'subforum_read', 'subforum_read.gif', '', 9, 11, 44),
(16761, 'subforum_unread', 'subforum_unread.gif', '', 9, 11, 44),
(16762, 'pm_read', 'topic_read.gif', '', 27, 27, 44),
(16763, 'pm_unread', 'topic_unread.gif', '', 27, 27, 44),
(16764, 'icon_back_top', 'icon_back_top.gif', '', 11, 11, 44),
(16765, 'icon_contact_aim', 'icon_contact_aim.gif', '', 20, 20, 44),
(16766, 'icon_contact_email', 'icon_contact_email.gif', '', 20, 20, 44),
(16767, 'icon_contact_icq', 'icon_contact_icq.gif', '', 20, 20, 44),
(16768, 'icon_contact_jabber', 'icon_contact_jabber.gif', '', 20, 20, 44),
(16769, 'icon_contact_msnm', 'icon_contact_msnm.gif', '', 20, 20, 44),
(16770, 'icon_contact_www', 'icon_contact_www.gif', '', 20, 20, 44),
(16771, 'icon_contact_yahoo', 'icon_contact_yahoo.gif', '', 20, 20, 44),
(16772, 'icon_post_delete', 'icon_post_delete.gif', '', 20, 20, 44),
(16773, 'icon_post_info', 'icon_post_info.gif', '', 20, 20, 44),
(16774, 'icon_post_report', 'icon_post_report.gif', '', 20, 20, 44),
(16775, 'icon_post_target', 'icon_post_target.gif', '', 9, 11, 44),
(16776, 'icon_post_target_unread', 'icon_post_target_unread.gif', '', 9, 11, 44),
(16777, 'icon_topic_attach', 'icon_topic_attach.gif', '', 10, 7, 44),
(16778, 'icon_topic_latest', 'icon_topic_latest.gif', '', 9, 11, 44),
(16779, 'icon_topic_newest', 'icon_topic_newest.gif', '', 9, 11, 44),
(16780, 'icon_topic_reported', 'icon_topic_reported.gif', '', 14, 16, 44),
(16781, 'icon_topic_unapproved', 'icon_topic_unapproved.gif', '', 14, 16, 44),
(16782, 'icon_user_warn', 'icon_user_warn.gif', '', 20, 20, 44),
(16783, 'icon_contact_pm', 'icon_contact_pm.gif', 'en', 20, 28, 44),
(16784, 'icon_post_edit', 'icon_post_edit.gif', 'en', 20, 42, 44),
(16785, 'icon_post_quote', 'icon_post_quote.gif', 'en', 20, 54, 44),
(16786, 'icon_user_online', 'icon_user_online.gif', 'en', 58, 58, 44),
(16787, 'button_pm_forward', 'button_pm_forward.gif', 'en', 25, 96, 44),
(16788, 'button_pm_new', 'button_pm_new.gif', 'en', 25, 84, 44),
(16789, 'button_pm_reply', 'button_pm_reply.gif', 'en', 25, 96, 44),
(16790, 'button_topic_locked', 'button_topic_locked.gif', 'en', 25, 88, 44),
(16791, 'button_topic_new', 'button_topic_new.gif', 'en', 25, 96, 44),
(16792, 'button_topic_reply', 'button_topic_reply.gif', 'en', 25, 96, 44),
(16943, 'button_pm_forward', 'button_pm_forward.gif', 'en', 25, 96, 42),
(16885, 'topic_read_locked_mine', 'topic_read_locked_mine.gif', '', 27, 27, 42),
(16884, 'topic_read_locked', 'topic_read_locked.gif', '', 27, 27, 42),
(16883, 'topic_read_hot_mine', 'topic_read_hot_mine.gif', '', 27, 27, 42),
(16882, 'topic_read_hot', 'topic_read_hot.gif', '', 27, 27, 42),
(16881, 'topic_read_mine', 'topic_read_mine.gif', '', 27, 27, 42),
(16880, 'topic_read', 'topic_read.gif', '', 27, 27, 42),
(16879, 'topic_moved', 'topic_moved.gif', '', 27, 27, 42),
(16878, 'forum_unread_subforum', 'forum_unread_subforum.gif', '', 27, 27, 42),
(16877, 'forum_unread_locked', 'forum_unread_locked.gif', '', 27, 27, 42),
(16876, 'forum_unread', 'forum_unread.gif', '', 27, 27, 42),
(16875, 'forum_read_subforum', 'forum_read_subforum.gif', '', 27, 27, 42),
(16874, 'forum_read_locked', 'forum_read_locked.gif', '', 27, 27, 42),
(16873, 'forum_read', 'forum_read.gif', '', 27, 27, 42),
(16872, 'forum_link', 'forum_link.gif', '', 27, 27, 42),
(16871, 'site_logo', 'site_logo.gif', '', 52, 139, 42),
(16944, 'button_pm_new', 'button_pm_new.gif', 'en', 25, 84, 42),
(16945, 'button_pm_reply', 'button_pm_reply.gif', 'en', 25, 96, 42),
(16946, 'button_topic_locked', 'button_topic_locked.gif', 'en', 25, 88, 42),
(16947, 'button_topic_new', 'button_topic_new.gif', 'en', 25, 96, 42),
(16948, 'button_topic_reply', 'button_topic_reply.gif', 'en', 25, 96, 42);

-- --------------------------------------------------------

--
-- Table structure for table `styles_template`
--

CREATE TABLE IF NOT EXISTS `styles_template` (
  `template_id` mediumint(8) unsigned NOT NULL AUTO_INCREMENT,
  `template_name` varchar(255) COLLATE utf8_bin NOT NULL DEFAULT '',
  `template_copyright` varchar(255) COLLATE utf8_bin NOT NULL DEFAULT '',
  `template_path` varchar(100) COLLATE utf8_bin NOT NULL DEFAULT '',
  `bbcode_bitfield` varchar(255) COLLATE utf8_bin NOT NULL DEFAULT 'kNg=',
  `template_storedb` tinyint(1) unsigned NOT NULL DEFAULT '0',
  `template_inherits_id` int(4) unsigned NOT NULL DEFAULT '0',
  `template_inherit_path` varchar(255) COLLATE utf8_bin NOT NULL DEFAULT '',
  PRIMARY KEY (`template_id`),
  UNIQUE KEY `tmplte_nm` (`template_name`)
) ENGINE=MyISAM  DEFAULT CHARSET=utf8 COLLATE=utf8_bin AUTO_INCREMENT=42 ;

--
-- Dumping data for table `styles_template`
--

INSERT INTO `styles_template` (`template_id`, `template_name`, `template_copyright`, `template_path`, `bbcode_bitfield`, `template_storedb`, `template_inherits_id`, `template_inherit_path`) VALUES
(38, 'prosilver', '&copy; phpBB Group, 2007', 'prosilver', 'lNg=', 0, 0, '');

-- --------------------------------------------------------

--
-- Table structure for table `styles_template_data`
--

CREATE TABLE IF NOT EXISTS `styles_template_data` (
  `template_id` mediumint(8) unsigned NOT NULL DEFAULT '0',
  `template_filename` varchar(100) COLLATE utf8_bin NOT NULL DEFAULT '',
  `template_included` text COLLATE utf8_bin NOT NULL,
  `template_mtime` int(11) unsigned NOT NULL DEFAULT '0',
  `template_data` mediumtext COLLATE utf8_bin NOT NULL,
  KEY `tid` (`template_id`),
  KEY `tfn` (`template_filename`)
) ENGINE=MyISAM DEFAULT CHARSET=utf8 COLLATE=utf8_bin;

-- --------------------------------------------------------

--
-- Table structure for table `styles_theme`
--

CREATE TABLE IF NOT EXISTS `styles_theme` (
  `theme_id` mediumint(8) unsigned NOT NULL AUTO_INCREMENT,
  `theme_name` varchar(255) COLLATE utf8_bin NOT NULL DEFAULT '',
  `theme_copyright` varchar(255) COLLATE utf8_bin NOT NULL DEFAULT '',
  `theme_path` varchar(100) COLLATE utf8_bin NOT NULL DEFAULT '',
  `theme_storedb` tinyint(1) unsigned NOT NULL DEFAULT '0',
  `theme_mtime` int(11) unsigned NOT NULL DEFAULT '0',
  `theme_data` mediumtext COLLATE utf8_bin NOT NULL,
  PRIMARY KEY (`theme_id`),
  UNIQUE KEY `theme_name` (`theme_name`)
) ENGINE=MyISAM  DEFAULT CHARSET=utf8 COLLATE=utf8_bin AUTO_INCREMENT=43 ;

--
-- Dumping data for table `styles_theme`
--

INSERT INTO `styles_theme` (`theme_id`, `theme_name`, `theme_copyright`, `theme_path`, `theme_storedb`, `theme_mtime`, `theme_data`) VALUES
(38, 'prosilver', '&copy; phpBB Group, 2007', 'prosilver', 1, 1364325227, '/*  phpBB3 Style Sheet\n    --------------------------------------------------------------\n	Style name:			prosilver (the default phpBB 3.0.x style)\n	Based on style:		\n	Original author:	Tom Beddard ( http://www.subblue.com/ )\n	Modified by:		phpBB Group ( http://www.phpbb.com/ )\n    --------------------------------------------------------------\n*/\n\n/* General Markup Styles\n---------------------------------------- */\n\n* {\n	/* Reset browsers default margin, padding and font sizes */\n	margin: 0;\n	padding: 0;\n}\n\nhtml {\n	font-size: 100%;\n	/* Always show a scrollbar for short pages - stops the jump when the scrollbar appears. non-IE browsers */\n	height: 101%;\n}\n\nbody {\n	/* Text-Sizing with ems: http://www.clagnut.com/blog/348/ */\n	font-family: Verdana, Helvetica, Arial, sans-serif;\n	color: #828282;\n	background-color: #FFFFFF;\n	/*font-size: 62.5%;			 This sets the default font size to be equivalent to 10px */\n	font-size: 10px;\n	margin: 0;\n	padding: 12px 0;\n}\n\nh1 {\n	/* Forum name */\n	font-family: "Trebuchet MS", Arial, Helvetica, sans-serif;\n	margin-right: 200px;\n	color: #FFFFFF;\n	margin-top: 15px;\n	font-weight: bold;\n	font-size: 2em;\n}\n\nh2 {\n	/* Forum header titles */\n	font-family: "Trebuchet MS", Arial, Helvetica, sans-serif;\n	font-weight: normal;\n	color: #3f3f3f;\n	font-size: 2em;\n	margin: 0.8em 0 0.2em 0;\n}\n\nh2.solo {\n	margin-bottom: 1em;\n}\n\nh3 {\n	/* Sub-headers (also used as post headers, but defined later) */\n	font-family: Arial, Helvetica, sans-serif;\n	font-weight: bold;\n	text-transform: uppercase;\n	border-bottom: 1px solid #CCCCCC;\n	margin-bottom: 3px;\n	padding-bottom: 2px;\n	font-size: 1.05em;\n	color: #989898;\n	margin-top: 20px;\n}\n\nh4 {\n	/* Forum and topic list titles */\n	font-family: "Trebuchet MS", Verdana, Helvetica, Arial, Sans-serif;\n	font-size: 1.3em;\n}\n\np {\n	line-height: 1.3em;\n	font-size: 1.1em;\n	margin-bottom: 1.5em;\n}\n\nimg {\n	border-width: 0;\n}\n\nhr {\n	/* Also see tweaks.css */\n	border: 0 none #FFFFFF;\n	border-top: 1px solid #CCCCCC;\n	height: 1px;\n	margin: 5px 0;\n	display: block;\n	clear: both;\n}\n\nhr.dashed {\n	border-top: 1px dashed #CCCCCC;\n	margin: 10px 0;\n}\n\nhr.divider {\n	display: none;\n}\n\np.right {\n	text-align: right;\n}\n\n/* Main blocks\n---------------------------------------- */\n#wrap {\n	padding: 0 20px;\n	min-width: 650px;\n}\n\n#simple-wrap {\n	padding: 6px 10px;\n}\n\n#page-body {\n	margin: 4px 0;\n	clear: both;\n}\n\n#page-footer {\n	clear: both;\n}\n\n#page-footer h3 {\n	margin-top: 20px;\n}\n\n#logo {\n	float: left;\n	width: auto;\n	padding: 10px 13px 0 10px;\n}\n\na#logo:hover {\n	text-decoration: none;\n}\n\n/* Search box\n--------------------------------------------- */\n#search-box {\n	color: #FFFFFF;\n	position: relative;\n	margin-top: 30px;\n	margin-right: 5px;\n	display: block;\n	float: right;\n	text-align: right;\n	white-space: nowrap; /* For Opera */\n}\n\n#search-box #keywords {\n	width: 95px;\n	background-color: #FFF;\n}\n\n#search-box input {\n	border: 1px solid #b0b0b0;\n}\n\n/* .button1 style defined later, just a few tweaks for the search button version */\n#search-box input.button1 {\n	padding: 1px 5px;\n}\n\n#search-box li {\n	text-align: right;\n	margin-top: 4px;\n}\n\n#search-box img {\n	vertical-align: middle;\n	margin-right: 3px;\n}\n\n/* Site description and logo */\n#site-description {\n	float: left;\n	width: 70%;\n}\n\n#site-description h1 {\n	margin-right: 0;\n}\n\n/* Round cornered boxes and backgrounds\n---------------------------------------- */\n.headerbar {\n	background: #ebebeb none repeat-x 0 0;\n	color: #FFFFFF;\n	margin-bottom: 4px;\n	padding: 0 5px;\n}\n\n.navbar {\n	background-color: #ebebeb;\n	padding: 0 10px;\n}\n\n.forabg {\n	background: #b1b1b1 none repeat-x 0 0;\n	margin-bottom: 4px;\n	padding: 0 5px;\n	clear: both;\n}\n\n.forumbg {\n	background: #ebebeb none repeat-x 0 0;\n	margin-bottom: 4px;\n	padding: 0 5px;\n	clear: both;\n}\n\n.panel {\n	margin-bottom: 4px;\n	padding: 0 10px;\n	background-color: #f3f3f3;\n	color: #3f3f3f;\n}\n\n.post {\n	padding: 0 10px;\n	margin-bottom: 4px;\n	background-repeat: no-repeat;\n	background-position: 100% 0;\n}\n\n.post:target .content {\n	color: #000000;\n}\n\n.post:target h3 a {\n	color: #000000;\n}\n\n.bg1	{ background-color: #f7f7f7;}\n.bg2	{ background-color: #f2f2f2; }\n.bg3	{ background-color: #ebebeb; }\n\n.rowbg {\n	margin: 5px 5px 2px 5px;\n}\n\n.ucprowbg {\n	background-color: #e2e2e2;\n}\n\n.fieldsbg {\n	/*border: 1px #DBDEE2 solid;*/\n	background-color: #eaeaea;\n}\n\nspan.corners-top, span.corners-bottom, span.corners-top span, span.corners-bottom span {\n	font-size: 1px;\n	line-height: 1px;\n	display: block;\n	height: 5px;\n	background-repeat: no-repeat;\n}\n\nspan.corners-top {\n	background-image: none;\n	background-position: 0 0;\n	margin: 0 -5px;\n}\n\nspan.corners-top span {\n	background-image: none;\n	background-position: 100% 0;\n}\n\nspan.corners-bottom {\n	background-image: none;\n	background-position: 0 100%;\n	margin: 0 -5px;\n	clear: both;\n}\n\nspan.corners-bottom span {\n	background-image: none;\n	background-position: 100% 100%;\n}\n\n.headbg span.corners-bottom {\n	margin-bottom: -1px;\n}\n\n.post span.corners-top, .post span.corners-bottom, .panel span.corners-top, .panel span.corners-bottom, .navbar span.corners-top, .navbar span.corners-bottom {\n	margin: 0 -10px;\n}\n\n.rules span.corners-top {\n	margin: 0 -10px 5px -10px;\n}\n\n.rules span.corners-bottom {\n	margin: 5px -10px 0 -10px;\n}\n\n/* Horizontal lists\n----------------------------------------*/\nul.linklist {\n	display: block;\n	margin: 0;\n}\n\nul.linklist li {\n	display: block;\n	list-style-type: none;\n	float: left;\n	width: auto;\n	margin-right: 5px;\n	font-size: 1.1em;\n	line-height: 2.2em;\n}\n\nul.linklist li.rightside, p.rightside {\n	float: right;\n	margin-right: 0;\n	margin-left: 5px;\n	text-align: right;\n}\n\nul.navlinks {\n	padding-bottom: 1px;\n	margin-bottom: 1px;\n	border-bottom: 1px solid #FFFFFF;\n	font-weight: bold;\n}\n\nul.leftside {\n	float: left;\n	margin-left: 0;\n	margin-right: 5px;\n	text-align: left;\n}\n\nul.rightside {\n	float: right;\n	margin-left: 5px;\n	margin-right: -5px;\n	text-align: right;\n}\n\n/* Table styles\n----------------------------------------*/\ntable.table1 {\n	/* See tweaks.css */\n}\n\n#ucp-main table.table1 {\n	padding: 2px;\n}\n\ntable.table1 thead th {\n	font-weight: normal;\n	text-transform: uppercase;\n	color: #FFFFFF;\n	line-height: 1.3em;\n	font-size: 1em;\n	padding: 0 0 4px 3px;\n}\n\ntable.table1 thead th span {\n	padding-left: 7px;\n}\n\ntable.table1 tbody tr {\n	border: 1px solid #cfcfcf;\n}\n\ntable.table1 tbody tr:hover, table.table1 tbody tr.hover {\n	background-color: #f6f6f6;\n	color: #000;\n}\n\ntable.table1 td {\n	color: #6a6a6a;\n	font-size: 1.1em;\n}\n\ntable.table1 tbody td {\n	padding: 5px;\n	border-top: 1px solid #FAFAFA;\n}\n\ntable.table1 tbody th {\n	padding: 5px;\n	border-bottom: 1px solid #000000;\n	text-align: left;\n	color: #333333;\n	background-color: #FFFFFF;\n}\n\n/* Specific column styles */\ntable.table1 .name		{ text-align: left; }\ntable.table1 .posts		{ text-align: center !important; width: 7%; }\ntable.table1 .joined	{ text-align: left; width: 15%; }\ntable.table1 .active	{ text-align: left; width: 15%; }\ntable.table1 .mark		{ text-align: center; width: 7%; }\ntable.table1 .info		{ text-align: left; width: 30%; }\ntable.table1 .info div	{ width: 100%; white-space: normal; overflow: hidden; }\ntable.table1 .autocol	{ line-height: 2em; white-space: nowrap; }\ntable.table1 thead .autocol { padding-left: 1em; }\n\ntable.table1 span.rank-img {\n	float: right;\n	width: auto;\n}\n\ntable.info td {\n	padding: 3px;\n}\n\ntable.info tbody th {\n	padding: 3px;\n	text-align: right;\n	vertical-align: top;\n	color: #000000;\n	font-weight: normal;\n}\n\n.forumbg table.table1 {\n	margin: 0;\n}\n\n.forumbg-table > .inner {\n	margin: 0 -1px;\n}\n\n.forumbg-table > .inner > span.corners-top {\n	margin: 0 -4px -1px -4px;\n}\n\n.forumbg-table > .inner > span.corners-bottom {\n	margin: -1px -4px 0 -4px;\n}\n\n/* Misc layout styles\n---------------------------------------- */\n/* column[1-2] styles are containers for two column layouts \n   Also see tweaks.css */\n.column1 {\n	float: left;\n	clear: left;\n	width: 49%;\n}\n\n.column2 {\n	float: right;\n	clear: right;\n	width: 49%;\n}\n\n/* General classes for placing floating blocks */\n.left-box {\n	float: left;\n	width: auto;\n	text-align: left;\n}\n\n.right-box {\n	float: right;\n	width: auto;\n	text-align: right;\n}\n\ndl.details {\n	/*font-family: "Lucida Grande", Verdana, Helvetica, Arial, sans-serif;*/\n	font-size: 1.1em;\n}\n\ndl.details dt {\n	float: left;\n	clear: left;\n	width: 30%;\n	text-align: right;\n	color: #000000;\n	display: block;\n}\n\ndl.details dd {\n	margin-left: 0;\n	padding-left: 5px;\n	margin-bottom: 5px;\n	color: #828282;\n	float: left;\n	width: 65%;\n}\n\n/* Pagination\n---------------------------------------- */\n.pagination {\n	height: 1%; /* IE tweak (holly hack) */\n	width: auto;\n	text-align: right;\n	margin-top: 5px;\n	float: right;\n}\n\n.pagination span.page-sep {\n	display: none;\n}\n\nli.pagination {\n	margin-top: 0;\n}\n\n.pagination strong, .pagination b {\n	font-weight: normal;\n}\n\n.pagination span strong {\n	padding: 0 2px;\n	margin: 0 2px;\n	font-weight: normal;\n	color: #FFFFFF;\n	background-color: #bfbfbf;\n	border: 1px solid #bfbfbf;\n	font-size: 0.9em;\n}\n\n.pagination span a, .pagination span a:link, .pagination span a:visited, .pagination span a:active {\n	font-weight: normal;\n	text-decoration: none;\n	color: #747474;\n	margin: 0 2px;\n	padding: 0 2px;\n	background-color: #eeeeee;\n	border: 1px solid #bababa;\n	font-size: 0.9em;\n	line-height: 1.5em;\n}\n\n.pagination span a:hover {\n	border-color: #d2d2d2;\n	background-color: #d2d2d2;\n	color: #FFF;\n	text-decoration: none;\n}\n\n.pagination img {\n	vertical-align: middle;\n}\n\n/* Pagination in viewforum for multipage topics */\n.row .pagination {\n	display: block;\n	float: right;\n	width: auto;\n	margin-top: 0;\n	padding: 1px 0 1px 15px;\n	font-size: 0.9em;\n	background: none 0 50% no-repeat;\n}\n\n.row .pagination span a, li.pagination span a {\n	background-color: #FFFFFF;\n}\n\n.row .pagination span a:hover, li.pagination span a:hover {\n	background-color: #d2d2d2;\n}\n\n/* Miscellaneous styles\n---------------------------------------- */\n#forum-permissions {\n	float: right;\n	width: auto;\n	padding-left: 5px;\n	margin-left: 5px;\n	margin-top: 10px;\n	text-align: right;\n}\n\n.copyright {\n	padding: 5px;\n	text-align: center;\n	color: #555555;\n}\n\n.small {\n	font-size: 0.9em !important;\n}\n\n.titlespace {\n	margin-bottom: 15px;\n}\n\n.headerspace {\n	margin-top: 20px;\n}\n\n.error {\n	color: #bcbcbc;\n	font-weight: bold;\n	font-size: 1em;\n}\n\n.reported {\n	background-color: #f7f7f7;\n}\n\nli.reported:hover {\n	background-color: #ececec;\n}\n\ndiv.rules {\n	background-color: #ececec;\n	color: #bcbcbc;\n	padding: 0 10px;\n	margin: 10px 0;\n	font-size: 1.1em;\n}\n\ndiv.rules ul, div.rules ol {\n	margin-left: 20px;\n}\n\np.rules {\n	background-color: #ececec;\n	background-image: none;\n	padding: 5px;\n}\n\np.rules img {\n	vertical-align: middle;\n	padding-top: 5px;\n}\n\np.rules a {\n	vertical-align: middle;\n	clear: both;\n}\n\n#top {\n	position: absolute;\n	top: -20px;\n}\n\n.clear {\n	display: block;\n	clear: both;\n	font-size: 1px;\n	line-height: 1px;\n	background: transparent;\n}\n/* Link Styles\n---------------------------------------- */\n\n/* Links adjustment to correctly display an order of rtl/ltr mixed content */\na {\n	direction: ltr;\n	unicode-bidi: embed;\n}\n\na:link	{ color: #898989; text-decoration: none; }\na:visited	{ color: #898989; text-decoration: none; }\na:hover	{ color: #d3d3d3; text-decoration: underline; }\na:active	{ color: #d2d2d2; text-decoration: none; }\n\n/* Coloured usernames */\n.username-coloured {\n	font-weight: bold;\n	display: inline !important;\n	padding: 0 !important;\n}\n\n/* Links on gradient backgrounds */\n#search-box a:link, .navbg a:link, .forumbg .header a:link, .forabg .header a:link, th a:link {\n	color: #FFFFFF;\n	text-decoration: none;\n}\n\n#search-box a:visited, .navbg a:visited, .forumbg .header a:visited, .forabg .header a:visited, th a:visited {\n	color: #FFFFFF;\n	text-decoration: none;\n}\n\n#search-box a:hover, .navbg a:hover, .forumbg .header a:hover, .forabg .header a:hover, th a:hover {\n	color: #ffffff;\n	text-decoration: underline;\n}\n\n#search-box a:active, .navbg a:active, .forumbg .header a:active, .forabg .header a:active, th a:active {\n	color: #ffffff;\n	text-decoration: none;\n}\n\n/* Links for forum/topic lists */\na.forumtitle {\n	font-family: "Trebuchet MS", Helvetica, Arial, Sans-serif;\n	font-size: 1.2em;\n	font-weight: bold;\n	color: #898989;\n	text-decoration: none;\n}\n\n/* a.forumtitle:visited { color: #898989; } */\n\na.forumtitle:hover {\n	color: #bcbcbc;\n	text-decoration: underline;\n}\n\na.forumtitle:active {\n	color: #898989;\n}\n\na.topictitle {\n	font-family: "Trebuchet MS", Helvetica, Arial, Sans-serif;\n	font-size: 1.2em;\n	font-weight: bold;\n	color: #898989;\n	text-decoration: none;\n}\n\n/* a.topictitle:visited { color: #d2d2d2; } */\n\na.topictitle:hover {\n	color: #bcbcbc;\n	text-decoration: underline;\n}\n\na.topictitle:active {\n	color: #898989;\n}\n\n/* Post body links */\n.postlink {\n	text-decoration: none;\n	color: #d2d2d2;\n	border-bottom: 1px solid #d2d2d2;\n	padding-bottom: 0;\n}\n\n/* .postlink:visited { color: #bdbdbd; } */\n\n.postlink:active {\n	color: #d2d2d2;\n}\n\n.postlink:hover {\n	background-color: #f6f6f6;\n	text-decoration: none;\n	color: #404040;\n}\n\n.signature a, .signature a:visited, .signature a:hover, .signature a:active {\n	border: none;\n	text-decoration: underline;\n	background-color: transparent;\n}\n\n/* Profile links */\n.postprofile a:link, .postprofile a:visited, .postprofile dt.author a {\n	font-weight: bold;\n	color: #898989;\n	text-decoration: none;\n}\n\n.postprofile a:hover, .postprofile dt.author a:hover {\n	text-decoration: underline;\n	color: #d3d3d3;\n}\n\n/* CSS spec requires a:link, a:visited, a:hover and a:active rules to be specified in this order. */\n/* See http://www.phpbb.com/bugs/phpbb3/59685 */\n.postprofile a:active {\n	font-weight: bold;\n	color: #898989;\n	text-decoration: none;\n}\n\n\n/* Profile searchresults */	\n.search .postprofile a {\n	color: #898989;\n	text-decoration: none; \n	font-weight: normal;\n}\n\n.search .postprofile a:hover {\n	color: #d3d3d3;\n	text-decoration: underline; \n}\n\n/* Back to top of page */\n.back2top {\n	clear: both;\n	height: 11px;\n	text-align: right;\n}\n\na.top {\n	background: none no-repeat top left;\n	text-decoration: none;\n	width: {IMG_ICON_BACK_TOP_WIDTH}px;\n	height: {IMG_ICON_BACK_TOP_HEIGHT}px;\n	display: block;\n	float: right;\n	overflow: hidden;\n	letter-spacing: 1000px;\n	text-indent: 11px;\n}\n\na.top2 {\n	background: none no-repeat 0 50%;\n	text-decoration: none;\n	padding-left: 15px;\n}\n\n/* Arrow links  */\na.up		{ background: none no-repeat left center; }\na.down		{ background: none no-repeat right center; }\na.left		{ background: none no-repeat 3px 60%; }\na.right		{ background: none no-repeat 95% 60%; }\n\na.up, a.up:link, a.up:active, a.up:visited {\n	padding-left: 10px;\n	text-decoration: none;\n	border-bottom-width: 0;\n}\n\na.up:hover {\n	background-position: left top;\n	background-color: transparent;\n}\n\na.down, a.down:link, a.down:active, a.down:visited {\n	padding-right: 10px;\n}\n\na.down:hover {\n	background-position: right bottom;\n	text-decoration: none;\n}\n\na.left, a.left:active, a.left:visited {\n	padding-left: 12px;\n}\n\na.left:hover {\n	color: #d2d2d2;\n	text-decoration: none;\n	background-position: 0 60%;\n}\n\na.right, a.right:active, a.right:visited {\n	padding-right: 12px;\n}\n\na.right:hover {\n	color: #d2d2d2;\n	text-decoration: none;\n	background-position: 100% 60%;\n}\n\n/* invisible skip link, used for accessibility  */\n.skiplink {\n	position: absolute;\n	left: -999px;\n	width: 990px;\n}\n\n/* Feed icon in forumlist_body.html */\na.feed-icon-forum {\n	float: right;\n	margin: 3px;\n}\n/* Content Styles\n---------------------------------------- */\n\nul.topiclist {\n	display: block;\n	list-style-type: none;\n	margin: 0;\n}\n\nul.forums {\n	background: #f9f9f9 none repeat-x 0 0;\n}\n\nul.topiclist li {\n	display: block;\n	list-style-type: none;\n	color: #777777;\n	margin: 0;\n}\n\nul.topiclist dl {\n	position: relative;\n}\n\nul.topiclist li.row dl {\n	padding: 2px 0;\n}\n\nul.topiclist dt {\n	display: block;\n	float: left;\n	width: 50%;\n	font-size: 1.1em;\n	padding-left: 5px;\n	padding-right: 5px;\n}\n\nul.topiclist dd {\n	display: block;\n	float: left;\n	border-left: 1px solid #FFFFFF;\n	padding: 4px 0;\n}\n\nul.topiclist dfn {\n	/* Labels for post/view counts */\n	position: absolute;\n	left: -999px;\n	width: 990px;\n}\n\nul.topiclist li.row dt a.subforum {\n	background-image: none;\n	background-position: 0 50%;\n	background-repeat: no-repeat;\n	position: relative;\n	white-space: nowrap;\n	padding: 0 0 0 12px;\n}\n\n.forum-image {\n	float: left;\n	padding-top: 5px;\n	margin-right: 5px;\n}\n\nli.row {\n	border-top: 1px solid #FFFFFF;\n	border-bottom: 1px solid #8f8f8f;\n}\n\nli.row strong {\n	font-weight: normal;\n	color: #000000;\n}\n\nli.row:hover {\n	background-color: #f6f6f6;\n}\n\nli.row:hover dd {\n	border-left-color: #CCCCCC;\n}\n\nli.header dt, li.header dd {\n	line-height: 1em;\n	border-left-width: 0;\n	margin: 2px 0 4px 0;\n	color: #FFFFFF;\n	padding-top: 2px;\n	padding-bottom: 2px;\n	font-size: 1em;\n	font-family: Arial, Helvetica, sans-serif;\n	text-transform: uppercase;\n}\n\nli.header dt {\n	font-weight: bold;\n}\n\nli.header dd {\n	margin-left: 1px;\n}\n\nli.header dl.icon {\n	min-height: 0;\n}\n\nli.header dl.icon dt {\n	/* Tweak for headers alignment when folder icon used */\n	padding-left: 0;\n	padding-right: 50px;\n}\n\n/* Forum list column styles */\ndl.icon {\n	min-height: 35px;\n	background-position: 10px 50%;		/* Position of folder icon */\n	background-repeat: no-repeat;\n}\n\ndl.icon dt {\n	padding-left: 45px;					/* Space for folder icon */\n	background-repeat: no-repeat;\n	background-position: 5px 95%;		/* Position of topic icon */\n}\n\ndd.posts, dd.topics, dd.views {\n	width: 8%;\n	text-align: center;\n	line-height: 2.2em;\n	font-size: 1.2em;\n}\n\n/* List in forum description */\ndl.icon dt ol,\ndl.icon dt ul {\n	list-style-position: inside;\n	margin-left: 1em;\n}\n\ndl.icon dt li {\n	display: list-item;\n	list-style-type: inherit;\n}\n\ndd.lastpost {\n	width: 25%;\n	font-size: 1.1em;\n}\n\ndd.redirect {\n	font-size: 1.1em;\n	line-height: 2.5em;\n}\n\ndd.moderation {\n	font-size: 1.1em;\n}\n\ndd.lastpost span, ul.topiclist dd.searchby span, ul.topiclist dd.info span, ul.topiclist dd.time span, dd.redirect span, dd.moderation span {\n	display: block;\n	padding-left: 5px;\n}\n\ndd.time {\n	width: auto;\n	line-height: 200%;\n	font-size: 1.1em;\n}\n\ndd.extra {\n	width: 12%;\n	line-height: 200%;\n	text-align: center;\n	font-size: 1.1em;\n}\n\ndd.mark {\n	float: right !important;\n	width: 9%;\n	text-align: center;\n	line-height: 200%;\n	font-size: 1.2em;\n}\n\ndd.info {\n	width: 30%;\n}\n\ndd.option {\n	width: 15%;\n	line-height: 200%;\n	text-align: center;\n	font-size: 1.1em;\n}\n\ndd.searchby {\n	width: 47%;\n	font-size: 1.1em;\n	line-height: 1em;\n}\n\nul.topiclist dd.searchextra {\n	margin-left: 5px;\n	padding: 0.2em 0;\n	font-size: 1.1em;\n	color: #333333;\n	border-left: none;\n	clear: both;\n	width: 98%;\n	overflow: hidden;\n}\n\n/* Container for post/reply buttons and pagination */\n.topic-actions {\n	margin-bottom: 3px;\n	font-size: 1.1em;\n	height: 28px;\n	min-height: 28px;\n}\ndiv[class].topic-actions {\n	height: auto;\n}\n\n/* Post body styles\n----------------------------------------*/\n.postbody {\n	padding: 0;\n	line-height: 1.48em;\n	color: #333333;\n	width: 76%;\n	float: left;\n	clear: both;\n}\n\n.postbody .ignore {\n	font-size: 1.1em;\n}\n\n.postbody h3.first {\n	/* The first post on the page uses this */\n	font-size: 1.7em;\n}\n\n.postbody h3 {\n	/* Postbody requires a different h3 format - so change it here */\n	font-size: 1.5em;\n	padding: 2px 0 0 0;\n	margin: 0 0 0.3em 0 !important;\n	text-transform: none;\n	border: none;\n	font-family: "Trebuchet MS", Verdana, Helvetica, Arial, sans-serif;\n	line-height: 125%;\n}\n\n.postbody h3 img {\n	/* Also see tweaks.css */\n	vertical-align: bottom;\n}\n\n.postbody .content {\n	font-size: 1.3em;\n}\n\n.search .postbody {\n	width: 68%\n}\n\n/* Topic review panel\n----------------------------------------*/\n#review {\n	margin-top: 2em;\n}\n\n#topicreview {\n	padding-right: 5px;\n	overflow: auto;\n	height: 300px;\n}\n\n#topicreview .postbody {\n	width: auto;\n	float: none;\n	margin: 0;\n	height: auto;\n}\n\n#topicreview .post {\n	height: auto;\n}\n\n#topicreview h2 {\n	border-bottom-width: 0;\n}\n\n.post-ignore .postbody {\n	display: none;\n}\n\n/* MCP Post details\n----------------------------------------*/\n#post_details\n{\n	/* This will only work in IE7+, plus the others */\n	overflow: auto;\n	max-height: 300px;\n}\n\n#expand\n{\n	clear: both;\n}\n\n/* Content container styles\n----------------------------------------*/\n.content {\n	min-height: 3em;\n	overflow: hidden;\n	line-height: 1.4em;\n	font-family: "Lucida Grande", "Trebuchet MS", Verdana, Helvetica, Arial, sans-serif;\n	font-size: 1em;\n	color: #333333;\n	padding-bottom: 1px;\n}\n\n.content h2, .panel h2 {\n	font-weight: normal;\n	color: #989898;\n	border-bottom: 1px solid #CCCCCC;\n	font-size: 1.6em;\n	margin-top: 0.5em;\n	margin-bottom: 0.5em;\n	padding-bottom: 0.5em;\n}\n\n.panel h3 {\n	margin: 0.5em 0;\n}\n\n.panel p {\n	font-size: 1.2em;\n	margin-bottom: 1em;\n	line-height: 1.4em;\n}\n\n.content p {\n	font-family: "Lucida Grande", "Trebuchet MS", Verdana, Helvetica, Arial, sans-serif;\n	font-size: 1.2em;\n	margin-bottom: 1em;\n	line-height: 1.4em;\n}\n\ndl.faq {\n	font-family: "Lucida Grande", Verdana, Helvetica, Arial, sans-serif;\n	font-size: 1.1em;\n	margin-top: 1em;\n	margin-bottom: 2em;\n	line-height: 1.4em;\n}\n\ndl.faq dt {\n	font-weight: bold;\n	color: #333333;\n}\n\n.content dl.faq {\n	font-size: 1.2em;\n	margin-bottom: 0.5em;\n}\n\n.content li {\n	list-style-type: inherit;\n}\n\n.content ul, .content ol {\n	margin-bottom: 1em;\n	margin-left: 3em;\n}\n\n.posthilit {\n	background-color: #f3f3f3;\n	color: #BCBCBC;\n	padding: 0 2px 1px 2px;\n}\n\n.announce, .unreadpost {\n	/* Highlight the announcements & unread posts box */\n	border-left-color: #BCBCBC;\n	border-right-color: #BCBCBC;\n}\n\n/* Post author */\np.author {\n	margin: 0 15em 0.6em 0;\n	padding: 0 0 5px 0;\n	font-family: Verdana, Helvetica, Arial, sans-serif;\n	font-size: 1em;\n	line-height: 1.2em;\n}\n\n/* Post signature */\n.signature {\n	margin-top: 1.5em;\n	padding-top: 0.2em;\n	font-size: 1.1em;\n	border-top: 1px solid #CCCCCC;\n	clear: left;\n	line-height: 140%;\n	overflow: hidden;\n	width: 100%;\n}\n\ndd .signature {\n	margin: 0;\n	padding: 0;\n	clear: none;\n	border: none;\n}\n\n.signature li {\n	list-style-type: inherit;\n}\n\n.signature ul, .signature ol {\n	margin-bottom: 1em;\n	margin-left: 3em;\n}\n\n/* Post noticies */\n.notice {\n	font-family: "Lucida Grande", Verdana, Helvetica, Arial, sans-serif;\n	width: auto;\n	margin-top: 1.5em;\n	padding-top: 0.2em;\n	font-size: 1em;\n	border-top: 1px dashed #CCCCCC;\n	clear: left;\n	line-height: 130%;\n}\n\n/* Jump to post link for now */\nul.searchresults {\n	list-style: none;\n	text-align: right;\n	clear: both;\n}\n\n/* BB Code styles\n----------------------------------------*/\n/* Quote block */\nblockquote {\n	background: #ebebeb none 6px 8px no-repeat;\n	border: 1px solid #dbdbdb;\n	font-size: 0.95em;\n	margin: 0.5em 1px 0 25px;\n	overflow: hidden;\n	padding: 5px;\n}\n\nblockquote blockquote {\n	/* Nested quotes */\n	background-color: #bababa;\n	font-size: 1em;\n	margin: 0.5em 1px 0 15px;	\n}\n\nblockquote blockquote blockquote {\n	/* Nested quotes */\n	background-color: #e4e4e4;\n}\n\nblockquote cite {\n	/* Username/source of quoter */\n	font-style: normal;\n	font-weight: bold;\n	margin-left: 20px;\n	display: block;\n	font-size: 0.9em;\n}\n\nblockquote cite cite {\n	font-size: 1em;\n}\n\nblockquote.uncited {\n	padding-top: 25px;\n}\n\n/* Code block */\ndl.codebox {\n	padding: 3px;\n	background-color: #FFFFFF;\n	border: 1px solid #d8d8d8;\n	font-size: 1em;\n}\n\ndl.codebox dt {\n	text-transform: uppercase;\n	border-bottom: 1px solid #CCCCCC;\n	margin-bottom: 3px;\n	font-size: 0.8em;\n	font-weight: bold;\n	display: block;\n}\n\nblockquote dl.codebox {\n	margin-left: 0;\n}\n\ndl.codebox code {\n	/* Also see tweaks.css */\n	overflow: auto;\n	display: block;\n	height: auto;\n	max-height: 200px;\n	white-space: normal;\n	padding-top: 5px;\n	font: 0.9em Monaco, "Andale Mono","Courier New", Courier, mono;\n	line-height: 1.3em;\n	color: #8b8b8b;\n	margin: 2px 0;\n}\n\n.syntaxbg		{ color: #FFFFFF; }\n.syntaxcomment	{ color: #000000; }\n.syntaxdefault	{ color: #bcbcbc; }\n.syntaxhtml		{ color: #000000; }\n.syntaxkeyword	{ color: #585858; }\n.syntaxstring	{ color: #a7a7a7; }\n\n/* Attachments\n----------------------------------------*/\n.attachbox {\n	float: left;\n	width: auto; \n	margin: 5px 5px 5px 0;\n	padding: 6px;\n	background-color: #FFFFFF;\n	border: 1px dashed #d8d8d8;\n	clear: left;\n}\n\n.pm-message .attachbox {\n	background-color: #f3f3f3;\n}\n\n.attachbox dt {\n	font-family: Arial, Helvetica, sans-serif;\n	text-transform: uppercase;\n}\n\n.attachbox dd {\n	margin-top: 4px;\n	padding-top: 4px;\n	clear: left;\n	border-top: 1px solid #d8d8d8;\n}\n\n.attachbox dd dd {\n	border: none;\n}\n\n.attachbox p {\n	line-height: 110%;\n	color: #666666;\n	font-weight: normal;\n	clear: left;\n}\n\n.attachbox p.stats\n{\n	line-height: 110%;\n	color: #666666;\n	font-weight: normal;\n	clear: left;\n}\n\n.attach-image {\n	margin: 3px 0;\n	width: 100%;\n	max-height: 350px;\n	overflow: auto;\n}\n\n.attach-image img {\n	border: 1px solid #999999;\n/*	cursor: move; */\n	cursor: default;\n}\n\n/* Inline image thumbnails */\ndiv.inline-attachment dl.thumbnail, div.inline-attachment dl.file {\n	display: block;\n	margin-bottom: 4px;\n}\n\ndiv.inline-attachment p {\n	font-size: 100%;\n}\n\ndl.file {\n	font-family: Verdana, Arial, Helvetica, sans-serif;\n	display: block;\n}\n\ndl.file dt {\n	text-transform: none;\n	margin: 0;\n	padding: 0;\n	font-weight: bold;\n	font-family: Verdana, Arial, Helvetica, sans-serif;\n}\n\ndl.file dd {\n	color: #666666;\n	margin: 0;\n	padding: 0;	\n}\n\ndl.thumbnail img {\n	padding: 3px;\n	border: 1px solid #666666;\n	background-color: #FFF;\n}\n\ndl.thumbnail dd {\n	color: #666666;\n	font-style: italic;\n	font-family: Verdana, Arial, Helvetica, sans-serif;\n}\n\n.attachbox dl.thumbnail dd {\n	font-size: 100%;\n}\n\ndl.thumbnail dt a:hover {\n	background-color: #EEEEEE;\n}\n\ndl.thumbnail dt a:hover img {\n	border: 1px solid #d2d2d2;\n}\n\n/* Post poll styles\n----------------------------------------*/\nfieldset.polls {\n	font-family: "Trebuchet MS", Verdana, Helvetica, Arial, sans-serif;\n}\n\nfieldset.polls dl {\n	margin-top: 5px;\n	border-top: 1px solid #e2e2e2;\n	padding: 5px 0 0 0;\n	line-height: 120%;\n	color: #666666;\n}\n\nfieldset.polls dl.voted {\n	font-weight: bold;\n	color: #000000;\n}\n\nfieldset.polls dt {\n	text-align: left;\n	float: left;\n	display: block;\n	width: 30%;\n	border-right: none;\n	padding: 0;\n	margin: 0;\n	font-size: 1.1em;\n}\n\nfieldset.polls dd {\n	float: left;\n	width: 10%;\n	border-left: none;\n	padding: 0 5px;\n	margin-left: 0;\n	font-size: 1.1em;\n}\n\nfieldset.polls dd.resultbar {\n	width: 50%;\n}\n\nfieldset.polls dd input {\n	margin: 2px 0;\n}\n\nfieldset.polls dd div {\n	text-align: right;\n	font-family: Arial, Helvetica, sans-serif;\n	color: #FFFFFF;\n	font-weight: bold;\n	padding: 0 2px;\n	overflow: visible;\n	min-width: 2%;\n}\n\n.pollbar1 {\n	background-color: #aaaaaa;\n	border-bottom: 1px solid #747474;\n	border-right: 1px solid #747474;\n}\n\n.pollbar2 {\n	background-color: #bebebe;\n	border-bottom: 1px solid #8c8c8c;\n	border-right: 1px solid #8c8c8c;\n}\n\n.pollbar3 {\n	background-color: #D1D1D1;\n	border-bottom: 1px solid #aaaaaa;\n	border-right: 1px solid #aaaaaa;\n}\n\n.pollbar4 {\n	background-color: #e4e4e4;\n	border-bottom: 1px solid #bebebe;\n	border-right: 1px solid #bebebe;\n}\n\n.pollbar5 {\n	background-color: #f8f8f8;\n	border-bottom: 1px solid #D1D1D1;\n	border-right: 1px solid #D1D1D1;\n}\n\n/* Poster profile block\n----------------------------------------*/\n.postprofile {\n	/* Also see tweaks.css */\n	margin: 5px 0 10px 0;\n	min-height: 80px;\n	color: #666666;\n	border-left: 1px solid #FFFFFF;\n	width: 22%;\n	float: right;\n	display: inline;\n}\n.pm .postprofile {\n	border-left: 1px solid #DDDDDD;\n}\n\n.postprofile dd, .postprofile dt {\n	line-height: 1.2em;\n	margin-left: 8px;\n}\n\n.postprofile strong {\n	font-weight: normal;\n	color: #000000;\n}\n\n.avatar {\n	border: none;\n	margin-bottom: 3px;\n}\n\n.online {\n	background-image: none;\n	background-position: 100% 0;\n	background-repeat: no-repeat;\n}\n\n/* Poster profile used by search*/\n.search .postprofile {\n	width: 30%;\n}\n\n/* pm list in compose message if mass pm is enabled */\ndl.pmlist dt {\n	width: 60% !important;\n}\n\ndl.pmlist dt textarea {\n	width: 95%;\n}\n\ndl.pmlist dd {\n	margin-left: 61% !important;\n	margin-bottom: 2px;\n}\n/* Button Styles\n---------------------------------------- */\n\n/* Rollover buttons\n   Based on: http://wellstyled.com/css-nopreload-rollovers.html\n----------------------------------------*/\n.buttons {\n	float: left;\n	width: auto;\n	height: auto;\n}\n\n/* Rollover state */\n.buttons div {\n	float: left;\n	margin: 0 5px 0 0;\n	background-position: 0 100%;\n}\n\n/* Rolloff state */\n.buttons div a {\n	display: block;\n	width: 100%;\n	height: 100%;\n	background-position: 0 0;\n	position: relative;\n	overflow: hidden;\n}\n\n/* Hide <a> text and hide off-state image when rolling over (prevents flicker in IE) */\n/*.buttons div span		{ display: none; }*/\n/*.buttons div a:hover	{ background-image: none; }*/\n.buttons div span			{ position: absolute; width: 100%; height: 100%; cursor: pointer;}\n.buttons div a:hover span	{ background-position: 0 100%; }\n\n/* Big button images */\n.reply-icon span	{ background: transparent none 0 0 no-repeat; }\n.post-icon span		{ background: transparent none 0 0 no-repeat; }\n.locked-icon span	{ background: transparent none 0 0 no-repeat; }\n.pmreply-icon span	{ background: none 0 0 no-repeat; }\n.newpm-icon span 	{ background: none 0 0 no-repeat; }\n.forwardpm-icon span 	{ background: none 0 0 no-repeat; }\n\n/* Set big button dimensions */\n.buttons div.reply-icon		{ width: {IMG_BUTTON_TOPIC_REPLY_WIDTH}px; height: {IMG_BUTTON_TOPIC_REPLY_HEIGHT}px; }\n.buttons div.post-icon		{ width: {IMG_BUTTON_TOPIC_NEW_WIDTH}px; height: {IMG_BUTTON_TOPIC_NEW_HEIGHT}px; }\n.buttons div.locked-icon	{ width: {IMG_BUTTON_TOPIC_LOCKED_WIDTH}px; height: {IMG_BUTTON_TOPIC_LOCKED_HEIGHT}px; }\n.buttons div.pmreply-icon	{ width: {IMG_BUTTON_PM_REPLY_WIDTH}px; height: {IMG_BUTTON_PM_REPLY_HEIGHT}px; }\n.buttons div.newpm-icon		{ width: {IMG_BUTTON_PM_NEW_WIDTH}px; height: {IMG_BUTTON_PM_NEW_HEIGHT}px; }\n.buttons div.forwardpm-icon	{ width: {IMG_BUTTON_PM_FORWARD_WIDTH}px; height: {IMG_BUTTON_PM_FORWARD_HEIGHT}px; }\n\n/* Sub-header (navigation bar)\n--------------------------------------------- */\na.print, a.sendemail, a.fontsize {\n	display: block;\n	overflow: hidden;\n	height: 18px;\n	text-indent: -5000px;\n	text-align: left;\n	background-repeat: no-repeat;\n}\n\na.print {\n	background-image: none;\n	width: 22px;\n}\n\na.sendemail {\n	background-image: none;\n	width: 22px;\n}\n\na.fontsize {\n	background-image: none;\n	background-position: 0 -1px;\n	width: 29px;\n}\n\na.fontsize:hover {\n	background-position: 0 -20px;\n	text-decoration: none;\n}\n\n/* Icon images\n---------------------------------------- */\n.sitehome, .icon-faq, .icon-members, .icon-home, .icon-ucp, .icon-register, .icon-logout,\n.icon-bookmark, .icon-bump, .icon-subscribe, .icon-unsubscribe, .icon-pages, .icon-search {\n	background-position: 0 50%;\n	background-repeat: no-repeat;\n	background-image: none;\n	padding: 1px 0 0 17px;\n}\n\n/* Poster profile icons\n----------------------------------------*/\nul.profile-icons {\n	padding-top: 10px;\n	list-style: none;\n}\n\n/* Rollover state */\nul.profile-icons li {\n	float: left;\n	margin: 0 6px 3px 0;\n	background-position: 0 100%;\n}\n\n/* Rolloff state */\nul.profile-icons li a {\n	display: block;\n	width: 100%;\n	height: 100%;\n	background-position: 0 0;\n}\n\n/* Hide <a> text and hide off-state image when rolling over (prevents flicker in IE) */\nul.profile-icons li span { display:none; }\nul.profile-icons li a:hover { background: none; }\n\n/* Positioning of moderator icons */\n.postbody ul.profile-icons {\n	float: right;\n	width: auto;\n	padding: 0;\n}\n\n.postbody ul.profile-icons li {\n	margin: 0 3px;\n}\n\n/* Profile & navigation icons */\n.email-icon, .email-icon a		{ background: none top left no-repeat; }\n.aim-icon, .aim-icon a			{ background: none top left no-repeat; }\n.yahoo-icon, .yahoo-icon a		{ background: none top left no-repeat; }\n.web-icon, .web-icon a			{ background: none top left no-repeat; }\n.msnm-icon, .msnm-icon a			{ background: none top left no-repeat; }\n.icq-icon, .icq-icon a			{ background: none top left no-repeat; }\n.jabber-icon, .jabber-icon a		{ background: none top left no-repeat; }\n.pm-icon, .pm-icon a				{ background: none top left no-repeat; }\n.quote-icon, .quote-icon a		{ background: none top left no-repeat; }\n\n/* Moderator icons */\n.report-icon, .report-icon a		{ background: none top left no-repeat; }\n.warn-icon, .warn-icon a			{ background: none top left no-repeat; }\n.edit-icon, .edit-icon a			{ background: none top left no-repeat; }\n.delete-icon, .delete-icon a		{ background: none top left no-repeat; }\n.info-icon, .info-icon a			{ background: none top left no-repeat; }\n\n/* Set profile icon dimensions */\nul.profile-icons li.email-icon		{ width: {IMG_ICON_CONTACT_EMAIL_WIDTH}px; height: {IMG_ICON_CONTACT_EMAIL_HEIGHT}px; }\nul.profile-icons li.aim-icon	{ width: {IMG_ICON_CONTACT_AIM_WIDTH}px; height: {IMG_ICON_CONTACT_AIM_HEIGHT}px; }\nul.profile-icons li.yahoo-icon	{ width: {IMG_ICON_CONTACT_YAHOO_WIDTH}px; height: {IMG_ICON_CONTACT_YAHOO_HEIGHT}px; }\nul.profile-icons li.web-icon	{ width: {IMG_ICON_CONTACT_WWW_WIDTH}px; height: {IMG_ICON_CONTACT_WWW_HEIGHT}px; }\nul.profile-icons li.msnm-icon	{ width: {IMG_ICON_CONTACT_MSNM_WIDTH}px; height: {IMG_ICON_CONTACT_MSNM_HEIGHT}px; }\nul.profile-icons li.icq-icon	{ width: {IMG_ICON_CONTACT_ICQ_WIDTH}px; height: {IMG_ICON_CONTACT_ICQ_HEIGHT}px; }\nul.profile-icons li.jabber-icon	{ width: {IMG_ICON_CONTACT_JABBER_WIDTH}px; height: {IMG_ICON_CONTACT_JABBER_HEIGHT}px; }\nul.profile-icons li.pm-icon		{ width: {IMG_ICON_CONTACT_PM_WIDTH}px; height: {IMG_ICON_CONTACT_PM_HEIGHT}px; }\nul.profile-icons li.quote-icon	{ width: {IMG_ICON_POST_QUOTE_WIDTH}px; height: {IMG_ICON_POST_QUOTE_HEIGHT}px; }\nul.profile-icons li.report-icon	{ width: {IMG_ICON_POST_REPORT_WIDTH}px; height: {IMG_ICON_POST_REPORT_HEIGHT}px; }\nul.profile-icons li.edit-icon	{ width: {IMG_ICON_POST_EDIT_WIDTH}px; height: {IMG_ICON_POST_EDIT_HEIGHT}px; }\nul.profile-icons li.delete-icon	{ width: {IMG_ICON_POST_DELETE_WIDTH}px; height: {IMG_ICON_POST_DELETE_HEIGHT}px; }\nul.profile-icons li.info-icon	{ width: {IMG_ICON_POST_INFO_WIDTH}px; height: {IMG_ICON_POST_INFO_HEIGHT}px; }\nul.profile-icons li.warn-icon	{ width: {IMG_ICON_USER_WARN_WIDTH}px; height: {IMG_ICON_USER_WARN_HEIGHT}px; }\n\n/* Fix profile icon default margins */\nul.profile-icons li.edit-icon	{ margin: 0 0 0 3px; }\nul.profile-icons li.quote-icon	{ margin: 0 0 0 10px; }\nul.profile-icons li.info-icon, ul.profile-icons li.report-icon	{ margin: 0 3px 0 0; }\n/* Control Panel Styles\n---------------------------------------- */\n\n\n/* Main CP box\n----------------------------------------*/\n#cp-menu {\n	float:left;\n	width: 19%;\n	margin-top: 1em;\n	margin-bottom: 5px;\n}\n\n#cp-main {\n	float: left;\n	width: 81%;\n}\n\n#cp-main .content {\n	padding: 0;\n}\n\n#cp-main h3, #cp-main hr, #cp-menu hr {\n	border-color: #bfbfbf;\n}\n\n#cp-main .panel p {\n	font-size: 1.1em;\n}\n\n#cp-main .panel ol {\n	margin-left: 2em;\n	font-size: 1.1em;\n}\n\n#cp-main .panel li.row {\n	border-bottom: 1px solid #cbcbcb;\n	border-top: 1px solid #F9F9F9;\n}\n\nul.cplist {\n	margin-bottom: 5px;\n	border-top: 1px solid #cbcbcb;\n}\n\n#cp-main .panel li.header dd, #cp-main .panel li.header dt {\n	color: #000000;\n	margin-bottom: 2px;\n}\n\n#cp-main table.table1 {\n	margin-bottom: 1em;\n}\n\n#cp-main table.table1 thead th {\n	color: #333333;\n	font-weight: bold;\n	border-bottom: 1px solid #333333;\n	padding: 5px;\n}\n\n#cp-main table.table1 tbody th {\n	font-style: italic;\n	background-color: transparent !important;\n	border-bottom: none;\n}\n\n#cp-main .pagination {\n	float: right;\n	width: auto;\n	padding-top: 1px;\n}\n\n#cp-main .postbody p {\n	font-size: 1.1em;\n}\n\n#cp-main .pm-message {\n	border: 1px solid #e2e2e2;\n	margin: 10px 0;\n	background-color: #FFFFFF;\n	width: auto;\n	float: none;\n}\n\n.pm-message h2 {\n	padding-bottom: 5px;\n}\n\n#cp-main .postbody h3, #cp-main .box2 h3 {\n	margin-top: 0;\n}\n\n#cp-main .buttons {\n	margin-left: 0;\n}\n\n#cp-main ul.linklist {\n	margin: 0;\n}\n\n/* MCP Specific tweaks */\n.mcp-main .postbody {\n	width: 100%;\n}\n\n.tabs-container h2 {\n	float: left;\n	margin-bottom: 0px;\n}\n\n.tabs-container #minitabs {\n	float: right;\n	margin-top: 19px;\n}\n\n.tabs-container:after {\n	display: block;\n	clear: both;\n	content: '''';\n}\n\n/* CP tabbed menu\n----------------------------------------*/\n#tabs {\n	line-height: normal;\n	margin: 20px 0 -1px 7px;\n	min-width: 570px;\n}\n\n#tabs ul {\n	margin:0;\n	padding: 0;\n	list-style: none;\n}\n\n#tabs li {\n	display: inline;\n	margin: 0;\n	padding: 0;\n	font-size: 1em;\n	font-weight: bold;\n}\n\n#tabs a {\n	float: left;\n	background: none no-repeat 0% -35px;\n	margin: 0 1px 0 0;\n	padding: 0 0 0 5px;\n	text-decoration: none;\n	position: relative;\n	cursor: pointer;\n}\n\n#tabs a span {\n	float: left;\n	display: block;\n	background: none no-repeat 100% -35px;\n	padding: 6px 10px 6px 5px;\n	color: #828282;\n	white-space: nowrap;\n}\n\n#tabs a:hover span {\n	color: #bcbcbc;\n}\n\n#tabs .activetab a {\n	background-position: 0 0;\n	border-bottom: 1px solid #ebebeb;\n}\n\n#tabs .activetab a span {\n	background-position: 100% 0;\n	padding-bottom: 7px;\n	color: #333333;\n}\n\n#tabs a:hover {\n	background-position: 0 -70px;\n}\n\n#tabs a:hover span {\n	background-position:100% -70px;\n}\n\n#tabs .activetab a:hover {\n	background-position: 0 0;\n}\n\n#tabs .activetab a:hover span {\n	color: #000000;\n	background-position: 100% 0;\n}\n\n/* Mini tabbed menu used in MCP\n----------------------------------------*/\n#minitabs {\n	line-height: normal;\n	margin: -20px 7px 0 0;\n}\n\n#minitabs ul {\n	margin:0;\n	padding: 0;\n	list-style: none;\n}\n\n#minitabs li {\n	display: block;\n	float: right;\n	padding: 0 10px 4px 10px;\n	font-size: 1em;\n	font-weight: bold;\n	background-color: #f2f2f2;\n	margin-left: 2px;\n}\n\n#minitabs a {\n}\n\n#minitabs a:hover {\n	text-decoration: none;\n}\n\n#minitabs li.activetab {\n	background-color: #F9F9F9;\n}\n\n#minitabs li.activetab a, #minitabs li.activetab a:hover {\n	color: #333333;\n}\n\n/* UCP navigation menu\n----------------------------------------*/\n/* Container for sub-navigation list */\n#navigation {\n	width: 100%;\n	padding-top: 36px;\n}\n\n#navigation ul {\n	list-style:none;\n}\n\n/* Default list state */\n#navigation li {\n	margin: 1px 0;\n	padding: 0;\n	font-weight: bold;\n	display: inline;\n}\n\n/* Link styles for the sub-section links */\n#navigation a {\n	display: block;\n	padding: 5px;\n	margin: 1px 0;\n	text-decoration: none;\n	font-weight: bold;\n	color: #333;\n	background: #cfcfcf none repeat-y 100% 0;\n}\n\n#navigation a:hover {\n	text-decoration: none;\n	background-color: #c6c6c6;\n	color: #bcbcbc;\n	background-image: none;\n}\n\n#navigation #active-subsection a {\n	display: block;\n	color: #d3d3d3;\n	background-color: #F9F9F9;\n	background-image: none;\n}\n\n#navigation #active-subsection a:hover {\n	color: #d3d3d3;\n}\n\n/* Preferences pane layout\n----------------------------------------*/\n#cp-main h2 {\n	border-bottom: none;\n	padding: 0;\n	margin-left: 10px;\n	color: #333333;\n}\n\n#cp-main .panel {\n	background-color: #F9F9F9;\n}\n\n#cp-main .pm {\n	background-color: #FFFFFF;\n}\n\n#cp-main span.corners-top, #cp-menu span.corners-top {\n	background-image: none;\n}\n\n#cp-main span.corners-top span, #cp-menu span.corners-top span {\n	background-image: none;\n}\n\n#cp-main span.corners-bottom, #cp-menu span.corners-bottom {\n	background-image: none;\n}\n\n#cp-main span.corners-bottom span, #cp-menu span.corners-bottom span {\n	background-image: none;\n}\n\n/* Topicreview */\n#cp-main .panel #topicreview span.corners-top, #cp-menu .panel #topicreview span.corners-top {\n	background-image: none;\n}\n\n#cp-main .panel #topicreview span.corners-top span, #cp-menu .panel #topicreview span.corners-top span {\n	background-image: none;\n}\n\n#cp-main .panel #topicreview span.corners-bottom, #cp-menu .panel #topicreview span.corners-bottom {\n	background-image: none;\n}\n\n#cp-main .panel #topicreview span.corners-bottom span, #cp-menu .panel #topicreview span.corners-bottom span {\n	background-image: none;\n}\n\n/* Friends list */\n.cp-mini {\n	background-color: #f9f9f9;\n	padding: 0 5px;\n	margin: 10px 15px 10px 5px;\n}\n\n.cp-mini span.corners-top, .cp-mini span.corners-bottom {\n	margin: 0 -5px;\n}\n\ndl.mini dt {\n	font-weight: bold;\n	color: #676767;\n}\n\ndl.mini dd {\n	padding-top: 4px;\n}\n\n.friend-online {\n	font-weight: bold;\n}\n\n.friend-offline {\n	font-style: italic;\n}\n\n/* PM Styles\n----------------------------------------*/\n#pm-menu {\n	line-height: 2.5em;\n}\n\n/* PM panel adjustments */\n.reply-all a.left {\n	background-position: 3px 60%;\n}\n\n.reply-all a.left:hover {\n	background-position: 0px 60%;\n}\n\n.reply-all {\n	font-size: 11px;\n	padding-top: 5px;\n}\n\n/* PM Message history */\n.current {\n	color: #999999;\n}\n\n/* Defined rules list for PM options */\nol.def-rules {\n	padding-left: 0;\n}\n\nol.def-rules li {\n	line-height: 180%;\n	padding: 1px;\n}\n\n/* PM marking colours */\n.pmlist li.bg1 {\n	padding: 0 3px;\n}\n\n.pmlist li.bg2 {\n	padding: 0 3px;\n}\n\n.pmlist li.pm_message_reported_colour, .pm_message_reported_colour {\n	border-left-color: #bcbcbc;\n	border-right-color: #bcbcbc;\n}\n\n.pmlist li.pm_marked_colour, .pm_marked_colour {\n	padding: 0;\n	border: solid 3px #ffffff;\n	border-width: 0 3px;\n}\n\n.pmlist li.pm_replied_colour, .pm_replied_colour {\n	padding: 0;\n	border: solid 3px #c2c2c2;\n	border-width: 0 3px;\n}\n\n.pmlist li.pm_friend_colour, .pm_friend_colour {\n	padding: 0;\n	border: solid 3px #bdbdbd;\n	border-width: 0 3px;\n}\n\n.pmlist li.pm_foe_colour, .pm_foe_colour {\n	padding: 0;\n	border: solid 3px #000000;\n	border-width: 0 3px;\n}\n\n.pm-legend {\n	border-left-width: 10px;\n	border-left-style: solid;\n	border-right-width: 0;\n	margin-bottom: 3px;\n	padding-left: 3px;\n}\n\n/* Avatar gallery */\n#gallery label {\n	position: relative;\n	float: left;\n	margin: 10px;\n	padding: 5px;\n	width: auto;\n	background: #FFFFFF;\n	border: 1px solid #CCC;\n	text-align: center;\n}\n\n#gallery label:hover {\n	background-color: #EEE;\n}\n/* Form Styles\n---------------------------------------- */\n\n/* General form styles\n----------------------------------------*/\nfieldset {\n	border-width: 0;\n	font-family: Verdana, Helvetica, Arial, sans-serif;\n	font-size: 1.1em;\n}\n\ninput {\n	font-weight: normal;\n	cursor: pointer;\n	vertical-align: middle;\n	padding: 0 3px;\n	font-size: 1em;\n	font-family: Verdana, Helvetica, Arial, sans-serif;\n}\n\nselect {\n	font-family: Verdana, Helvetica, Arial, sans-serif;\n	font-weight: normal;\n	cursor: pointer;\n	vertical-align: middle;\n	border: 1px solid #666666;\n	padding: 1px;\n	background-color: #FAFAFA;\n	font-size: 1em;\n}\n\noption {\n	padding-right: 1em;\n}\n\noption.disabled-option {\n	color: graytext;\n}\n\ntextarea {\n	font-family: "Lucida Grande", Verdana, Helvetica, Arial, sans-serif;\n	width: 60%;\n	padding: 2px;\n	font-size: 1em;\n	line-height: 1.4em;\n}\n\nlabel {\n	cursor: default;\n	padding-right: 5px;\n	color: #676767;\n}\n\nlabel input {\n	vertical-align: middle;\n}\n\nlabel img {\n	vertical-align: middle;\n}\n\n/* Definition list layout for forms\n---------------------------------------- */\nfieldset dl {\n	padding: 4px 0;\n}\n\nfieldset dt {\n	float: left;	\n	width: 40%;\n	text-align: left;\n	display: block;\n}\n\nfieldset dd {\n	margin-left: 41%;\n	vertical-align: top;\n	margin-bottom: 3px;\n}\n\n/* Specific layout 1 */\nfieldset.fields1 dt {\n	width: 15em;\n	border-right-width: 0;\n}\n\nfieldset.fields1 dd {\n	margin-left: 15em;\n	border-left-width: 0;\n}\n\nfieldset.fields1 {\n	background-color: transparent;\n}\n\nfieldset.fields1 div {\n	margin-bottom: 3px;\n}\n\n/* Set it back to 0px for the reCaptcha divs: PHPBB3-9587 */\nfieldset.fields1 #recaptcha_widget_div div {\n	margin-bottom: 0;\n}\n\n/* Specific layout 2 */\nfieldset.fields2 dt {\n	width: 15em;\n	border-right-width: 0;\n}\n\nfieldset.fields2 dd {\n	margin-left: 16em;\n	border-left-width: 0;\n}\n\n/* Form elements */\ndt label {\n	font-weight: bold;\n	text-align: left;\n}\n\ndd label {\n	white-space: nowrap;\n	color: #333;\n}\n\ndd input, dd textarea {\n	margin-right: 3px;\n}\n\ndd select {\n	width: auto;\n}\n\ndd textarea {\n	width: 85%;\n}\n\n/* Hover effects */\nfieldset dl:hover dt label {\n	color: #000000;\n}\n\nfieldset.fields2 dl:hover dt label {\n	color: inherit;\n}\n\n#timezone {\n	width: 95%;\n}\n\n* html #timezone {\n	width: 50%;\n}\n\n/* Quick-login on index page */\nfieldset.quick-login {\n	margin-top: 5px;\n}\n\nfieldset.quick-login input {\n	width: auto;\n}\n\nfieldset.quick-login input.inputbox {\n	width: 15%;\n	vertical-align: middle;\n	margin-right: 5px;\n	background-color: #f3f3f3;\n}\n\nfieldset.quick-login label {\n	white-space: nowrap;\n	padding-right: 2px;\n}\n\n/* Display options on viewtopic/viewforum pages  */\nfieldset.display-options {\n	text-align: center;\n	margin: 3px 0 5px 0;\n}\n\nfieldset.display-options label {\n	white-space: nowrap;\n	padding-right: 2px;\n}\n\nfieldset.display-options a {\n	margin-top: 3px;\n}\n\n/* Display actions for ucp and mcp pages */\nfieldset.display-actions {\n	text-align: right;\n	line-height: 2em;\n	white-space: nowrap;\n	padding-right: 1em;\n}\n\nfieldset.display-actions label {\n	white-space: nowrap;\n	padding-right: 2px;\n}\n\nfieldset.sort-options {\n	line-height: 2em;\n}\n\n/* MCP forum selection*/\nfieldset.forum-selection {\n	margin: 5px 0 3px 0;\n	float: right;\n}\n\nfieldset.forum-selection2 {\n	margin: 13px 0 3px 0;\n	float: right;\n}\n\n/* Jumpbox */\nfieldset.jumpbox {\n	text-align: right;\n	margin-top: 15px;\n	height: 2.5em;\n}\n\nfieldset.quickmod {\n	width: 50%;\n	float: right;\n	text-align: right;\n	height: 2.5em;\n}\n\n/* Submit button fieldset */\nfieldset.submit-buttons {\n	text-align: center;\n	vertical-align: middle;\n	margin: 5px 0;\n}\n\nfieldset.submit-buttons input {\n	vertical-align: middle;\n	padding-top: 3px;\n	padding-bottom: 3px;\n}\n\n/* Posting page styles\n----------------------------------------*/\n\n/* Buttons used in the editor */\n#format-buttons {\n	margin: 15px 0 2px 0;\n}\n\n#format-buttons input, #format-buttons select {\n	vertical-align: middle;\n}\n\n/* Main message box */\n#message-box {\n	width: 80%;\n}\n\n#message-box textarea {\n	font-family: "Trebuchet MS", Verdana, Helvetica, Arial, sans-serif;\n	width: 450px;\n	height: 270px;\n	min-width: 100%;\n	max-width: 100%;\n	font-size: 1.2em;\n	color: #333333;\n}\n\n/* Emoticons panel */\n#smiley-box {\n	width: 18%;\n	float: right;\n}\n\n#smiley-box img {\n	margin: 3px;\n}\n\n/* Input field styles\n---------------------------------------- */\n.inputbox {\n	background-color: #FFFFFF;\n	border: 1px solid #c0c0c0;\n	color: #333333;\n	padding: 2px;\n	cursor: text;\n}\n\n.inputbox:hover {\n	border: 1px solid #eaeaea;\n}\n\n.inputbox:focus {\n	border: 1px solid #eaeaea;\n	color: #4b4b4b;\n}\n\ninput.inputbox	{ width: 85%; }\ninput.medium	{ width: 50%; }\ninput.narrow	{ width: 25%; }\ninput.tiny		{ width: 125px; }\n\ntextarea.inputbox {\n	width: 85%;\n}\n\n.autowidth {\n	width: auto !important;\n}\n\n/* Form button styles\n---------------------------------------- */\ninput.button1, input.button2 {\n	font-size: 1em;\n}\n\na.button1, input.button1, input.button3, a.button2, input.button2 {\n	width: auto !important;\n	padding-top: 1px;\n	padding-bottom: 1px;\n	font-family: "Lucida Grande", Verdana, Helvetica, Arial, sans-serif;\n	color: #000;\n	background: #FAFAFA none repeat-x top left;\n}\n\na.button1, input.button1 {\n	font-weight: bold;\n	border: 1px solid #666666;\n}\n\ninput.button3 {\n	padding: 0;\n	margin: 0;\n	line-height: 5px;\n	height: 12px;\n	background-image: none;\n	font-variant: small-caps;\n}\n\n/* Alternative button */\na.button2, input.button2, input.button3 {\n	border: 1px solid #666666;\n}\n\n/* <a> button in the style of the form buttons */\na.button1, a.button1:link, a.button1:visited, a.button1:active, a.button2, a.button2:link, a.button2:visited, a.button2:active {\n	text-decoration: none;\n	color: #000000;\n	padding: 2px 8px;\n	line-height: 250%;\n	vertical-align: text-bottom;\n	background-position: 0 1px;\n}\n\n/* Hover states */\na.button1:hover, input.button1:hover, a.button2:hover, input.button2:hover, input.button3:hover {\n	border: 1px solid #BCBCBC;\n	background-position: 0 100%;\n	color: #BCBCBC;\n}\n\ninput.disabled {\n	font-weight: normal;\n	color: #666666;\n}\n\n/* Topic and forum Search */\n.search-box {\n	margin-top: 3px;\n	margin-left: 5px;\n	float: left;\n}\n\n.search-box input {\n}\n\ninput.search {\n	background-image: none;\n	background-repeat: no-repeat;\n	background-position: left 1px;\n	padding-left: 17px;\n}\n\n.full { width: 95%; }\n.medium { width: 50%;}\n.narrow { width: 25%;}\n.tiny { width: 10%;}\n/* Style Sheet Tweaks\n\nThese style definitions are mainly IE specific \ntweaks required due to its poor CSS support.\n-------------------------------------------------*/\n\n* html table, * html select, * html input { font-size: 100%; }\n* html hr { margin: 0; }\n* html span.corners-top, * html span.corners-bottom { background-image: url("{T_THEME_PATH}/images/corners_left.gif"); }\n* html span.corners-top span, * html span.corners-bottom span { background-image: url("{T_THEME_PATH}/images/corners_right.gif"); }\n\ntable.table1 {\n	width: 99%;		/* IE < 6 browsers */\n	/* Tantek hack */\n	voice-family: "\\"}\\"";\n	voice-family: inherit;\n	width: 100%;\n}\nhtml>body table.table1 { width: 100%; }	/* Reset 100% for opera */\n\n* html ul.topiclist li { position: relative; }\n* html .postbody h3 img { vertical-align: middle; }\n\n/* Form styles */\nhtml>body dd label input { vertical-align: text-bottom; }	/* Align checkboxes/radio buttons nicely */\n\n* html input.button1, * html input.button2 {\n	padding-bottom: 0;\n	margin-bottom: 1px;\n}\n\n/* Misc layout styles */\n* html .column1, * html .column2 { width: 45%; }\n\n/* Nice method for clearing floated blocks without having to insert any extra markup (like spacer above)\n   From http://www.positioniseverything.net/easyclearing.html \n#tabs:after, #minitabs:after, .post:after, .navbar:after, fieldset dl:after, ul.topiclist dl:after, ul.linklist:after, dl.polls:after {\n	content: "."; \n	display: block; \n	height: 0; \n	clear: both; \n	visibility: hidden;\n}*/\n\n.clearfix, #tabs, #minitabs, fieldset dl, ul.topiclist dl, dl.polls {\n	height: 1%;\n	overflow: hidden;\n}\n\n/* viewtopic fix */\n* html .post {\n	height: 25%;\n	overflow: hidden;\n}\n\n/* navbar fix */\n* html .clearfix, * html .navbar, ul.linklist {\n	height: 4%;\n	overflow: hidden;\n}\n\n/* Simple fix so forum and topic lists always have a min-height set, even in IE6\n	From http://www.dustindiaz.com/min-height-fast-hack */\ndl.icon {\n	min-height: 35px;\n	height: auto !important;\n	height: 35px;\n}\n\n* html li.row dl.icon dt {\n	height: 35px;\n	overflow: visible;\n}\n\n* html #search-box {\n	width: 25%;\n}\n\n/* Correctly clear floating for details on profile view */\n*:first-child+html dl.details dd {\n	margin-left: 30%;\n	float: none;\n}\n\n* html dl.details dd {\n	margin-left: 30%;\n	float: none;\n}\n\n/* Headerbar height fix for IE7 and below */\n* html #site-description p {\n	margin-bottom: 1.0em;\n}\n\n*:first-child+html #site-description p {\n	margin-bottom: 1.0em;\n}\n\n/* #minitabs fix for IE */\n.tabs-container {\n	zoom: 1;\n}\n\n#minitabs {\n	white-space: nowrap;\n	*min-width: 50%;\n}\n/*  	\n--------------------------------------------------------------\nColours and backgrounds for common.css\n-------------------------------------------------------------- */\n\nhtml, body {\n	color: #536482;\n	background-color: #FFFFFF;\n}\n\nh1 {\n	color: #FFFFFF;\n}\n\nh2 {\n	color: #28313F;\n}\n\nh3 {\n	border-bottom-color: #CCCCCC;\n	color: #115098;\n}\n\nhr {\n	border-color: #FFFFFF;\n	border-top-color: #CCCCCC;\n}\n\nhr.dashed {\n	border-top-color: #CCCCCC;\n}\n\n/* Search box\n--------------------------------------------- */\n\n#search-box {\n	color: #FFFFFF;\n}\n\n#search-box #keywords {\n	background-color: #FFF;\n}\n\n#search-box input {\n	border-color: #0075B0;\n}\n\n/* Round cornered boxes and backgrounds\n---------------------------------------- */\n.headerbar {\n	background-color: #12A3EB;\n	background-image: url("{T_THEME_PATH}/images/bg_header.gif");\n	color: #FFFFFF;\n}\n\n.navbar {\n	background-color: #cadceb;\n}\n\n.forabg {\n	background-color: #0076b1;\n	background-image: url("{T_THEME_PATH}/images/bg_list.gif");\n}\n\n.forumbg {\n	background-color: #12A3EB;\n	background-image: url("{T_THEME_PATH}/images/bg_header.gif");\n}\n\n.panel {\n	background-color: #ECF1F3;\n	color: #28313F;\n}\n\n.post:target .content {\n	color: #000000;\n}\n\n.post:target h3 a {\n	color: #000000;\n}\n\n.bg1	{ background-color: #ECF3F7; }\n.bg2	{ background-color: #e1ebf2;  }\n.bg3	{ background-color: #cadceb; }\n\n.ucprowbg {\n	background-color: #DCDEE2;\n}\n\n.fieldsbg {\n	background-color: #E7E8EA;\n}\n\nspan.corners-top {\n	background-image: url("{T_THEME_PATH}/images/corners_left.png");\n}\n\nspan.corners-top span {\n	background-image: url("{T_THEME_PATH}/images/corners_right.png");\n}\n\nspan.corners-bottom {\n	background-image: url("{T_THEME_PATH}/images/corners_left.png");\n}\n\nspan.corners-bottom span {\n	background-image: url("{T_THEME_PATH}/images/corners_right.png");\n}\n\n/* Horizontal lists\n----------------------------------------*/\n\nul.navlinks {\n	border-bottom-color: #FFFFFF;\n}\n\n/* Table styles\n----------------------------------------*/\ntable.table1 thead th {\n	color: #FFFFFF;\n}\n\ntable.table1 tbody tr {\n	border-color: #BFC1CF;\n}\n\ntable.table1 tbody tr:hover, table.table1 tbody tr.hover {\n	background-color: #CFE1F6;\n	color: #000;\n}\n\ntable.table1 td {\n	color: #536482;\n}\n\ntable.table1 tbody td {\n	border-top-color: #FAFAFA;\n}\n\ntable.table1 tbody th {\n	border-bottom-color: #000000;\n	color: #333333;\n	background-color: #FFFFFF;\n}\n\ntable.info tbody th {\n	color: #000000;\n}\n\n/* Misc layout styles\n---------------------------------------- */\ndl.details dt {\n	color: #000000;\n}\n\ndl.details dd {\n	color: #536482;\n}\n\n.sep {\n	color: #1198D9;\n}\n\n/* Pagination\n---------------------------------------- */\n\n.pagination span strong {\n	color: #FFFFFF;\n	background-color: #4692BF;\n	border-color: #4692BF;\n}\n\n.pagination span a, .pagination span a:link, .pagination span a:visited {\n	color: #5C758C;\n	background-color: #ECEDEE;\n	border-color: #B4BAC0;\n}\n\n.pagination span a:hover {\n	border-color: #368AD2;\n	background-color: #368AD2;\n	color: #FFF;\n}\n\n.pagination span a:active {\n	color: #5C758C;\n	background-color: #ECEDEE;\n	border-color: #B4BAC0;\n}\n\n/* Pagination in viewforum for multipage topics */\n.row .pagination {\n	background-image: url("{T_THEME_PATH}/images/icon_pages.gif");\n}\n\n.row .pagination span a, li.pagination span a {\n	background-color: #FFFFFF;\n}\n\n.row .pagination span a:hover, li.pagination span a:hover {\n	background-color: #368AD2;\n}\n\n/* Miscellaneous styles\n---------------------------------------- */\n\n.copyright {\n	color: #555555;\n}\n\n.error {\n	color: #BC2A4D;\n}\n\n.reported {\n	background-color: #F7ECEF;\n}\n\nli.reported:hover {\n	background-color: #ECD5D8 !important;\n}\n.sticky, .announce {\n	/* you can add a background for stickies and announcements*/\n}\n\ndiv.rules {\n	background-color: #ECD5D8;\n	color: #BC2A4D;\n}\n\np.rules {\n	background-color: #ECD5D8;\n	background-image: none;\n}\n\n/*  	\n--------------------------------------------------------------\nColours and backgrounds for links.css\n-------------------------------------------------------------- */\n\na:link	{ color: #105289; }\na:visited	{ color: #105289; }\na:hover	{ color: #D31141; }\na:active	{ color: #368AD2; }\n\n/* Links on gradient backgrounds */\n#search-box a:link, .navbg a:link, .forumbg .header a:link, .forabg .header a:link, th a:link {\n	color: #FFFFFF;\n}\n\n#search-box a:visited, .navbg a:visited, .forumbg .header a:visited, .forabg .header a:visited, th a:visited {\n	color: #FFFFFF;\n}\n\n#search-box a:hover, .navbg a:hover, .forumbg .header a:hover, .forabg .header a:hover, th a:hover {\n	color: #A8D8FF;\n}\n\n#search-box a:active, .navbg a:active, .forumbg .header a:active, .forabg .header a:active, th a:active {\n	color: #C8E6FF;\n}\n\n/* Links for forum/topic lists */\na.forumtitle {\n	color: #105289;\n}\n\n/* a.forumtitle:visited { color: #105289; } */\n\na.forumtitle:hover {\n	color: #BC2A4D;\n}\n\na.forumtitle:active {\n	color: #105289;\n}\n\na.topictitle {\n	color: #105289;\n}\n\n/* a.topictitle:visited { color: #368AD2; } */\n\na.topictitle:hover {\n	color: #BC2A4D;\n}\n\na.topictitle:active {\n	color: #105289;\n}\n\n/* Post body links */\n.postlink {\n	color: #368AD2;\n	border-bottom-color: #368AD2;\n}\n\n.postlink:visited {\n	color: #5D8FBD;\n	border-bottom-color: #5D8FBD;\n}\n\n.postlink:active {\n	color: #368AD2;\n}\n\n.postlink:hover {\n	background-color: #D0E4F6;\n	color: #0D4473;\n}\n\n.signature a, .signature a:visited, .signature a:hover, .signature a:active {\n	background-color: transparent;\n}\n\n/* Profile links */\n.postprofile a:link, .postprofile a:visited, .postprofile dt.author a {\n	color: #105289;\n}\n\n.postprofile a:hover, .postprofile dt.author a:hover {\n	color: #D31141;\n}\n\n.postprofile a:active {\n	color: #105289;\n}\n\n/* Profile searchresults */	\n.search .postprofile a {\n	color: #105289;\n}\n\n.search .postprofile a:hover {\n	color: #D31141;\n}\n\n/* Back to top of page */\na.top {\n	background-image: url("{IMG_ICON_BACK_TOP_SRC}");\n}\n\na.top2 {\n	background-image: url("{IMG_ICON_BACK_TOP_SRC}");\n}\n\n/* Arrow links  */\na.up		{ background-image: url("{T_THEME_PATH}/images/arrow_up.gif") }\na.down		{ background-image: url("{T_THEME_PATH}/images/arrow_down.gif") }\na.left		{ background-image: url("{T_THEME_PATH}/images/arrow_left.gif") }\na.right		{ background-image: url("{T_THEME_PATH}/images/arrow_right.gif") }\n\na.up:hover {\n	background-color: transparent;\n}\n\na.left:hover {\n	color: #368AD2;\n}\n\na.right:hover {\n	color: #368AD2;\n}\n\n\n/*  	\n--------------------------------------------------------------\nColours and backgrounds for content.css\n-------------------------------------------------------------- */\n\nul.forums {\n	background-color: #eef5f9;\n	background-image: url("{T_THEME_PATH}/images/gradient.gif");\n}\n\nul.topiclist li {\n	color: #4C5D77;\n}\n\nul.topiclist dd {\n	border-left-color: #FFFFFF;\n}\n\n.rtl ul.topiclist dd {\n	border-right-color: #fff;\n	border-left-color: transparent;\n}\n\nul.topiclist li.row dt a.subforum.read {\n	background-image: url("{IMG_SUBFORUM_READ_SRC}");\n}\n\nul.topiclist li.row dt a.subforum.unread {\n	background-image: url("{IMG_SUBFORUM_UNREAD_SRC}");\n}\n\nli.row {\n	border-top-color:  #FFFFFF;\n	border-bottom-color: #00608F;\n}\n\nli.row strong {\n	color: #000000;\n}\n\nli.row:hover {\n	background-color: #F6F4D0;\n}\n\nli.row:hover dd {\n	border-left-color: #CCCCCC;\n}\n\n.rtl li.row:hover dd {\n	border-right-color: #CCCCCC;\n	border-left-color: transparent;\n}\n\nli.header dt, li.header dd {\n	color: #FFFFFF;\n}\n\n/* Forum list column styles */\nul.topiclist dd.searchextra {\n	color: #333333;\n}\n\n/* Post body styles\n----------------------------------------*/\n.postbody {\n	color: #333333;\n}\n\n/* Content container styles\n----------------------------------------*/\n.content {\n	color: #333333;\n}\n\n.content h2, .panel h2 {\n	color: #115098;\n	border-bottom-color:  #CCCCCC;\n}\n\ndl.faq dt {\n	color: #333333;\n}\n\n.posthilit {\n	background-color: #F3BFCC;\n	color: #BC2A4D;\n}\n\n/* Post signature */\n.signature {\n	border-top-color: #CCCCCC;\n}\n\n/* Post noticies */\n.notice {\n	border-top-color:  #CCCCCC;\n}\n\n/* BB Code styles\n----------------------------------------*/\n/* Quote block */\nblockquote {\n	background-color: #EBEADD;\n	background-image: url("{T_THEME_PATH}/images/quote.gif");\n	border-color:#DBDBCE;\n}\n\n.rtl blockquote {\n	background-image: url("{T_THEME_PATH}/images/quote_rtl.gif");\n}\n\nblockquote blockquote {\n	/* Nested quotes */\n	background-color:#EFEED9;\n}\n\nblockquote blockquote blockquote {\n	/* Nested quotes */\n	background-color: #EBEADD;\n}\n\n/* Code block */\ndl.codebox {\n	background-color: #FFFFFF;\n	border-color: #C9D2D8;\n}\n\ndl.codebox dt {\n	border-bottom-color:  #CCCCCC;\n}\n\ndl.codebox code {\n	color: #2E8B57;\n}\n\n.syntaxbg		{ color: #FFFFFF; }\n.syntaxcomment	{ color: #FF8000; }\n.syntaxdefault	{ color: #0000BB; }\n.syntaxhtml		{ color: #000000; }\n.syntaxkeyword	{ color: #007700; }\n.syntaxstring	{ color: #DD0000; }\n\n/* Attachments\n----------------------------------------*/\n.attachbox {\n	background-color: #FFFFFF;\n	border-color:  #C9D2D8;\n}\n\n.pm-message .attachbox {\n	background-color: #F2F3F3;\n}\n\n.attachbox dd {\n	border-top-color: #C9D2D8;\n}\n\n.attachbox p {\n	color: #666666;\n}\n\n.attachbox p.stats {\n	color: #666666;\n}\n\n.attach-image img {\n	border-color: #999999;\n}\n\n/* Inline image thumbnails */\n\ndl.file dd {\n	color: #666666;\n}\n\ndl.thumbnail img {\n	border-color: #666666;\n	background-color: #FFFFFF;\n}\n\ndl.thumbnail dd {\n	color: #666666;\n}\n\ndl.thumbnail dt a:hover {\n	background-color: #EEEEEE;\n}\n\ndl.thumbnail dt a:hover img {\n	border-color: #368AD2;\n}\n\n/* Post poll styles\n----------------------------------------*/\n\nfieldset.polls dl {\n	border-top-color: #DCDEE2;\n	color: #666666;\n}\n\nfieldset.polls dl.voted {\n	color: #000000;\n}\n\nfieldset.polls dd div {\n	color: #FFFFFF;\n}\n\n.rtl .pollbar1, .rtl .pollbar2, .rtl .pollbar3, .rtl .pollbar4, .rtl .pollbar5 {\n	border-right-color: transparent;\n}\n\n.pollbar1 {\n	background-color: #AA2346;\n	border-bottom-color: #74162C;\n	border-right-color: #74162C;\n}\n\n.rtl .pollbar1 {\n	border-left-color: #74162C;\n}\n\n.pollbar2 {\n	background-color: #BE1E4A;\n	border-bottom-color: #8C1C38;\n	border-right-color: #8C1C38;\n}\n\n.rtl .pollbar2 {\n	border-left-color: #8C1C38;\n}\n\n.pollbar3 {\n	background-color: #D11A4E;\n	border-bottom-color: #AA2346;\n	border-right-color: #AA2346;\n}\n\n.rtl .pollbar3 {\n	border-left-color: #AA2346;\n}\n\n.pollbar4 {\n	background-color: #E41653;\n	border-bottom-color: #BE1E4A;\n	border-right-color: #BE1E4A;\n}\n\n.rtl .pollbar4 {\n	border-left-color: #BE1E4A;\n}\n\n.pollbar5 {\n	background-color: #F81157;\n	border-bottom-color: #D11A4E;\n	border-right-color: #D11A4E;\n}\n\n.rtl .pollbar5 {\n	border-left-color: #D11A4E;\n}\n\n/* Poster profile block\n----------------------------------------*/\n.postprofile {\n	color: #666666;\n	border-left-color: #FFFFFF;\n}\n\n.rtl .postprofile {\n	border-right-color: #FFFFFF;\n	border-left-color: transparent;\n}\n\n.pm .postprofile {\n	border-left-color: #DDDDDD;\n}\n\n.rtl .pm .postprofile {\n	border-right-color: #DDDDDD;\n	border-left-color: transparent;\n}\n\n.postprofile strong {\n	color: #000000;\n}\n\n.online {\n	background-image: url("{IMG_ICON_USER_ONLINE_SRC}");\n}\n\n/*  	\n--------------------------------------------------------------\nColours and backgrounds for buttons.css\n-------------------------------------------------------------- */\n\n/* Big button images */\n.reply-icon span	{ background-image: url("{IMG_BUTTON_TOPIC_REPLY_SRC}"); }\n.post-icon span		{ background-image: url("{IMG_BUTTON_TOPIC_NEW_SRC}"); }\n.locked-icon span	{ background-image: url("{IMG_BUTTON_TOPIC_LOCKED_SRC}"); }\n.pmreply-icon span	{ background-image: url("{IMG_BUTTON_PM_REPLY_SRC}") ;}\n.newpm-icon span 	{ background-image: url("{IMG_BUTTON_PM_NEW_SRC}") ;}\n.forwardpm-icon span	{ background-image: url("{IMG_BUTTON_PM_FORWARD_SRC}") ;}\n\na.print {\n	background-image: url("{T_THEME_PATH}/images/icon_print.gif");\n}\n\na.sendemail {\n	background-image: url("{T_THEME_PATH}/images/icon_sendemail.gif");\n}\n\na.fontsize {\n	background-image: url("{T_THEME_PATH}/images/icon_fontsize.gif");\n}\n\n/* Icon images\n---------------------------------------- */\n.sitehome						{ background-image: url("{T_THEME_PATH}/images/icon_home.gif"); }\n.icon-faq						{ background-image: url("{T_THEME_PATH}/images/icon_faq.gif"); }\n.icon-members					{ background-image: url("{T_THEME_PATH}/images/icon_members.gif"); }\n.icon-home						{ background-image: url("{T_THEME_PATH}/images/icon_home.gif"); }\n.icon-ucp						{ background-image: url("{T_THEME_PATH}/images/icon_ucp.gif"); }\n.icon-register					{ background-image: url("{T_THEME_PATH}/images/icon_register.gif"); }\n.icon-logout					{ background-image: url("{T_THEME_PATH}/images/icon_logout.gif"); }\n.icon-bookmark					{ background-image: url("{T_THEME_PATH}/images/icon_bookmark.gif"); }\n.icon-bump						{ background-image: url("{T_THEME_PATH}/images/icon_bump.gif"); }\n.icon-subscribe					{ background-image: url("{T_THEME_PATH}/images/icon_subscribe.gif"); }\n.icon-unsubscribe				{ background-image: url("{T_THEME_PATH}/images/icon_unsubscribe.gif"); }\n.icon-pages						{ background-image: url("{T_THEME_PATH}/images/icon_pages.gif"); }\n.icon-search					{ background-image: url("{T_THEME_PATH}/images/icon_search.gif"); }\n\n/* Profile & navigation icons */\n.email-icon, .email-icon a		{ background-image: url("{IMG_ICON_CONTACT_EMAIL_SRC}"); }\n.aim-icon, .aim-icon a			{ background-image: url("{IMG_ICON_CONTACT_AIM_SRC}"); }\n.yahoo-icon, .yahoo-icon a		{ background-image: url("{IMG_ICON_CONTACT_YAHOO_SRC}"); }\n.web-icon, .web-icon a			{ background-image: url("{IMG_ICON_CONTACT_WWW_SRC}"); }\n.msnm-icon, .msnm-icon a			{ background-image: url("{IMG_ICON_CONTACT_MSNM_SRC}"); }\n.icq-icon, .icq-icon a			{ background-image: url("{IMG_ICON_CONTACT_ICQ_SRC}"); }\n.jabber-icon, .jabber-icon a		{ background-image: url("{IMG_ICON_CONTACT_JABBER_SRC}"); }\n.pm-icon, .pm-icon a				{ background-image: url("{IMG_ICON_CONTACT_PM_SRC}"); }\n.quote-icon, .quote-icon a		{ background-image: url("{IMG_ICON_POST_QUOTE_SRC}"); }\n\n/* Moderator icons */\n.report-icon, .report-icon a		{ background-image: url("{IMG_ICON_POST_REPORT_SRC}"); }\n.edit-icon, .edit-icon a			{ background-image: url("{IMG_ICON_POST_EDIT_SRC}"); }\n.delete-icon, .delete-icon a		{ background-image: url("{IMG_ICON_POST_DELETE_SRC}"); }\n.info-icon, .info-icon a			{ background-image: url("{IMG_ICON_POST_INFO_SRC}"); }\n.warn-icon, .warn-icon a			{ background-image: url("{IMG_ICON_USER_WARN_SRC}"); } /* Need updated warn icon */\n\n/*  	\n--------------------------------------------------------------\nColours and backgrounds for cp.css\n-------------------------------------------------------------- */\n\n/* Main CP box\n----------------------------------------*/\n\n#cp-main h3, #cp-main hr, #cp-menu hr {\n	border-color: #A4B3BF;\n}\n\n#cp-main .panel li.row {\n	border-bottom-color: #B5C1CB;\n	border-top-color: #F9F9F9;\n}\n\nul.cplist {\n	border-top-color: #B5C1CB;\n}\n\n#cp-main .panel li.header dd, #cp-main .panel li.header dt {\n	color: #000000;\n}\n\n#cp-main table.table1 thead th {\n	color: #333333;\n	border-bottom-color: #333333;\n}\n\n#cp-main .pm-message {\n	border-color: #DBDEE2;\n	background-color: #FFFFFF;\n}\n\n/* CP tabbed menu\n----------------------------------------*/\n#tabs a {\n	background-image: url("{T_THEME_PATH}/images/bg_tabs1.gif");\n}\n\n#tabs a span {\n	background-image: url("{T_THEME_PATH}/images/bg_tabs2.gif");\n	color: #536482;\n}\n\n#tabs a:hover span {\n	color: #BC2A4D;\n}\n\n#tabs .activetab a {\n	border-bottom-color: #CADCEB;\n}\n\n#tabs .activetab a span {\n	color: #333333;\n}\n\n#tabs .activetab a:hover span {\n	color: #000000;\n}\n\n/* Mini tabbed menu used in MCP\n----------------------------------------*/\n#minitabs li {\n	background-color: #E1EBF2;\n}\n\n#minitabs li.activetab {\n	background-color: #F9F9F9;\n}\n\n#minitabs li.activetab a, #minitabs li.activetab a:hover {\n	color: #333333;\n}\n\n/* UCP navigation menu\n----------------------------------------*/\n\n/* Link styles for the sub-section links */\n#navigation a {\n	color: #333;\n	background-color: #B2C2CF;\n	background-image: url("{T_THEME_PATH}/images/bg_menu.gif");\n}\n\n.rtl #navigation a {\n	background-image: url("{T_THEME_PATH}/images/bg_menu_rtl.gif");\n	background-position: 0 100%;\n}\n\n#navigation a:hover {\n	background-image: none;\n	background-color: #aabac6;\n	color: #BC2A4D;\n}\n\n#navigation #active-subsection a {\n	color: #D31141;\n	background-color: #F9F9F9;\n	background-image: none;\n}\n\n#navigation #active-subsection a:hover {\n	color: #D31141;\n}\n\n/* Preferences pane layout\n----------------------------------------*/\n#cp-main h2 {\n	color: #333333;\n}\n\n#cp-main .panel {\n	background-color: #F9F9F9;\n}\n\n#cp-main .pm {\n	background-color: #FFFFFF;\n}\n\n#cp-main span.corners-top, #cp-menu span.corners-top {\n	background-image: url("{T_THEME_PATH}/images/corners_left2.gif");\n}\n\n#cp-main span.corners-top span, #cp-menu span.corners-top span {\n	background-image: url("{T_THEME_PATH}/images/corners_right2.gif");\n}\n\n#cp-main span.corners-bottom, #cp-menu span.corners-bottom {\n	background-image: url("{T_THEME_PATH}/images/corners_left2.gif");\n}\n\n#cp-main span.corners-bottom span, #cp-menu span.corners-bottom span {\n	background-image: url("{T_THEME_PATH}/images/corners_right2.gif");\n}\n\n/* Topicreview */\n#cp-main .panel #topicreview span.corners-top, #cp-menu .panel #topicreview span.corners-top {\n	background-image: url("{T_THEME_PATH}/images/corners_left.gif");\n}\n\n#cp-main .panel #topicreview span.corners-top span, #cp-menu .panel #topicreview span.corners-top span {\n	background-image: url("{T_THEME_PATH}/images/corners_right.gif");\n}\n\n#cp-main .panel #topicreview span.corners-bottom, #cp-menu .panel #topicreview span.corners-bottom {\n	background-image: url("{T_THEME_PATH}/images/corners_left.gif");\n}\n\n#cp-main .panel #topicreview span.corners-bottom span, #cp-menu .panel #topicreview span.corners-bottom span {\n	background-image: url("{T_THEME_PATH}/images/corners_right.gif");\n}\n\n/* Friends list */\n.cp-mini {\n	background-color: #eef5f9;\n}\n\ndl.mini dt {\n	color: #425067;\n}\n\n/* PM Styles\n----------------------------------------*/\n/* PM Message history */\n.current {\n	color: #000000 !important;\n}\n\n/* PM marking colours */\n.pmlist li.pm_message_reported_colour, .pm_message_reported_colour {\n	border-left-color: #BC2A4D;\n	border-right-color: #BC2A4D;\n}\n\n.pmlist li.pm_marked_colour, .pm_marked_colour {\n	border-color: #FF6600;\n}\n\n.pmlist li.pm_replied_colour, .pm_replied_colour {\n	border-color: #A9B8C2;\n}\n\n.pmlist li.pm_friend_colour, .pm_friend_colour {\n	border-color: #5D8FBD;\n}\n\n.pmlist li.pm_foe_colour, .pm_foe_colour {\n	border-color: #000000;\n}\n\n/* Avatar gallery */\n#gallery label {\n	background-color: #FFFFFF;\n	border-color: #CCC;\n}\n\n#gallery label:hover {\n	background-color: #EEE;\n}\n\n/*  	\n--------------------------------------------------------------\nColours and backgrounds for forms.css\n-------------------------------------------------------------- */\n\n/* General form styles\n----------------------------------------*/\nselect {\n	border-color: #666666;\n	background-color: #FAFAFA;\n	color: #000;\n}\n\nlabel {\n	color: #425067;\n}\n\noption.disabled-option {\n	color: graytext;\n}\n\n/* Definition list layout for forms\n---------------------------------------- */\ndd label {\n	color: #333;\n}\n\n/* Hover effects */\nfieldset dl:hover dt label {\n	color: #000000;\n}\n\nfieldset.fields2 dl:hover dt label {\n	color: inherit;\n}\n\n/* Quick-login on index page */\nfieldset.quick-login input.inputbox {\n	background-color: #F2F3F3;\n}\n\n/* Posting page styles\n----------------------------------------*/\n\n#message-box textarea {\n	color: #333333;\n}\n\n/* Input field styles\n---------------------------------------- */\n.inputbox {\n	background-color: #FFFFFF; \n	border-color: #B4BAC0;\n	color: #333333;\n}\n\n.inputbox:hover {\n	border-color: #11A3EA;\n}\n\n.inputbox:focus {\n	border-color: #11A3EA;\n	color: #0F4987;\n}\n\n/* Form button styles\n---------------------------------------- */\n\na.button1, input.button1, input.button3, a.button2, input.button2 {\n	color: #000;\n	background-color: #FAFAFA;\n	background-image: url("{T_THEME_PATH}/images/bg_button.gif");\n}\n\na.button1, input.button1 {\n	border-color: #666666;\n}\n\ninput.button3 {\n	background-image: none;\n}\n\n/* Alternative button */\na.button2, input.button2, input.button3 {\n	border-color: #666666;\n}\n\n/* <a> button in the style of the form buttons */\na.button1, a.button1:link, a.button1:visited, a.button1:active, a.button2, a.button2:link, a.button2:visited, a.button2:active {\n	color: #000000;\n}\n\n/* Hover states */\na.button1:hover, input.button1:hover, a.button2:hover, input.button2:hover, input.button3:hover {\n	border-color: #BC2A4D;\n	color: #BC2A4D;\n}\n\ninput.search {\n	background-image: url("{T_THEME_PATH}/images/icon_textbox_search.gif");\n}\n\ninput.disabled {\n	color: #666666;\n}\n');

-- --------------------------------------------------------

--
-- Table structure for table `topics`
--

CREATE TABLE IF NOT EXISTS `topics` (
  `topic_id` mediumint(8) unsigned NOT NULL AUTO_INCREMENT,
  `forum_id` mediumint(8) unsigned NOT NULL DEFAULT '0',
  `icon_id` mediumint(8) unsigned NOT NULL DEFAULT '0',
  `topic_attachment` tinyint(1) unsigned NOT NULL DEFAULT '0',
  `topic_approved` tinyint(1) unsigned NOT NULL DEFAULT '1',
  `topic_reported` tinyint(1) unsigned NOT NULL DEFAULT '0',
  `topic_title` varchar(255) CHARACTER SET utf8 COLLATE utf8_unicode_ci NOT NULL DEFAULT '',
  `topic_poster` mediumint(8) unsigned NOT NULL DEFAULT '0',
  `topic_time` int(11) unsigned NOT NULL DEFAULT '0',
  `topic_time_limit` int(11) unsigned NOT NULL DEFAULT '0',
  `topic_views` mediumint(8) unsigned NOT NULL DEFAULT '0',
  `topic_replies` mediumint(8) unsigned NOT NULL DEFAULT '0',
  `topic_replies_real` mediumint(8) unsigned NOT NULL DEFAULT '0',
  `topic_status` tinyint(3) NOT NULL DEFAULT '0',
  `topic_type` tinyint(3) NOT NULL DEFAULT '0',
  `topic_first_post_id` mediumint(8) unsigned NOT NULL DEFAULT '0',
  `topic_first_poster_name` varchar(255) COLLATE utf8_bin NOT NULL DEFAULT '',
  `topic_first_poster_colour` varchar(6) COLLATE utf8_bin NOT NULL DEFAULT '',
  `topic_last_post_id` mediumint(8) unsigned NOT NULL DEFAULT '0',
  `topic_last_poster_id` mediumint(8) unsigned NOT NULL DEFAULT '0',
  `topic_last_poster_name` varchar(255) COLLATE utf8_bin NOT NULL DEFAULT '',
  `topic_last_poster_colour` varchar(6) COLLATE utf8_bin NOT NULL DEFAULT '',
  `topic_last_post_subject` varchar(255) COLLATE utf8_bin NOT NULL DEFAULT '',
  `topic_last_post_time` int(11) unsigned NOT NULL DEFAULT '0',
  `topic_last_view_time` int(11) unsigned NOT NULL DEFAULT '0',
  `topic_moved_id` mediumint(8) unsigned NOT NULL DEFAULT '0',
  `topic_bumped` tinyint(1) unsigned NOT NULL DEFAULT '0',
  `topic_bumper` mediumint(8) unsigned NOT NULL DEFAULT '0',
  `poll_title` varchar(255) COLLATE utf8_bin NOT NULL DEFAULT '',
  `poll_start` int(11) unsigned NOT NULL DEFAULT '0',
  `poll_length` int(11) unsigned NOT NULL DEFAULT '0',
  `poll_max_options` tinyint(4) NOT NULL DEFAULT '1',
  `poll_last_vote` int(11) unsigned NOT NULL DEFAULT '0',
  `poll_vote_change` tinyint(1) unsigned NOT NULL DEFAULT '0',
  PRIMARY KEY (`topic_id`),
  KEY `forum_id` (`forum_id`),
  KEY `forum_id_type` (`forum_id`,`topic_type`),
  KEY `last_post_time` (`topic_last_post_time`),
  KEY `topic_approved` (`topic_approved`),
  KEY `forum_appr_last` (`forum_id`,`topic_approved`,`topic_last_post_id`),
  KEY `fid_time_moved` (`forum_id`,`topic_last_post_time`,`topic_moved_id`),
  KEY `topic_lpid` (`topic_last_post_id`)
) ENGINE=MyISAM DEFAULT CHARSET=utf8 COLLATE=utf8_bin AUTO_INCREMENT=1 ;

-- --------------------------------------------------------

--
-- Table structure for table `topics_posted`
--

CREATE TABLE IF NOT EXISTS `topics_posted` (
  `user_id` mediumint(8) unsigned NOT NULL DEFAULT '0',
  `topic_id` mediumint(8) unsigned NOT NULL DEFAULT '0',
  `topic_posted` tinyint(1) unsigned NOT NULL DEFAULT '0',
  PRIMARY KEY (`user_id`,`topic_id`)
) ENGINE=MyISAM DEFAULT CHARSET=utf8 COLLATE=utf8_bin;

-- --------------------------------------------------------

--
-- Table structure for table `topics_track`
--

CREATE TABLE IF NOT EXISTS `topics_track` (
  `user_id` mediumint(8) unsigned NOT NULL DEFAULT '0',
  `topic_id` mediumint(8) unsigned NOT NULL DEFAULT '0',
  `forum_id` mediumint(8) unsigned NOT NULL DEFAULT '0',
  `mark_time` int(11) unsigned NOT NULL DEFAULT '0',
  PRIMARY KEY (`user_id`,`topic_id`),
  KEY `forum_id` (`forum_id`)
) ENGINE=MyISAM DEFAULT CHARSET=utf8 COLLATE=utf8_bin;

-- --------------------------------------------------------

--
-- Table structure for table `topics_watch`
--

CREATE TABLE IF NOT EXISTS `topics_watch` (
  `topic_id` mediumint(8) unsigned NOT NULL DEFAULT '0',
  `user_id` mediumint(8) unsigned NOT NULL DEFAULT '0',
  `notify_status` tinyint(1) unsigned NOT NULL DEFAULT '0',
  KEY `topic_id` (`topic_id`),
  KEY `user_id` (`user_id`),
  KEY `notify_stat` (`notify_status`)
) ENGINE=MyISAM DEFAULT CHARSET=utf8 COLLATE=utf8_bin;

-- --------------------------------------------------------

--
-- Table structure for table `users`
--

CREATE TABLE IF NOT EXISTS `users` (
  `user_id` mediumint(8) unsigned NOT NULL AUTO_INCREMENT,
  `user_type` tinyint(2) NOT NULL DEFAULT '0',
  `group_id` mediumint(8) unsigned NOT NULL DEFAULT '3',
  `user_permissions` mediumtext COLLATE utf8_bin NOT NULL,
  `user_perm_from` mediumint(8) unsigned NOT NULL DEFAULT '0',
  `user_ip` varchar(40) COLLATE utf8_bin NOT NULL DEFAULT '',
  `user_regdate` int(11) unsigned NOT NULL DEFAULT '0',
  `username` varchar(255) COLLATE utf8_bin NOT NULL DEFAULT '',
  `username_clean` varchar(255) COLLATE utf8_bin NOT NULL DEFAULT '',
  `user_password` varchar(40) COLLATE utf8_bin NOT NULL DEFAULT '',
  `user_passchg` int(11) unsigned NOT NULL DEFAULT '0',
  `user_pass_convert` tinyint(1) unsigned NOT NULL DEFAULT '0',
  `user_email` varchar(100) COLLATE utf8_bin NOT NULL DEFAULT '',
  `user_email_hash` bigint(20) NOT NULL DEFAULT '0',
  `user_birthday` varchar(10) COLLATE utf8_bin NOT NULL DEFAULT '',
  `user_lastvisit` int(11) unsigned NOT NULL DEFAULT '0',
  `user_lastmark` int(11) unsigned NOT NULL DEFAULT '0',
  `user_lastpost_time` int(11) unsigned NOT NULL DEFAULT '0',
  `user_lastpage` varchar(200) COLLATE utf8_bin NOT NULL DEFAULT '',
  `user_last_confirm_key` varchar(10) COLLATE utf8_bin NOT NULL DEFAULT '',
  `user_last_search` int(11) unsigned NOT NULL DEFAULT '0',
  `user_warnings` tinyint(4) NOT NULL DEFAULT '0',
  `user_last_warning` int(11) unsigned NOT NULL DEFAULT '0',
  `user_login_attempts` tinyint(4) NOT NULL DEFAULT '0',
  `user_inactive_reason` tinyint(2) NOT NULL DEFAULT '0',
  `user_inactive_time` int(11) unsigned NOT NULL DEFAULT '0',
  `user_posts` mediumint(8) unsigned NOT NULL DEFAULT '0',
  `user_lang` varchar(30) COLLATE utf8_bin NOT NULL DEFAULT '',
  `user_timezone` decimal(5,2) NOT NULL DEFAULT '0.00',
  `user_dst` tinyint(1) unsigned NOT NULL DEFAULT '0',
  `user_dateformat` varchar(30) COLLATE utf8_bin NOT NULL DEFAULT 'd M Y H:i',
  `user_style` mediumint(8) unsigned NOT NULL DEFAULT '0',
  `user_rank` mediumint(8) unsigned NOT NULL DEFAULT '0',
  `user_colour` varchar(6) COLLATE utf8_bin NOT NULL DEFAULT '',
  `user_new_privmsg` int(4) NOT NULL DEFAULT '0',
  `user_unread_privmsg` int(4) NOT NULL DEFAULT '0',
  `user_last_privmsg` int(11) unsigned NOT NULL DEFAULT '0',
  `user_message_rules` tinyint(1) unsigned NOT NULL DEFAULT '0',
  `user_full_folder` int(11) NOT NULL DEFAULT '-3',
  `user_emailtime` int(11) unsigned NOT NULL DEFAULT '0',
  `user_topic_show_days` smallint(4) unsigned NOT NULL DEFAULT '0',
  `user_topic_sortby_type` varchar(1) COLLATE utf8_bin NOT NULL DEFAULT 't',
  `user_topic_sortby_dir` varchar(1) COLLATE utf8_bin NOT NULL DEFAULT 'd',
  `user_post_show_days` smallint(4) unsigned NOT NULL DEFAULT '0',
  `user_post_sortby_type` varchar(1) COLLATE utf8_bin NOT NULL DEFAULT 't',
  `user_post_sortby_dir` varchar(1) COLLATE utf8_bin NOT NULL DEFAULT 'a',
  `user_notify` tinyint(1) unsigned NOT NULL DEFAULT '0',
  `user_notify_pm` tinyint(1) unsigned NOT NULL DEFAULT '1',
  `user_notify_type` tinyint(4) NOT NULL DEFAULT '0',
  `user_allow_pm` tinyint(1) unsigned NOT NULL DEFAULT '1',
  `user_allow_viewonline` tinyint(1) unsigned NOT NULL DEFAULT '1',
  `user_allow_viewemail` tinyint(1) unsigned NOT NULL DEFAULT '1',
  `user_allow_massemail` tinyint(1) unsigned NOT NULL DEFAULT '1',
  `user_options` int(11) unsigned NOT NULL DEFAULT '230271',
  `user_avatar` varchar(255) COLLATE utf8_bin NOT NULL DEFAULT '',
  `user_avatar_type` tinyint(2) NOT NULL DEFAULT '0',
  `user_avatar_width` smallint(4) unsigned NOT NULL DEFAULT '0',
  `user_avatar_height` smallint(4) unsigned NOT NULL DEFAULT '0',
  `user_sig` mediumtext COLLATE utf8_bin NOT NULL,
  `user_sig_bbcode_uid` varchar(8) COLLATE utf8_bin NOT NULL DEFAULT '',
  `user_sig_bbcode_bitfield` varchar(255) COLLATE utf8_bin NOT NULL DEFAULT '',
  `user_from` varchar(100) COLLATE utf8_bin NOT NULL DEFAULT '',
  `user_icq` varchar(15) COLLATE utf8_bin NOT NULL DEFAULT '',
  `user_aim` varchar(255) COLLATE utf8_bin NOT NULL DEFAULT '',
  `user_yim` varchar(255) COLLATE utf8_bin NOT NULL DEFAULT '',
  `user_msnm` varchar(255) COLLATE utf8_bin NOT NULL DEFAULT '',
  `user_jabber` varchar(255) COLLATE utf8_bin NOT NULL DEFAULT '',
  `user_website` varchar(200) COLLATE utf8_bin NOT NULL DEFAULT '',
  `user_occ` text COLLATE utf8_bin NOT NULL,
  `user_interests` text COLLATE utf8_bin NOT NULL,
  `user_actkey` varchar(32) COLLATE utf8_bin NOT NULL DEFAULT '',
  `user_newpasswd` varchar(40) COLLATE utf8_bin NOT NULL DEFAULT '',
  `user_form_salt` varchar(32) COLLATE utf8_bin NOT NULL DEFAULT '',
  `user_new` tinyint(1) unsigned NOT NULL DEFAULT '1',
  `user_reminded` tinyint(4) NOT NULL DEFAULT '0',
  `user_reminded_time` int(11) unsigned NOT NULL DEFAULT '0',
  PRIMARY KEY (`user_id`),
  UNIQUE KEY `username_clean` (`username_clean`),
  KEY `user_birthday` (`user_birthday`),
  KEY `user_email_hash` (`user_email_hash`),
  KEY `user_type` (`user_type`)
) ENGINE=MyISAM  DEFAULT CHARSET=utf8 COLLATE=utf8_bin AUTO_INCREMENT=105 ;

--
-- Dumping data for table `users`
--

INSERT INTO `users` (`user_id`, `user_type`, `group_id`, `user_permissions`, `user_perm_from`, `user_ip`, `user_regdate`, `username`, `username_clean`, `user_password`, `user_passchg`, `user_pass_convert`, `user_email`, `user_email_hash`, `user_birthday`, `user_lastvisit`, `user_lastmark`, `user_lastpost_time`, `user_lastpage`, `user_last_confirm_key`, `user_last_search`, `user_warnings`, `user_last_warning`, `user_login_attempts`, `user_inactive_reason`, `user_inactive_time`, `user_posts`, `user_lang`, `user_timezone`, `user_dst`, `user_dateformat`, `user_style`, `user_rank`, `user_colour`, `user_new_privmsg`, `user_unread_privmsg`, `user_last_privmsg`, `user_message_rules`, `user_full_folder`, `user_emailtime`, `user_topic_show_days`, `user_topic_sortby_type`, `user_topic_sortby_dir`, `user_post_show_days`, `user_post_sortby_type`, `user_post_sortby_dir`, `user_notify`, `user_notify_pm`, `user_notify_type`, `user_allow_pm`, `user_allow_viewonline`, `user_allow_viewemail`, `user_allow_massemail`, `user_options`, `user_avatar`, `user_avatar_type`, `user_avatar_width`, `user_avatar_height`, `user_sig`, `user_sig_bbcode_uid`, `user_sig_bbcode_bitfield`, `user_from`, `user_icq`, `user_aim`, `user_yim`, `user_msnm`, `user_jabber`, `user_website`, `user_occ`, `user_interests`, `user_actkey`, `user_newpasswd`, `user_form_salt`, `user_new`, `user_reminded`, `user_reminded_time`) VALUES
(1, 2, 1, '00000000003khra3nk\n\n\n\n\n\n\n\n\n\n\n\n\n\n\n\n\n\n\n\n\n\n\n\n\n\n\n\n\n\n\n\n\n\n\n\n\n\n\n\n\n\n\n\n\n\n\n\n\n\n\n\n\n\n\n\n\n\n\n\n\n\n\n\n\n\n\n\n\n\n\n\n\n\n\n\n\n\n\n\n\n\n\n\n\n\n\n\n\n\n\n\n\n\n\n\n\n\n\n\n\n\n\n\n\n\n\n\n\n\n\n\n\n\n\n\n\n\n\n\n\n\n\n\n\n\n\n\n\n\n\n\n\n\n\n\n\n\n\n\n\n\n\n\n\n\n\n\n\n\n\n\n\n\n\n\n\n\n\n\n\n\n\n\n\n\n\n\n\n\n\n\n\n\n\n\n\n\n\n\n\n\n\n\n\n\n\n\n\n\n\n\n\n\n\n\n\n\n\n\n\n\n\n\n\n\n\n\n\n\n\n\n\n\n\n\n\n\n\n\n\n\n\n\n\n\n\n\n\n\n\n\n\n\n\n\n\n\n\n\n\n\n\n\n\n\n\n\n\n\n\n\n\n\n\n\ni1cjyo000000\ni1cjyo000000\ni1cjyo000000\ni1cjyo000000\ni1cjyo000000\ni1cjyo000000\ni1cjyo000000\ni1cjyo000000\ni1cjyo000000\ni1cjyo000000\n\ni1cjyo000000\ni1cjyo000000\ni1cjyo000000\ni1cjyo000000\ni1cjyo000000\ni1cjyo000000\n\n\n\n\ni1cjyo000000\ni1cjyo000000\ni1cjyo000000\ni1cjyo000000\ni1cjyo000000\ni1cjyo000000\nhrcveo000000\nhrcveo000000\n\ni1cjyo000000\n\n\n\n\n\ni1cjyo000000\ni1cjyo000000\ni1cjyo000000\ni1cjyo000000\ni1cjyo000000\ni1cjyo000000\n\ni1cjyo000000\ni1cjyo000000\ni1cjyo000000\n000000000000\n000000000000\n000000000000\ni1cjyo000000\n\n\ni1cjyo000000\n\n\n\n\n\ni1cjyo000000\n\n\n\n\n\n000000000000\n\n\n\n\n\n\n\ni1ckk0000000\ni1cjyo000000\ni1cjyo000000', 0, '', 1264011654, 'Anonymous', 'anonymous', '', 0, 0, '', 0, '', 0, 0, 1334030822, '', '', 1349944611, 0, 0, 0, 0, 0, 1, 'en', '0.00', 0, '|F jS, Y|, g:i a', 42, 0, '', 0, 0, 0, 0, -3, 0, 0, 't', 'd', 0, 't', 'a', 0, 1, 0, 1, 1, 1, 0, 230207, '', 0, 0, 0, '', '11hmviud', '', '', '', '', '', '', '', '', '', '', '', '', '0a7807909f9b2118', 1, 0, 0),
(104, 0, 2, '', 0, '127.0.0.1', 1364327158, 'test', 'test', '$H$9XchHTqdZU/pwOgoDx7yXhWz7GrgQV/', 1364327158, 0, 'jbollensb@gmail.com', 345521686519, '', 0, 1364327158, 0, '', '', 0, 0, 0, 0, 0, 0, 0, 'en', '0.00', 1, '|F jS, Y|, g:i a', 42, 0, '', 0, 0, 0, 0, -3, 0, 0, 't', 'd', 0, 't', 'a', 0, 1, 0, 1, 1, 1, 1, 230271, 'avatars/member.png', 3, 120, 120, '', '', '', '', '', '', '', '', '', '', '', '', '', '', '1b08e17a197add6d', 0, 0, 0),
(103, 2, 6, '', 0, '', 1364326538, 'Bing [Bot]', 'bing [bot]', '', 1364326538, 0, '', 0, '', 0, 1364326538, 0, '', '', 0, 0, 0, 0, 0, 0, 0, 'en', '0.00', 1, '|F jS, Y|, g:i a', 1, 0, '9E8DA7', 0, 0, 0, 0, -3, 0, 0, 't', 'd', 0, 't', 'a', 0, 1, 0, 1, 1, 1, 0, 230271, '', 0, 0, 0, '', '21tfxxjo', '', '', '', '', '', '', '', '', '', '', '', '', 'e09494ce6c8caf72', 0, 0, 0),
(102, 2, 6, '', 0, '', 1364326538, 'YahooSeeker [Bot]', 'yahooseeker [bot]', '', 1364326538, 0, '', 0, '', 0, 1364326538, 0, '', '', 0, 0, 0, 0, 0, 0, 0, 'en', '0.00', 1, '|F jS, Y|, g:i a', 1, 0, '9E8DA7', 0, 0, 0, 0, -3, 0, 0, 't', 'd', 0, 't', 'a', 0, 1, 0, 1, 1, 1, 0, 230271, '', 0, 0, 0, '', '234ggwdo', '', '', '', '', '', '', '', '', '', '', '', '', 'b02e3c96c954baef', 0, 0, 0),
(100, 2, 6, '', 0, '', 1364326538, 'Yahoo Slurp [Bot]', 'yahoo slurp [bot]', '', 1364326538, 0, '', 0, '', 0, 1364326538, 0, '', '', 0, 0, 0, 0, 0, 0, 0, 'en', '0.00', 1, '|F jS, Y|, g:i a', 1, 0, '9E8DA7', 0, 0, 0, 0, -3, 0, 0, 't', 'd', 0, 't', 'a', 0, 1, 0, 1, 1, 1, 0, 230271, '', 0, 0, 0, '', '32s97vdx', '', '', '', '', '', '', '', '', '', '', '', '', 'd4fa732aa7e3821d', 0, 0, 0),
(101, 2, 6, '', 0, '', 1364326538, 'Yahoo [Bot]', 'yahoo [bot]', '', 1364326538, 0, '', 0, '', 0, 1364326538, 0, '', '', 0, 0, 0, 0, 0, 0, 0, 'en', '0.00', 1, '|F jS, Y|, g:i a', 1, 0, '9E8DA7', 0, 0, 0, 0, -3, 0, 0, 't', 'd', 0, 't', 'a', 0, 1, 0, 1, 1, 1, 0, 230271, '', 0, 0, 0, '', '2kjb7vpe', '', '', '', '', '', '', '', '', '', '', '', '', 'd9866021dc2e8584', 0, 0, 0),
(99, 2, 6, '', 0, '', 1364326538, 'Yahoo MMCrawler [Bot]', 'yahoo mmcrawler [bot]', '', 1364326538, 0, '', 0, '', 0, 1364326538, 0, '', '', 0, 0, 0, 0, 0, 0, 0, 'en', '0.00', 1, '|F jS, Y|, g:i a', 1, 0, '9E8DA7', 0, 0, 0, 0, -3, 0, 0, 't', 'd', 0, 't', 'a', 0, 1, 0, 1, 1, 1, 0, 230271, '', 0, 0, 0, '', '3cvp64pj', '', '', '', '', '', '', '', '', '', '', '', '', '56610b75a3eb67b9', 0, 0, 0),
(98, 2, 6, '', 0, '', 1364326538, 'YaCy [Bot]', 'yacy [bot]', '', 1364326538, 0, '', 0, '', 0, 1364326538, 0, '', '', 0, 0, 0, 0, 0, 0, 0, 'en', '0.00', 1, '|F jS, Y|, g:i a', 1, 0, '9E8DA7', 0, 0, 0, 0, -3, 0, 0, 't', 'd', 0, 't', 'a', 0, 1, 0, 1, 1, 1, 0, 230271, '', 0, 0, 0, '', '2ocfj33w', '', '', '', '', '', '', '', '', '', '', '', '', '45c172b57053884c', 0, 0, 0),
(92, 2, 6, '', 0, '', 1364326538, 'TurnitinBot [Bot]', 'turnitinbot [bot]', '', 1364326538, 0, '', 0, '', 0, 1364326538, 0, '', '', 0, 0, 0, 0, 0, 0, 0, 'en', '0.00', 1, '|F jS, Y|, g:i a', 1, 0, '9E8DA7', 0, 0, 0, 0, -3, 0, 0, 't', 'd', 0, 't', 'a', 0, 1, 0, 1, 1, 1, 0, 230271, '', 0, 0, 0, '', '1u4yajuc', '', '', '', '', '', '', '', '', '', '', '', '', 'e6de18446378c8db', 0, 0, 0),
(93, 2, 6, '', 0, '', 1364326538, 'Voyager [Bot]', 'voyager [bot]', '', 1364326538, 0, '', 0, '', 0, 1364326538, 0, '', '', 0, 0, 0, 0, 0, 0, 0, 'en', '0.00', 1, '|F jS, Y|, g:i a', 1, 0, '9E8DA7', 0, 0, 0, 0, -3, 0, 0, 't', 'd', 0, 't', 'a', 0, 1, 0, 1, 1, 1, 0, 230271, '', 0, 0, 0, '', '3ja2o158', '', '', '', '', '', '', '', '', '', '', '', '', 'f83743662d3ee53b', 0, 0, 0),
(94, 2, 6, '', 0, '', 1364326538, 'W3 [Sitesearch]', 'w3 [sitesearch]', '', 1364326538, 0, '', 0, '', 0, 1364326538, 0, '', '', 0, 0, 0, 0, 0, 0, 0, 'en', '0.00', 1, '|F jS, Y|, g:i a', 1, 0, '9E8DA7', 0, 0, 0, 0, -3, 0, 0, 't', 'd', 0, 't', 'a', 0, 1, 0, 1, 1, 1, 0, 230271, '', 0, 0, 0, '', '3qp4rwxy', '', '', '', '', '', '', '', '', '', '', '', '', '05fea1ff59129fec', 0, 0, 0),
(95, 2, 6, '', 0, '', 1364326538, 'W3C [Linkcheck]', 'w3c [linkcheck]', '', 1364326538, 0, '', 0, '', 0, 1364326538, 0, '', '', 0, 0, 0, 0, 0, 0, 0, 'en', '0.00', 1, '|F jS, Y|, g:i a', 1, 0, '9E8DA7', 0, 0, 0, 0, -3, 0, 0, 't', 'd', 0, 't', 'a', 0, 1, 0, 1, 1, 1, 0, 230271, '', 0, 0, 0, '', 'usfamh6h', '', '', '', '', '', '', '', '', '', '', '', '', '08783468ffdee95d', 0, 0, 0),
(96, 2, 6, '', 0, '', 1364326538, 'W3C [Validator]', 'w3c [validator]', '', 1364326538, 0, '', 0, '', 0, 1364326538, 0, '', '', 0, 0, 0, 0, 0, 0, 0, 'en', '0.00', 1, '|F jS, Y|, g:i a', 1, 0, '9E8DA7', 0, 0, 0, 0, -3, 0, 0, 't', 'd', 0, 't', 'a', 0, 1, 0, 1, 1, 1, 0, 230271, '', 0, 0, 0, '', 'bhz89v3v', '', '', '', '', '', '', '', '', '', '', '', '', 'a106e553cbf43bc6', 0, 0, 0),
(97, 2, 6, '', 0, '', 1364326538, 'WiseNut [Bot]', 'wisenut [bot]', '', 1364326538, 0, '', 0, '', 0, 1364326538, 0, '', '', 0, 0, 0, 0, 0, 0, 0, 'en', '0.00', 1, '|F jS, Y|, g:i a', 1, 0, '9E8DA7', 0, 0, 0, 0, -3, 0, 0, 't', 'd', 0, 't', 'a', 0, 1, 0, 1, 1, 1, 0, 230271, '', 0, 0, 0, '', '2subkc8s', '', '', '', '', '', '', '', '', '', '', '', '', '115e77e91dbd4704', 0, 0, 0),
(86, 2, 6, '', 0, '', 1364326538, 'Seoma [Crawler]', 'seoma [crawler]', '', 1364326538, 0, '', 0, '', 0, 1364326538, 0, '', '', 0, 0, 0, 0, 0, 0, 0, 'en', '0.00', 1, '|F jS, Y|, g:i a', 1, 0, '9E8DA7', 0, 0, 0, 0, -3, 0, 0, 't', 'd', 0, 't', 'a', 0, 1, 0, 1, 1, 1, 0, 230271, '', 0, 0, 0, '', 'kkx6pxgl', '', '', '', '', '', '', '', '', '', '', '', '', '8f191108a63d0f32', 0, 0, 0),
(87, 2, 6, '', 0, '', 1364326538, 'SEOSearch [Crawler]', 'seosearch [crawler]', '', 1364326538, 0, '', 0, '', 0, 1364326538, 0, '', '', 0, 0, 0, 0, 0, 0, 0, 'en', '0.00', 1, '|F jS, Y|, g:i a', 1, 0, '9E8DA7', 0, 0, 0, 0, -3, 0, 0, 't', 'd', 0, 't', 'a', 0, 1, 0, 1, 1, 1, 0, 230271, '', 0, 0, 0, '', '1y9tsfhu', '', '', '', '', '', '', '', '', '', '', '', '', '33f12b08d45c92c4', 0, 0, 0),
(88, 2, 6, '', 0, '', 1364326538, 'Snappy [Bot]', 'snappy [bot]', '', 1364326538, 0, '', 0, '', 0, 1364326538, 0, '', '', 0, 0, 0, 0, 0, 0, 0, 'en', '0.00', 1, '|F jS, Y|, g:i a', 1, 0, '9E8DA7', 0, 0, 0, 0, -3, 0, 0, 't', 'd', 0, 't', 'a', 0, 1, 0, 1, 1, 1, 0, 230271, '', 0, 0, 0, '', '1l0uy9sn', '', '', '', '', '', '', '', '', '', '', '', '', '6943ce2d71484efa', 0, 0, 0),
(89, 2, 6, '', 0, '', 1364326538, 'Steeler [Crawler]', 'steeler [crawler]', '', 1364326538, 0, '', 0, '', 0, 1364326538, 0, '', '', 0, 0, 0, 0, 0, 0, 0, 'en', '0.00', 1, '|F jS, Y|, g:i a', 1, 0, '9E8DA7', 0, 0, 0, 0, -3, 0, 0, 't', 'd', 0, 't', 'a', 0, 1, 0, 1, 1, 1, 0, 230271, '', 0, 0, 0, '', 'h0isylld', '', '', '', '', '', '', '', '', '', '', '', '', 'c0975f1d1aec408b', 0, 0, 0),
(90, 2, 6, '', 0, '', 1364326538, 'Synoo [Bot]', 'synoo [bot]', '', 1364326538, 0, '', 0, '', 0, 1364326538, 0, '', '', 0, 0, 0, 0, 0, 0, 0, 'en', '0.00', 1, '|F jS, Y|, g:i a', 1, 0, '9E8DA7', 0, 0, 0, 0, -3, 0, 0, 't', 'd', 0, 't', 'a', 0, 1, 0, 1, 1, 1, 0, 230271, '', 0, 0, 0, '', '138l8r5r', '', '', '', '', '', '', '', '', '', '', '', '', 'cb7add9c521dbe6d', 0, 0, 0),
(91, 2, 6, '', 0, '', 1364326538, 'Telekom [Bot]', 'telekom [bot]', '', 1364326538, 0, '', 0, '', 0, 1364326538, 0, '', '', 0, 0, 0, 0, 0, 0, 0, 'en', '0.00', 1, '|F jS, Y|, g:i a', 1, 0, '9E8DA7', 0, 0, 0, 0, -3, 0, 0, 't', 'd', 0, 't', 'a', 0, 1, 0, 1, 1, 1, 0, 230271, '', 0, 0, 0, '', '1x5imov5', '', '', '', '', '', '', '', '', '', '', '', '', 'c1464400cf555309', 0, 0, 0),
(85, 2, 6, '', 0, '', 1364326538, 'SEO Crawler', 'seo crawler', '', 1364326538, 0, '', 0, '', 0, 1364326538, 0, '', '', 0, 0, 0, 0, 0, 0, 0, 'en', '0.00', 1, '|F jS, Y|, g:i a', 1, 0, '9E8DA7', 0, 0, 0, 0, -3, 0, 0, 't', 'd', 0, 't', 'a', 0, 1, 0, 1, 1, 1, 0, 230271, '', 0, 0, 0, '', '3r4m4dy7', '', '', '', '', '', '', '', '', '', '', '', '', '1fcc76b23f2b8ecf', 0, 0, 0),
(84, 2, 6, '', 0, '', 1364326538, 'Sensis [Crawler]', 'sensis [crawler]', '', 1364326538, 0, '', 0, '', 0, 1364326538, 0, '', '', 0, 0, 0, 0, 0, 0, 0, 'en', '0.00', 1, '|F jS, Y|, g:i a', 1, 0, '9E8DA7', 0, 0, 0, 0, -3, 0, 0, 't', 'd', 0, 't', 'a', 0, 1, 0, 1, 1, 1, 0, 230271, '', 0, 0, 0, '', '3it2t0qn', '', '', '', '', '', '', '', '', '', '', '', '', '761e63d8352c64a5', 0, 0, 0),
(83, 2, 6, '', 0, '', 1364326538, 'Seekport [Bot]', 'seekport [bot]', '', 1364326538, 0, '', 0, '', 0, 1364326538, 0, '', '', 0, 0, 0, 0, 0, 0, 0, 'en', '0.00', 1, '|F jS, Y|, g:i a', 1, 0, '9E8DA7', 0, 0, 0, 0, -3, 0, 0, 't', 'd', 0, 't', 'a', 0, 1, 0, 1, 1, 1, 0, 230271, '', 0, 0, 0, '', '3oa2j5yz', '', '', '', '', '', '', '', '', '', '', '', '', 'cbbf01babc17192f', 0, 0, 0),
(82, 2, 6, '', 0, '', 1364326538, 'psbot [Picsearch]', 'psbot [picsearch]', '', 1364326538, 0, '', 0, '', 0, 1364326538, 0, '', '', 0, 0, 0, 0, 0, 0, 0, 'en', '0.00', 1, '|F jS, Y|, g:i a', 1, 0, '9E8DA7', 0, 0, 0, 0, -3, 0, 0, 't', 'd', 0, 't', 'a', 0, 1, 0, 1, 1, 1, 0, 230271, '', 0, 0, 0, '', '2olcbirm', '', '', '', '', '', '', '', '', '', '', '', '', 'af0957f1bd3bda6b', 0, 0, 0),
(81, 2, 6, '', 0, '', 1364326538, 'Online link [Validator]', 'online link [validator]', '', 1364326538, 0, '', 0, '', 0, 1364326538, 0, '', '', 0, 0, 0, 0, 0, 0, 0, 'en', '0.00', 1, '|F jS, Y|, g:i a', 1, 0, '9E8DA7', 0, 0, 0, 0, -3, 0, 0, 't', 'd', 0, 't', 'a', 0, 1, 0, 1, 1, 1, 0, 230271, '', 0, 0, 0, '', 'pf5jdzhi', '', '', '', '', '', '', '', '', '', '', '', '', '9b3af5521446dc70', 0, 0, 0),
(80, 2, 6, '', 0, '', 1364326538, 'OmniExplorer [Bot]', 'omniexplorer [bot]', '', 1364326538, 0, '', 0, '', 0, 1364326538, 0, '', '', 0, 0, 0, 0, 0, 0, 0, 'en', '0.00', 1, '|F jS, Y|, g:i a', 1, 0, '9E8DA7', 0, 0, 0, 0, -3, 0, 0, 't', 'd', 0, 't', 'a', 0, 1, 0, 1, 1, 1, 0, 230271, '', 0, 0, 0, '', 'czs7o128', '', '', '', '', '', '', '', '', '', '', '', '', 'a9cd378fec773d57', 0, 0, 0),
(79, 2, 6, '', 0, '', 1364326538, 'Nutch/CVS [Bot]', 'nutch/cvs [bot]', '', 1364326538, 0, '', 0, '', 0, 1364326538, 0, '', '', 0, 0, 0, 0, 0, 0, 0, 'en', '0.00', 1, '|F jS, Y|, g:i a', 1, 0, '9E8DA7', 0, 0, 0, 0, -3, 0, 0, 't', 'd', 0, 't', 'a', 0, 1, 0, 1, 1, 1, 0, 230271, '', 0, 0, 0, '', '1a7xk4i1', '', '', '', '', '', '', '', '', '', '', '', '', '01f470e8acd78bed', 0, 0, 0),
(78, 2, 6, '', 0, '', 1364326538, 'Nutch [Bot]', 'nutch [bot]', '', 1364326538, 0, '', 0, '', 0, 1364326538, 0, '', '', 0, 0, 0, 0, 0, 0, 0, 'en', '0.00', 1, '|F jS, Y|, g:i a', 1, 0, '9E8DA7', 0, 0, 0, 0, -3, 0, 0, 't', 'd', 0, 't', 'a', 0, 1, 0, 1, 1, 1, 0, 230271, '', 0, 0, 0, '', '2np62xs6', '', '', '', '', '', '', '', '', '', '', '', '', 'bd42249753bb3705', 0, 0, 0),
(76, 2, 6, '', 0, '', 1364326538, 'MSNbot Media', 'msnbot media', '', 1364326538, 0, '', 0, '', 0, 1364326538, 0, '', '', 0, 0, 0, 0, 0, 0, 0, 'en', '0.00', 1, '|F jS, Y|, g:i a', 1, 0, '9E8DA7', 0, 0, 0, 0, -3, 0, 0, 't', 'd', 0, 't', 'a', 0, 1, 0, 1, 1, 1, 0, 230271, '', 0, 0, 0, '', '1hxum6og', '', '', '', '', '', '', '', '', '', '', '', '', '0611589a250f97dc', 0, 0, 0),
(77, 2, 6, '', 0, '', 1364326538, 'NG-Search [Bot]', 'ng-search [bot]', '', 1364326538, 0, '', 0, '', 0, 1364326538, 0, '', '', 0, 0, 0, 0, 0, 0, 0, 'en', '0.00', 1, '|F jS, Y|, g:i a', 1, 0, '9E8DA7', 0, 0, 0, 0, -3, 0, 0, 't', 'd', 0, 't', 'a', 0, 1, 0, 1, 1, 1, 0, 230271, '', 0, 0, 0, '', '1cdfq6ny', '', '', '', '', '', '', '', '', '', '', '', '', 'b56b1a2a3f912ef4', 0, 0, 0),
(75, 2, 6, '', 0, '', 1364326538, 'MSN [Bot]', 'msn [bot]', '', 1364326538, 0, '', 0, '', 0, 1364326538, 0, '', '', 0, 0, 0, 0, 0, 0, 0, 'en', '0.00', 1, '|F jS, Y|, g:i a', 1, 0, '9E8DA7', 0, 0, 0, 0, -3, 0, 0, 't', 'd', 0, 't', 'a', 0, 1, 0, 1, 1, 1, 0, 230271, '', 0, 0, 0, '', '368z3269', '', '', '', '', '', '', '', '', '', '', '', '', 'e2feef2e6d17af24', 0, 0, 0),
(74, 2, 6, '', 0, '', 1364326538, 'MSN NewsBlogs', 'msn newsblogs', '', 1364326538, 0, '', 0, '', 0, 1364326538, 0, '', '', 0, 0, 0, 0, 0, 0, 0, 'en', '0.00', 1, '|F jS, Y|, g:i a', 1, 0, '9E8DA7', 0, 0, 0, 0, -3, 0, 0, 't', 'd', 0, 't', 'a', 0, 1, 0, 1, 1, 1, 0, 230271, '', 0, 0, 0, '', '10gq88vl', '', '', '', '', '', '', '', '', '', '', '', '', 'b3210c054e9651cb', 0, 0, 0),
(73, 2, 6, '', 0, '', 1364326538, 'Metager [Bot]', 'metager [bot]', '', 1364326538, 0, '', 0, '', 0, 1364326538, 0, '', '', 0, 0, 0, 0, 0, 0, 0, 'en', '0.00', 1, '|F jS, Y|, g:i a', 1, 0, '9E8DA7', 0, 0, 0, 0, -3, 0, 0, 't', 'd', 0, 't', 'a', 0, 1, 0, 1, 1, 1, 0, 230271, '', 0, 0, 0, '', '10u6bagt', '', '', '', '', '', '', '', '', '', '', '', '', 'b8be75abd29a7e0b', 0, 0, 0),
(72, 2, 6, '', 0, '', 1364326538, 'Majestic-12 [Bot]', 'majestic-12 [bot]', '', 1364326538, 0, '', 0, '', 0, 1364326538, 0, '', '', 0, 0, 0, 0, 0, 0, 0, 'en', '0.00', 1, '|F jS, Y|, g:i a', 1, 0, '9E8DA7', 0, 0, 0, 0, -3, 0, 0, 't', 'd', 0, 't', 'a', 0, 1, 0, 1, 1, 1, 0, 230271, '', 0, 0, 0, '', '3cs37lsk', '', '', '', '', '', '', '', '', '', '', '', '', 'a6e038c6d2cd5108', 0, 0, 0),
(71, 2, 6, '', 0, '', 1364326538, 'ichiro [Crawler]', 'ichiro [crawler]', '', 1364326538, 0, '', 0, '', 0, 1364326538, 0, '', '', 0, 0, 0, 0, 0, 0, 0, 'en', '0.00', 1, '|F jS, Y|, g:i a', 1, 0, '9E8DA7', 0, 0, 0, 0, -3, 0, 0, 't', 'd', 0, 't', 'a', 0, 1, 0, 1, 1, 1, 0, 230271, '', 0, 0, 0, '', 'u8q8hlda', '', '', '', '', '', '', '', '', '', '', '', '', '2f6ca633266e815f', 0, 0, 0),
(70, 2, 6, '', 0, '', 1364326538, 'ICCrawler - ICjobs', 'iccrawler - icjobs', '', 1364326538, 0, '', 0, '', 0, 1364326538, 0, '', '', 0, 0, 0, 0, 0, 0, 0, 'en', '0.00', 1, '|F jS, Y|, g:i a', 1, 0, '9E8DA7', 0, 0, 0, 0, -3, 0, 0, 't', 'd', 0, 't', 'a', 0, 1, 0, 1, 1, 1, 0, 230271, '', 0, 0, 0, '', '1gzo3eia', '', '', '', '', '', '', '', '', '', '', '', '', 'b28655369da145b8', 0, 0, 0),
(69, 2, 6, '', 0, '', 1364326538, 'IBM Research [Bot]', 'ibm research [bot]', '', 1364326538, 0, '', 0, '', 0, 1364326538, 0, '', '', 0, 0, 0, 0, 0, 0, 0, 'en', '0.00', 1, '|F jS, Y|, g:i a', 1, 0, '9E8DA7', 0, 0, 0, 0, -3, 0, 0, 't', 'd', 0, 't', 'a', 0, 1, 0, 1, 1, 1, 0, 230271, '', 0, 0, 0, '', '2d8440ng', '', '', '', '', '', '', '', '', '', '', '', '', 'c8d725fd2d5e9fae', 0, 0, 0),
(68, 2, 6, '', 0, '', 1364326538, 'Heritrix [Crawler]', 'heritrix [crawler]', '', 1364326538, 0, '', 0, '', 0, 1364326538, 0, '', '', 0, 0, 0, 0, 0, 0, 0, 'en', '0.00', 1, '|F jS, Y|, g:i a', 1, 0, '9E8DA7', 0, 0, 0, 0, -3, 0, 0, 't', 'd', 0, 't', 'a', 0, 1, 0, 1, 1, 1, 0, 230271, '', 0, 0, 0, '', '14d7k4oo', '', '', '', '', '', '', '', '', '', '', '', '', 'd3857e6f4485eac2', 0, 0, 0),
(67, 2, 6, '', 0, '', 1364326538, 'Heise IT-Markt [Crawler]', 'heise it-markt [crawler]', '', 1364326538, 0, '', 0, '', 0, 1364326538, 0, '', '', 0, 0, 0, 0, 0, 0, 0, 'en', '0.00', 1, '|F jS, Y|, g:i a', 1, 0, '9E8DA7', 0, 0, 0, 0, -3, 0, 0, 't', 'd', 0, 't', 'a', 0, 1, 0, 1, 1, 1, 0, 230271, '', 0, 0, 0, '', '3b9nizrp', '', '', '', '', '', '', '', '', '', '', '', '', 'd9817690df575878', 0, 0, 0),
(66, 2, 6, '', 0, '', 1364326538, 'Google [Bot]', 'google [bot]', '', 1364326538, 0, '', 0, '', 0, 1364326538, 0, '', '', 0, 0, 0, 0, 0, 0, 0, 'en', '0.00', 1, '|F jS, Y|, g:i a', 1, 0, '9E8DA7', 0, 0, 0, 0, -3, 0, 0, 't', 'd', 0, 't', 'a', 0, 1, 0, 1, 1, 1, 0, 230271, '', 0, 0, 0, '', '315yz1pn', '', '', '', '', '', '', '', '', '', '', '', '', '59b57d512e98173b', 0, 0, 0),
(65, 2, 6, '', 0, '', 1364326538, 'Google Feedfetcher', 'google feedfetcher', '', 1364326538, 0, '', 0, '', 0, 1364326538, 0, '', '', 0, 0, 0, 0, 0, 0, 0, 'en', '0.00', 1, '|F jS, Y|, g:i a', 1, 0, '9E8DA7', 0, 0, 0, 0, -3, 0, 0, 't', 'd', 0, 't', 'a', 0, 1, 0, 1, 1, 1, 0, 230271, '', 0, 0, 0, '', 'b0khr7m5', '', '', '', '', '', '', '', '', '', '', '', '', '7125ac436f49498c', 0, 0, 0),
(64, 2, 6, '', 0, '', 1364326538, 'Google Desktop', 'google desktop', '', 1364326538, 0, '', 0, '', 0, 1364326538, 0, '', '', 0, 0, 0, 0, 0, 0, 0, 'en', '0.00', 1, '|F jS, Y|, g:i a', 1, 0, '9E8DA7', 0, 0, 0, 0, -3, 0, 0, 't', 'd', 0, 't', 'a', 0, 1, 0, 1, 1, 1, 0, 230271, '', 0, 0, 0, '', '2z0a1qrt', '', '', '', '', '', '', '', '', '', '', '', '', '4da4095da3c1da69', 0, 0, 0),
(63, 2, 6, '', 0, '', 1364326538, 'Google Adsense [Bot]', 'google adsense [bot]', '', 1364326538, 0, '', 0, '', 0, 1364326538, 0, '', '', 0, 0, 0, 0, 0, 0, 0, 'en', '0.00', 1, '|F jS, Y|, g:i a', 1, 0, '9E8DA7', 0, 0, 0, 0, -3, 0, 0, 't', 'd', 0, 't', 'a', 0, 1, 0, 1, 1, 1, 0, 230271, '', 0, 0, 0, '', '1f2qh6wc', '', '', '', '', '', '', '', '', '', '', '', '', '65178592c66b2202', 0, 0, 0),
(62, 2, 6, '', 0, '', 1364326538, 'Gigabot [Bot]', 'gigabot [bot]', '', 1364326538, 0, '', 0, '', 0, 1364326538, 0, '', '', 0, 0, 0, 0, 0, 0, 0, 'en', '0.00', 1, '|F jS, Y|, g:i a', 1, 0, '9E8DA7', 0, 0, 0, 0, -3, 0, 0, 't', 'd', 0, 't', 'a', 0, 1, 0, 1, 1, 1, 0, 230271, '', 0, 0, 0, '', '297coefw', '', '', '', '', '', '', '', '', '', '', '', '', '38a61d38a311d91b', 0, 0, 0),
(61, 2, 6, '', 0, '', 1364326538, 'Francis [Bot]', 'francis [bot]', '', 1364326538, 0, '', 0, '', 0, 1364326538, 0, '', '', 0, 0, 0, 0, 0, 0, 0, 'en', '0.00', 1, '|F jS, Y|, g:i a', 1, 0, '9E8DA7', 0, 0, 0, 0, -3, 0, 0, 't', 'd', 0, 't', 'a', 0, 1, 0, 1, 1, 1, 0, 230271, '', 0, 0, 0, '', 'nyfqjabi', '', '', '', '', '', '', '', '', '', '', '', '', '89d97595e509f007', 0, 0, 0),
(60, 2, 6, '', 0, '', 1364326538, 'FAST WebCrawler [Crawler]', 'fast webcrawler [crawler]', '', 1364326538, 0, '', 0, '', 0, 1364326538, 0, '', '', 0, 0, 0, 0, 0, 0, 0, 'en', '0.00', 1, '|F jS, Y|, g:i a', 1, 0, '9E8DA7', 0, 0, 0, 0, -3, 0, 0, 't', 'd', 0, 't', 'a', 0, 1, 0, 1, 1, 1, 0, 230271, '', 0, 0, 0, '', 'r53l3npz', '', '', '', '', '', '', '', '', '', '', '', '', '063846afc9ce920b', 0, 0, 0),
(59, 2, 6, '', 0, '', 1364326538, 'FAST Enterprise [Crawler]', 'fast enterprise [crawler]', '', 1364326538, 0, '', 0, '', 0, 1364326538, 0, '', '', 0, 0, 0, 0, 0, 0, 0, 'en', '0.00', 1, '|F jS, Y|, g:i a', 1, 0, '9E8DA7', 0, 0, 0, 0, -3, 0, 0, 't', 'd', 0, 't', 'a', 0, 1, 0, 1, 1, 1, 0, 230271, '', 0, 0, 0, '', '1039wtft', '', '', '', '', '', '', '', '', '', '', '', '', '3ecf3fdfb646be53', 0, 0, 0),
(58, 2, 6, '', 0, '', 1364326538, 'Exabot [Bot]', 'exabot [bot]', '', 1364326538, 0, '', 0, '', 0, 1364326538, 0, '', '', 0, 0, 0, 0, 0, 0, 0, 'en', '0.00', 1, '|F jS, Y|, g:i a', 1, 0, '9E8DA7', 0, 0, 0, 0, -3, 0, 0, 't', 'd', 0, 't', 'a', 0, 1, 0, 1, 1, 1, 0, 230271, '', 0, 0, 0, '', '1ovs9vl5', '', '', '', '', '', '', '', '', '', '', '', '', '80635842c8f7c62b', 0, 0, 0),
(57, 2, 6, '', 0, '', 1364326538, 'Baidu [Spider]', 'baidu [spider]', '', 1364326538, 0, '', 0, '', 0, 1364326538, 0, '', '', 0, 0, 0, 0, 0, 0, 0, 'en', '0.00', 1, '|F jS, Y|, g:i a', 1, 0, '9E8DA7', 0, 0, 0, 0, -3, 0, 0, 't', 'd', 0, 't', 'a', 0, 1, 0, 1, 1, 1, 0, 230271, '', 0, 0, 0, '', '3o8aa04q', '', '', '', '', '', '', '', '', '', '', '', '', '58a36fb914efb544', 0, 0, 0),
(56, 2, 6, '', 0, '', 1364326538, 'Ask Jeeves [Bot]', 'ask jeeves [bot]', '', 1364326538, 0, '', 0, '', 0, 1364326538, 0, '', '', 0, 0, 0, 0, 0, 0, 0, 'en', '0.00', 1, '|F jS, Y|, g:i a', 1, 0, '9E8DA7', 0, 0, 0, 0, -3, 0, 0, 't', 'd', 0, 't', 'a', 0, 1, 0, 1, 1, 1, 0, 230271, '', 0, 0, 0, '', '254gwgzz', '', '', '', '', '', '', '', '', '', '', '', '', '3671ae972c069e3e', 0, 0, 0),
(55, 2, 6, '', 0, '', 1364326538, 'Alta Vista [Bot]', 'alta vista [bot]', '', 1364326538, 0, '', 0, '', 0, 1364326538, 0, '', '', 0, 0, 0, 0, 0, 0, 0, 'en', '0.00', 1, '|F jS, Y|, g:i a', 1, 0, '9E8DA7', 0, 0, 0, 0, -3, 0, 0, 't', 'd', 0, 't', 'a', 0, 1, 0, 1, 1, 1, 0, 230271, '', 0, 0, 0, '', '1bwsdpiu', '', '', '', '', '', '', '', '', '', '', '', '', 'dc1d0eedfb8ae1ef', 0, 0, 0),
(54, 2, 6, '', 0, '', 1364326538, 'Alexa [Bot]', 'alexa [bot]', '', 1364326538, 0, '', 0, '', 0, 1364326538, 0, '', '', 0, 0, 0, 0, 0, 0, 0, 'en', '0.00', 1, '|F jS, Y|, g:i a', 1, 0, '9E8DA7', 0, 0, 0, 0, -3, 0, 0, 't', 'd', 0, 't', 'a', 0, 1, 0, 1, 1, 1, 0, 230271, '', 0, 0, 0, '', 'nyhuutaq', '', '', '', '', '', '', '', '', '', '', '', '', 'b930839f68c1c7e1', 0, 0, 0),
(53, 2, 6, '', 0, '', 1364326538, 'AdsBot [Google]', 'adsbot [google]', '', 1364326538, 0, '', 0, '', 0, 1364326538, 0, '', '', 0, 0, 0, 0, 0, 0, 0, 'en', '0.00', 1, '|F jS, Y|, g:i a', 1, 0, '9E8DA7', 0, 0, 0, 0, -3, 0, 0, 't', 'd', 0, 't', 'a', 0, 1, 0, 1, 1, 1, 0, 230271, '', 0, 0, 0, '', '2n86c066', '', '', '', '', '', '', '', '', '', '', '', '', '5d0b62393ba0b5af', 0, 0, 0),
(2, 3, 2, 'zik0zjzik0xpyyku68\n\n\n\n\n\n\n\n\n\n\n\n\n\n\n\n\n\n\n\n\n\n\n\n\n\n\n\n\n\n\n\n\n\n\n\n\n\n\n\n\n\n\n\n\n\n\n\n\n\n\n\n\n\n\n\n\n\n\n\n\n\n\n\n\n\n\n\n\n\n\n\n\n\n\n\n\n\n\n\n\n\n\n\n\n\n\n\n\n\n\n\n\n\n\n\n\n\n\n\n\n\n\n\n\n\n\n\n\n\n\n\n\n\n\n\n\n\n\n\n\n\n\n\n\n\n\n\n\n\n\n\n\n\n\n\n\n\n\n\n\n\n\n\n\n\n\n\n\n\n\n\n\n\n\n\n\n\n\n\n\n\n\n\n\n\n\n\n\n\n\n\n\n\n\n\n\n\n\n\n\n\n\n\n\n\n\n\n\n\n\n\n\n\n\n\n\n\n\n\n\n\n\n\n\n\n\n\n\n\n\n\n\n\n\n\n\n\n\n\n\n\n\n\n\n\n\n\n\n\n\n\n\n\n\n\n\n\n\n\n\n\n\n\n\n\n\n\n\n\n\n\n\n\n000000000000\n000000000000\nyd1gqm000000\nyd1dku000000\nydcm4e000000\nyd179a000000\ntaqv3o000000\nyd1dku000000\nyd1dku000000\nyd1dku000000\nyd1dku000000\nyd1dku000000\n\nyd1dku000000\nyd179a000000\nyd1dku000000\nyd1dku000000\nyd1dku000000\nyd1dku000000\n000000000000\n000000000000\n000000000000\n000000000000\nyd1dku000000\nyd1dku000000\nyd1dku000000\nyd1dku000000\nyd1dku000000\nyd1dku000000\nyd1dku000000\nyd1dku000000\n000000000000\ni1cjyo000000\nzik0zi000000\nzik0zi000000\nzik0zi000000\nzik0zi000000\n000000000000\nyd1gqm000000\nyd1dku000000\nyd1dku000000\nyd1dku000000\nyd1dku000000\nyd1dku000000\n\nyd1dku000000\nyd1dku000000\ni1cjyo000000\n000000000000\n000000000000\n000000000000\nzik0zi000000\n000000000000\n000000000000\n000000000000\n000000000000\n000000000000\n000000000000\n000000000000\n000000000000\nyd1dku000000\n000000000000\n000000000000\n000000000000\n000000000000\n\n000000000000\n000000000000\n\n000000000000\n000000000000\n000000000000\n000000000000\n000000000000\nzhxdku000000\n000000000000\ni1cjyo000000\n\n\n000000000000\n000000000000\n000000000000\n000000000000', 0, '127.0.0.1', 1364322918, 'admin', 'admin', '$H$9ta0cBtjgFnAdETIzz9Nko68td473D/', 1364322918, 0, 'boardirectory@hotmail.com', 73149852025, '', 1364326695, 1364322918, 0, '', '', 0, 0, 0, 0, 0, 0, 0, 'en', '0.00', 1, '|F jS, Y|, g:i a', 42, 0, '', 0, 0, 0, 0, -3, 0, 0, 't', 'd', 0, 't', 'a', 0, 1, 0, 1, 1, 1, 1, 230271, 'avatars/member.png', 3, 120, 120, '', '1xag31em', '', '', '', '', '', '', '', '', '', '', '', '', '59f2fc79e9feea7a', 0, 0, 0);

-- --------------------------------------------------------

--
-- Table structure for table `user_group`
--

CREATE TABLE IF NOT EXISTS `user_group` (
  `group_id` mediumint(8) unsigned NOT NULL DEFAULT '0',
  `user_id` mediumint(8) unsigned NOT NULL DEFAULT '0',
  `group_leader` tinyint(1) unsigned NOT NULL DEFAULT '0',
  `user_pending` tinyint(1) unsigned NOT NULL DEFAULT '1',
  KEY `group_id` (`group_id`),
  KEY `user_id` (`user_id`),
  KEY `group_leader` (`group_leader`)
) ENGINE=MyISAM DEFAULT CHARSET=utf8 COLLATE=utf8_bin;

--
-- Dumping data for table `user_group`
--

INSERT INTO `user_group` (`group_id`, `user_id`, `group_leader`, `user_pending`) VALUES
(1, 1, 0, 0),
(6, 103, 0, 0),
(5, 2, 1, 0),
(2, 2, 0, 0),
(6, 102, 0, 0),
(6, 101, 0, 0),
(6, 100, 0, 0),
(6, 99, 0, 0),
(6, 98, 0, 0),
(6, 97, 0, 0),
(6, 96, 0, 0),
(6, 95, 0, 0),
(6, 94, 0, 0),
(6, 93, 0, 0),
(6, 92, 0, 0),
(6, 91, 0, 0),
(6, 90, 0, 0),
(6, 89, 0, 0),
(6, 88, 0, 0),
(6, 87, 0, 0),
(6, 86, 0, 0),
(6, 85, 0, 0),
(6, 84, 0, 0),
(6, 83, 0, 0),
(6, 82, 0, 0),
(6, 81, 0, 0),
(6, 80, 0, 0),
(6, 79, 0, 0),
(6, 78, 0, 0),
(6, 77, 0, 0),
(6, 76, 0, 0),
(6, 75, 0, 0),
(6, 74, 0, 0),
(6, 73, 0, 0),
(6, 72, 0, 0),
(6, 71, 0, 0),
(6, 70, 0, 0),
(6, 69, 0, 0),
(6, 68, 0, 0),
(6, 67, 0, 0),
(6, 66, 0, 0),
(6, 65, 0, 0),
(6, 64, 0, 0),
(6, 63, 0, 0),
(6, 62, 0, 0),
(6, 61, 0, 0),
(6, 60, 0, 0),
(6, 59, 0, 0),
(6, 58, 0, 0),
(6, 57, 0, 0),
(6, 56, 0, 0),
(6, 55, 0, 0),
(6, 54, 0, 0),
(6, 53, 0, 0),
(2, 59, 0, 0),
(2, 56, 0, 0),
(2, 70, 0, 0),
(2, 57, 0, 0),
(2, 69, 0, 0),
(2, 147, 0, 0),
(2, 256, 0, 0),
(2, 60, 0, 0),
(2, 97, 0, 0),
(2, 61, 0, 0),
(2, 68, 0, 0),
(2, 96, 0, 0),
(2, 77, 0, 0),
(2, 382, 0, 0),
(2, 66, 0, 0),
(2, 64, 0, 0),
(2, 235, 0, 0),
(2, 65, 0, 0),
(2, 72, 0, 0),
(2, 67, 0, 0),
(2, 109, 0, 0),
(2, 104, 0, 0),
(2, 87, 0, 0),
(2, 73, 0, 0),
(2, 79, 0, 0),
(2, 74, 0, 0),
(2, 255, 0, 0),
(2, 75, 0, 0),
(2, 78, 0, 0),
(2, 254, 0, 0),
(2, 86, 0, 0),
(2, 80, 0, 0),
(2, 81, 0, 0),
(2, 82, 0, 0),
(2, 102, 0, 0),
(2, 83, 0, 0),
(2, 62, 0, 0),
(2, 84, 0, 0),
(2, 88, 0, 0),
(2, 85, 0, 0),
(2, 210, 0, 0),
(2, 209, 0, 0),
(2, 89, 0, 0),
(2, 90, 0, 0),
(2, 149, 0, 0),
(2, 91, 0, 0),
(2, 93, 0, 0),
(2, 234, 0, 0),
(2, 94, 0, 0),
(2, 95, 0, 0),
(2, 110, 0, 0),
(2, 243, 0, 0),
(2, 99, 0, 0),
(2, 208, 0, 0),
(2, 100, 0, 0),
(2, 253, 0, 0),
(2, 101, 0, 0),
(2, 252, 0, 0),
(2, 251, 0, 0),
(2, 249, 0, 0),
(2, 105, 0, 0),
(2, 247, 0, 0),
(2, 106, 0, 0),
(5, 385, 0, 0),
(2, 107, 0, 0),
(2, 108, 0, 0),
(2, 179, 0, 0),
(2, 246, 0, 0),
(2, 232, 0, 0),
(2, 111, 0, 0),
(2, 169, 0, 0),
(2, 112, 0, 0),
(2, 113, 0, 0),
(2, 245, 0, 0),
(2, 114, 0, 0),
(2, 115, 0, 0),
(2, 207, 0, 0),
(2, 116, 0, 0),
(2, 231, 0, 0),
(2, 117, 0, 0),
(2, 118, 0, 0),
(2, 230, 0, 0),
(2, 196, 0, 0),
(2, 119, 0, 0),
(2, 152, 0, 0),
(2, 399, 0, 0),
(2, 190, 0, 0),
(2, 279, 0, 0),
(2, 120, 0, 0),
(2, 121, 0, 0),
(2, 244, 0, 0),
(2, 122, 0, 0),
(2, 227, 0, 0),
(2, 123, 0, 0),
(2, 328, 0, 0),
(2, 226, 0, 0),
(2, 125, 0, 0),
(2, 126, 0, 0),
(2, 206, 0, 0),
(2, 127, 0, 0),
(2, 128, 0, 0),
(2, 259, 0, 0),
(2, 129, 0, 0),
(2, 242, 0, 0),
(2, 130, 0, 0),
(2, 225, 0, 0),
(2, 131, 0, 0),
(2, 241, 0, 0),
(2, 132, 0, 0),
(2, 205, 0, 0),
(2, 133, 0, 0),
(2, 139, 0, 0),
(2, 134, 0, 0),
(2, 197, 0, 0),
(2, 135, 0, 0),
(2, 240, 0, 0),
(2, 136, 0, 0),
(2, 140, 0, 0),
(2, 137, 0, 0),
(2, 277, 0, 0),
(2, 138, 0, 0),
(2, 224, 0, 0),
(2, 141, 0, 0),
(2, 223, 0, 0),
(2, 141, 0, 0),
(2, 142, 0, 0),
(2, 148, 0, 0),
(2, 143, 0, 0),
(2, 154, 0, 0),
(2, 144, 0, 0),
(2, 150, 0, 0),
(2, 145, 0, 0),
(2, 278, 0, 0),
(2, 146, 0, 0),
(2, 222, 0, 0),
(2, 327, 0, 0),
(2, 178, 0, 0),
(2, 151, 0, 0),
(2, 153, 0, 0),
(2, 345, 0, 0),
(2, 155, 0, 0),
(2, 218, 0, 0),
(2, 156, 0, 0),
(2, 216, 0, 0),
(2, 157, 0, 0),
(2, 215, 0, 0),
(2, 158, 0, 0),
(2, 58, 0, 0),
(2, 159, 0, 0),
(2, 239, 0, 0),
(2, 160, 0, 0),
(2, 214, 0, 0),
(2, 161, 0, 0),
(2, 162, 0, 0),
(2, 204, 0, 0),
(2, 163, 0, 0),
(2, 238, 0, 0),
(2, 164, 0, 0),
(2, 203, 0, 0),
(2, 165, 0, 0),
(2, 174, 0, 0),
(2, 166, 0, 0),
(2, 202, 0, 0),
(2, 167, 0, 0),
(2, 213, 0, 0),
(2, 168, 0, 0),
(2, 237, 0, 0),
(2, 236, 0, 0),
(2, 170, 0, 0),
(2, 173, 0, 0),
(2, 171, 0, 0),
(2, 201, 0, 0),
(2, 198, 0, 0),
(2, 172, 0, 0),
(2, 212, 0, 0),
(2, 211, 0, 0),
(2, 175, 0, 0),
(2, 192, 0, 0),
(2, 186, 0, 0),
(2, 176, 0, 0),
(2, 217, 0, 0),
(2, 177, 0, 0),
(2, 180, 0, 0),
(2, 219, 0, 0),
(6, 178, 0, 0),
(2, 404, 0, 0),
(2, 221, 0, 0),
(2, 195, 0, 0),
(2, 257, 0, 0),
(2, 250, 0, 0),
(2, 181, 0, 0),
(2, 182, 0, 0),
(2, 183, 0, 0),
(2, 184, 0, 0),
(2, 229, 0, 0),
(2, 187, 0, 0),
(2, 188, 0, 0),
(2, 189, 0, 0),
(2, 191, 0, 0),
(2, 268, 0, 0),
(2, 194, 0, 0),
(2, 220, 0, 0),
(2, 258, 0, 0),
(2, 260, 0, 0),
(2, 333, 0, 0),
(2, 262, 0, 0),
(2, 263, 0, 0),
(2, 264, 0, 0),
(2, 265, 0, 0),
(2, 266, 0, 0),
(2, 267, 0, 0),
(2, 269, 0, 0),
(2, 282, 0, 0),
(2, 270, 0, 0),
(2, 271, 0, 0),
(2, 272, 0, 0),
(2, 273, 0, 0),
(2, 274, 0, 0),
(2, 275, 0, 0),
(2, 276, 0, 0),
(2, 280, 0, 0),
(2, 281, 0, 0),
(2, 283, 0, 0),
(2, 284, 0, 0),
(2, 285, 0, 0),
(2, 286, 0, 0),
(2, 287, 0, 0),
(2, 288, 0, 0),
(2, 289, 0, 0),
(2, 290, 0, 0),
(2, 291, 0, 0),
(2, 292, 0, 0),
(2, 293, 0, 0),
(2, 294, 0, 0),
(2, 295, 0, 0),
(2, 296, 0, 0),
(2, 297, 0, 0),
(6, 298, 0, 0),
(2, 323, 0, 0),
(2, 322, 0, 0),
(2, 324, 0, 0),
(2, 403, 0, 0),
(2, 329, 0, 0),
(2, 330, 0, 0),
(2, 331, 0, 0),
(2, 348, 0, 0),
(2, 337, 0, 0),
(2, 351, 0, 0),
(2, 338, 0, 0),
(2, 339, 0, 0),
(2, 340, 0, 0),
(2, 341, 0, 0),
(2, 334, 0, 0),
(2, 343, 0, 0),
(2, 347, 0, 0),
(2, 355, 0, 0),
(2, 360, 0, 0),
(2, 350, 0, 0),
(2, 352, 0, 0),
(2, 353, 0, 0),
(2, 354, 0, 0),
(2, 362, 0, 0),
(2, 359, 0, 0),
(2, 356, 0, 0),
(2, 357, 0, 0),
(2, 361, 0, 0),
(2, 409, 0, 0),
(5, 364, 0, 0),
(2, 420, 0, 0),
(2, 63, 0, 0),
(2, 386, 0, 0),
(2, 387, 0, 0),
(2, 388, 0, 0),
(2, 389, 0, 0),
(2, 392, 0, 0),
(2, 393, 0, 0),
(2, 419, 0, 0),
(2, 396, 0, 0),
(2, 405, 0, 0),
(5, 233, 0, 0),
(2, 421, 0, 0),
(2, 422, 0, 0),
(2, 423, 0, 0),
(2, 104, 0, 0);

-- --------------------------------------------------------

--
-- Table structure for table `warnings`
--

CREATE TABLE IF NOT EXISTS `warnings` (
  `warning_id` mediumint(8) unsigned NOT NULL AUTO_INCREMENT,
  `user_id` mediumint(8) unsigned NOT NULL DEFAULT '0',
  `post_id` mediumint(8) unsigned NOT NULL DEFAULT '0',
  `log_id` mediumint(8) unsigned NOT NULL DEFAULT '0',
  `warning_time` int(11) unsigned NOT NULL DEFAULT '0',
  PRIMARY KEY (`warning_id`)
) ENGINE=MyISAM DEFAULT CHARSET=utf8 COLLATE=utf8_bin AUTO_INCREMENT=1 ;

-- --------------------------------------------------------

--
-- Table structure for table `words`
--

CREATE TABLE IF NOT EXISTS `words` (
  `word_id` mediumint(8) unsigned NOT NULL AUTO_INCREMENT,
  `word` varchar(255) COLLATE utf8_bin NOT NULL DEFAULT '',
  `replacement` varchar(255) COLLATE utf8_bin NOT NULL DEFAULT '',
  PRIMARY KEY (`word_id`)
) ENGINE=MyISAM  DEFAULT CHARSET=utf8 COLLATE=utf8_bin AUTO_INCREMENT=4 ;

-- --------------------------------------------------------

--
-- Table structure for table `zebra`
--

CREATE TABLE IF NOT EXISTS `zebra` (
  `user_id` mediumint(8) unsigned NOT NULL DEFAULT '0',
  `zebra_id` mediumint(8) unsigned NOT NULL DEFAULT '0',
  `friend` tinyint(1) unsigned NOT NULL DEFAULT '0',
  `foe` tinyint(1) unsigned NOT NULL DEFAULT '0',
  PRIMARY KEY (`user_id`,`zebra_id`)
) ENGINE=MyISAM DEFAULT CHARSET=utf8 COLLATE=utf8_bin;
